Model,Accuracy,AUC,F1,Precision,Recall,Train_Time_s
LightGBM,0.8773091349323879,0.9518346988008413,0.8624190156423295,0.8713489682199498,0.8536702421231973,117.53660845756531
XGBoost,0.8775631532865651,0.9515202328309826,0.8626047718974782,0.8721791601255887,0.8532383077772179,11.505595445632935
CatBoost,0.8703965929112665,0.9470477468345346,0.8539425759218429,0.8672002573110991,0.8410841552084083,27.684719800949097
RF,0.8558364770356599,0.9362467334941484,0.837498324662191,0.8506930693069307,0.8247066445900223,35.15334963798523
DT,0.8405575432641899,0.9145208182093537,0.8200884281140418,0.833905914745315,0.8067213783504907,5.584094285964966
LR,0.7920616561996693,0.8738611062747101,0.7627405032067094,0.7846702362524425,0.7420032155112423,31.891185998916626
