,DI,SPD,EOD,EOPP,TI,PP,Calibration
RACE,0.6529138181797333,0.17620307093142334,0.032118546029220485,0.9627950704741371,0.6908153701968135,0.9147777095222891,0.0757926085665439
SEX,0.7602475465072034,0.12474703212183963,0.03331611967345749,0.9618327015916288,0.763444272557227,0.9997695488262706,0.00020082966328094365
ETHNICITY,0.8281026233513556,0.07960898737983285,0.02193959999604822,0.9744587383214961,0.8579653042994069,0.9977695589496512,0.0019445247549246814
AGE_GROUP,0.5601198389202454,0.30002329586118054,0.09025822512098747,0.9016380450964214,0.5856711115950262,0.963195979855346,0.03291049250824085
