{
  "dataset": {
    "name": "Texas-100x PUDF",
    "n_records": 925128,
    "n_features": 7,
    "target": "LOS > 3 days",
    "prevalence": 0.4504533426725815,
    "n_hospitals": 441
  },
  "models": {
    "LGB-XGB Blend": {
      "accuracy": 0.8768713586198696,
      "auc": 0.9522380725195073,
      "f1": 0.8618904435122093,
      "precision": 0.8710574684474942,
      "recall": 0.8529143570177333
    },
    "LightGBM": {
      "accuracy": 0.8769145957865381,
      "auc": 0.952023516678022,
      "f1": 0.8618836800291103,
      "precision": 0.8714068478367507,
      "recall": 0.8525664099056943
    },
    "XGBoost": {
      "accuracy": 0.874871639661453,
      "auc": 0.951027097343045,
      "f1": 0.8596372102046755,
      "precision": 0.8688448246280546,
      "recall": 0.850622705348787
    },
    "Stacking Ensemble": {
      "accuracy": 0.8709694853696237,
      "auc": 0.9482073475028492,
      "f1": 0.8551071190143836,
      "precision": 0.8651994497936726,
      "recall": 0.8452475223765987
    },
    "GradientBoosting": {
      "accuracy": 0.8655270070152303,
      "auc": 0.9436676459363857,
      "f1": 0.8484519944694511,
      "precision": 0.8616406665594497,
      "recall": 0.8356609795311113
    },
    "HistGradientBoosting": {
      "accuracy": 0.8614735226400614,
      "auc": 0.94124037475572,
      "f1": 0.8438895148765112,
      "precision": 0.8569749749502097,
      "recall": 0.8311976579559907
    },
    "Random Forest": {
      "accuracy": 0.8579226703274134,
      "auc": 0.9380720708737087,
      "f1": 0.8400642468637066,
      "precision": 0.8521229326092323,
      "recall": 0.8283420920020157
    },
    "CatBoost": {
      "accuracy": 0.8537773069730741,
      "auc": 0.9345593111271161,
      "f1": 0.8345512918513989,
      "precision": 0.8510333129622469,
      "recall": 0.8186955582751422
    },
    "DNN (PyTorch)": {
      "accuracy": 0.8355096040556462,
      "auc": 0.918472669730912,
      "f1": 0.8152801296407567,
      "precision": 0.8249382807030473,
      "recall": 0.8058455114822547
    },
    "DecisionTree": {
      "accuracy": 0.8406548268891939,
      "auc": 0.9171477773104688,
      "f1": 0.8198972516966909,
      "precision": 0.8351564930620372,
      "recall": 0.8051856117870084
    },
    "AdaBoost": {
      "accuracy": 0.8230194675342924,
      "auc": 0.9066454072859761,
      "f1": 0.7985357450473729,
      "precision": 0.8194686466146425,
      "recall": 0.778645645861829
    },
    "Logistic Regression": {
      "accuracy": 0.8021251067417552,
      "auc": 0.8801094051957447,
      "f1": 0.7776482163028824,
      "precision": 0.7873745572609209,
      "recall": 0.7681592397955511
    }
  },
  "fairness": {
    "Logistic Regression": {
      "RACE": {
        "DI": 0.5480604289350598,
        "SPD": 0.22584295131927024,
        "EOPP": 0.16856282875700346,
        "EOD": 0.16856282875700346,
        "TI": 0.006762153985568481,
        "PP": 0.06595286517526022,
        "CAL": 0.2186275872784141
      },
      "SEX": {
        "DI": 0.6837280960810765,
        "SPD": 0.17379969170743959,
        "EOPP": 0.08670599419126179,
        "EOD": 0.13110025164054925,
        "TI": 0.009707241377067327,
        "PP": 0.0257491827858215,
        "CAL": 0.09141516141058292
      },
      "ETHNICITY": {
        "DI": 0.7580355382655162,
        "SPD": 0.11388099030052856,
        "EOPP": 0.06820874197708071,
        "EOD": 0.07371615285504639,
        "TI": 0.0003434444171413059,
        "PP": 0.01671885943218865,
        "CAL": 0.07793303851107738
      },
      "AGE_GROUP": {
        "DI": 0.4647056727508575,
        "SPD": 0.3389202719482671,
        "EOPP": 0.17856498060521342,
        "EOD": 0.19935699529120818,
        "TI": 0.011797287305848017,
        "PP": 0.05539543192836793,
        "CAL": 0.08064369199555094
      }
    },
    "Random Forest": {
      "RACE": {
        "DI": 0.6089458489388264,
        "SPD": 0.19572124343081576,
        "EOPP": 0.09619830008179531,
        "EOD": 0.09619830008179531,
        "TI": 0.005881057013754937,
        "PP": 0.06445769050958383,
        "CAL": 0.160220961188053
      },
      "SEX": {
        "DI": 0.7500956124574902,
        "SPD": 0.13000346442273014,
        "EOPP": 0.044315614181789975,
        "EOD": 0.06130977186772221,
        "TI": 0.0037145476537538136,
        "PP": 0.000992219348355139,
        "CAL": 0.04243726346473453
      },
      "ETHNICITY": {
        "DI": 0.8218654217515757,
        "SPD": 0.08200300252700776,
        "EOPP": 0.031576949693478906,
        "EOD": 0.031576949693478906,
        "TI": 0.0008633595628275842,
        "PP": 0.006211080661518542,
        "CAL": 0.04366734191408517
      },
      "AGE_GROUP": {
        "DI": 0.5062328330872596,
        "SPD": 0.30120619213586564,
        "EOPP": 0.11387867812582719,
        "EOD": 0.11670561843648812,
        "TI": 0.0038944186675089476,
        "PP": 0.049062084711135046,
        "CAL": 0.039108815813366116
      }
    },
    "HistGradientBoosting": {
      "RACE": {
        "DI": 0.6435084842331673,
        "SPD": 0.178176494387844,
        "EOPP": 0.0744013268285113,
        "EOD": 0.0744013268285113,
        "TI": 0.007352183109838414,
        "PP": 0.0943297079034171,
        "CAL": 0.21727731300467984
      },
      "SEX": {
        "DI": 0.7503652719599204,
        "SPD": 0.12954678560634436,
        "EOPP": 0.0425138327250405,
        "EOD": 0.060603765719080466,
        "TI": 0.0039263567845061464,
        "PP": 0.0006945061320005053,
        "CAL": 0.03858809889340159
      },
      "ETHNICITY": {
        "DI": 0.829074943074491,
        "SPD": 0.07834573996357846,
        "EOPP": 0.02613139451898705,
        "EOD": 0.027908938729211755,
        "TI": 0.0012140651542913716,
        "PP": 0.007891574108628174,
        "CAL": 0.029353538469436335
      },
      "AGE_GROUP": {
        "DI": 0.5066480482865818,
        "SPD": 0.3001813415209166,
        "EOPP": 0.10958181856691629,
        "EOD": 0.11459892561793707,
        "TI": 0.003817470326978066,
        "PP": 0.04513310454871988,
        "CAL": 0.03574073294320124
      }
    },
    "XGBoost": {
      "RACE": {
        "DI": 0.6446939684418785,
        "SPD": 0.18112768510024352,
        "EOPP": 0.03228365789250787,
        "EOD": 0.03469494671522187,
        "TI": 0.005551440386482122,
        "PP": 0.06531761905692623,
        "CAL": 0.09904686168388088
      },
      "SEX": {
        "DI": 0.7599953341629909,
        "SPD": 0.1248145939514913,
        "EOPP": 0.03540138671666937,
        "EOD": 0.05206109158691831,
        "TI": 0.0050540960847698865,
        "PP": 0.002150712926433207,
        "CAL": 0.031089849175109874
      },
      "ETHNICITY": {
        "DI": 0.8335709176384807,
        "SPD": 0.07690185060887161,
        "EOPP": 0.017198579808611947,
        "EOD": 0.0283877934395408,
        "TI": 0.002962543118569423,
        "PP": 0.0028360353065581823,
        "CAL": 0.040245135112967456
      },
      "AGE_GROUP": {
        "DI": 0.5271008138851299,
        "SPD": 0.2857864670805181,
        "EOPP": 0.08506620048841773,
        "EOD": 0.0914991705804746,
        "TI": 0.005413500047008794,
        "PP": 0.051845096979806105,
        "CAL": 0.03364733319071678
      }
    },
    "LightGBM": {
      "RACE": {
        "DI": 0.6606650293378517,
        "SPD": 0.17313247909479762,
        "EOPP": 0.03974978762397241,
        "EOD": 0.03974978762397241,
        "TI": 0.0047348492722637525,
        "PP": 0.092463188626555,
        "CAL": 0.10154220790136959
      },
      "SEX": {
        "DI": 0.7589574817751763,
        "SPD": 0.1253685394996869,
        "EOPP": 0.03537632633742638,
        "EOD": 0.05229880121258337,
        "TI": 0.004850766222823537,
        "PP": 0.0008582916432036125,
        "CAL": 0.03144278464643868
      },
      "ETHNICITY": {
        "DI": 0.8305916500676211,
        "SPD": 0.07829361128975576,
        "EOPP": 0.020482751223285023,
        "EOD": 0.02793120135360591,