{
  "dataset": {
    "name": "Texas-100x PUDF",
    "n_records": 925128,
    "n_features": 8,
    "target": "LOS > 3 days",
    "prevalence": 0.4504533426725815,
    "n_hospitals": 441
  },
  "models": {
    "LGB-XGB Blend": {
      "accuracy": 0.8776766508490699,
      "auc": 0.9527139845829193,
      "f1": 0.862706322679268,
      "precision": 0.8724495429728237,
      "recall": 0.8531783168958318
    },
    "LightGBM": {
      "accuracy": 0.8773902046198913,
      "auc": 0.9525877805951939,
      "f1": 0.8623689574839837,
      "precision": 0.8722111773801635,
      "recall": 0.8527463825498525
    },
    "XGBoost": {
      "accuracy": 0.87583907126566,
      "auc": 0.9514422632700821,
      "f1": 0.860800911310797,
      "precision": 0.8695205102153236,
      "recall": 0.852254457322487
    },
    "Stacking Ensemble": {
      "accuracy": 0.871504545307146,
      "auc": 0.9483358391444249,
      "f1": 0.8558033466966685,
      "precision": 0.8653183373603326,
      "recall": 0.8464953327094281
    },
    "GradientBoosting": {
      "accuracy": 0.8662674434944279,
      "auc": 0.9440019570998458,
      "f1": 0.8491973525432406,
      "precision": 0.8629236028537456,
      "recall": 0.8359009430566554
    },
    "HistGradientBoosting": {
      "accuracy": 0.8620626290359192,
      "auc": 0.9414919214537455,
      "f1": 0.8445978859174826,
      "precision": 0.857441337190614,
      "recall": 0.8321335157056128
    },
    "Random Forest": {
      "accuracy": 0.856593127452358,
      "auc": 0.9369992898372916,
      "f1": 0.8383728863115832,
      "precision": 0.8514637103758878,
      "recall": 0.8256784968684759
    },
    "CatBoost": {
      "accuracy": 0.8538799952439117,
      "auc": 0.9350095825757065,
      "f1": 0.834735194875055,
      "precision": 0.8508586097749421,
      "recall": 0.819211479855062
    },
    "DNN (PyTorch)": {
      "accuracy": 0.8379525039724147,
      "auc": 0.9211197079003867,
      "f1": 0.8188393099906347,
      "precision": 0.8247544395623121,
      "recall": 0.8130084227197466
    },
    "DecisionTree": {
      "accuracy": 0.839552279139148,
      "auc": 0.916242846783591,
      "f1": 0.8185513198990287,
      "precision": 0.8342615087522581,
      "recall": 0.8034218798742591
    },
    "AdaBoost": {
      "accuracy": 0.8230302768259596,
      "auc": 0.9066803021786479,
      "f1": 0.7985306966270013,
      "precision": 0.8195377620611265,
      "recall": 0.7785736568041658
    },
    "Logistic Regression": {
      "accuracy": 0.8020278231167511,
      "auc": 0.8800758123081579,
      "f1": 0.7774821402536813,
      "precision": 0.7874123292727944,
      "recall": 0.7677992945072349
    }
  },
  "fairness": {
    "Logistic Regression": {
      "RACE": {
        "DI": 0.5504904937727857,
        "SPD": 0.22478386516659887,
        "EOPP": 0.1693096547465479,
        "EOD": 0.1693096547465479,
        "TI": 0.006629933152151393,
        "PP": 0.06972818483290388,
        "CAL": 0.21874659723855686
      },
      "SEX": {
        "DI": 0.6838548444643825,
        "SPD": 0.1736228770412399,
        "EOPP": 0.08678892950084782,
        "EOD": 0.13073222121670083,
        "TI": 0.009588906396446037,
        "PP": 0.025480292345473776,
        "CAL": 0.09205256422857272
      },
      "ETHNICITY": {
        "DI": 0.7599969334403212,
        "SPD": 0.1128345964047841,
        "EOPP": 0.06740693225393513,
        "EOD": 0.07251680603727571,
        "TI": 0.00023613815171993902,
        "PP": 0.015499525682472148,
        "CAL": 0.0778603048813373
      },
      "AGE_GROUP": {
        "DI": 0.46837357444998684,
        "SPD": 0.33541116324934234,
        "EOPP": 0.17474558960728948,
        "EOD": 0.19573377485958027,
        "TI": 0.011672781547181196,
        "PP": 0.05753116888326815,
        "CAL": 0.08196770461079839
      }
    },
    "Random Forest": {
      "RACE": {
        "DI": 0.6327925958812882,
        "SPD": 0.18256522854915447,
        "EOPP": 0.08305933548652,
        "EOD": 0.08305933548652,
        "TI": 0.005580594687957199,
        "PP": 0.08247394702561883,
        "CAL": 0.10507279403436431
      },
      "SEX": {
        "DI": 0.749218067248665,
        "SPD": 0.13022712924252855,
        "EOPP": 0.04617804168552542,
        "EOD": 0.060646293406846546,
        "TI": 0.003074822118997171,
        "PP": 0.002046700537876478,
        "CAL": 0.04243136725207042
      },
      "ETHNICITY": {
        "DI": 0.8171910576794189,
        "SPD": 0.08406228754737927,
        "EOPP": 0.035772818304605325,
        "EOD": 0.035772818304605325,
        "TI": 0.000792913864775785,
        "PP": 0.005878962280276068,
        "CAL": 0.041452455829548596
      },
      "AGE_GROUP": {
        "DI": 0.48159805387009624,
        "SPD": 0.32177168520882204,
        "EOPP": 0.1367983016946922,
        "EOD": 0.13991217461505762,
        "TI": 0.004201783594751186,
        "PP": 0.031437348754411176,
        "CAL": 0.04493318445630767
      }
    },
    "HistGradientBoosting": {
      "RACE": {
        "DI": 0.6424391182111624,
        "SPD": 0.1774450488010405,
        "EOPP": 0.0729076748494224,
        "EOD": 0.0729076748494224,
        "TI": 0.005195890918543784,
        "PP": 0.09116190864569074,
        "CAL": 0.12015777471585978
      },
      "SEX": {
        "DI": 0.7515160996425142,
        "SPD": 0.12891294799617137,
        "EOPP": 0.04354690713291465,
        "EOD": 0.058163188290282164,
        "TI": 0.0033053121037578126,
        "PP": 0.001627109684215533,
        "CAL": 0.033557982329286085
      },
      "ETHNICITY": {
        "DI": 0.8266932019113457,
        "SPD": 0.07953805801287978,
        "EOPP": 0.028216099799165284,
        "EOD": 0.028316949521899087,
        "TI": 0.0015092603425914466,
        "PP": 0.007585031136375764,
        "CAL": 0.029197212576363096
      },
      "AGE_GROUP": {
        "DI": 0.48392695943229874,
        "SPD": 0.3199746578840202,
        "EOPP": 0.13003402865628277,
        "EOD": 0.13613371344901515,
        "TI": 0.004732744768210687,
        "PP": 0.027496199532336063,
        "CAL": 0.034377660550973466
      }
    },
    "XGBoost": {
      "RACE": {
        "DI": 0.6490983425129728,
        "SPD": 0.1784279098581546,
        "EOPP": 0.04028121909736704,
        "EOD": 0.04028121909736704,
        "TI": 0.005425412289892545,
        "PP": 0.07889702069847648,
        "CAL": 0.1744153077403704
      },
      "SEX": {
        "DI": 0.763119071801028,
        "SPD": 0.12304346623395823,
        "EOPP": 0.03390124997728117,
        "EOD": 0.04956850873943318,
        "TI": 0.005007639449063982,
        "PP": 0.0041294705615266825,
        "CAL": 0.022195454119766644
      },
      "ETHNICITY": {
        "DI": 0.8316517964358102,
        "SPD": 0.07792018755685914,
        "EOPP": 0.017783780706793095,
        "EOD": 0.029470661461813277,
        "TI": 0.002782199714429459,
        "PP": 0.0014053415083032927,
        "CAL": 0.031891003849710886
      },
      "AGE_GROUP": {
        "DI": 0.5054495728643453,
        "SPD": 0.3043723103542235,
        "EOPP": 0.10534719765805989,
        "EOD": 0.11019717844473732,
        "TI": 0.005146158884035364,
        "PP": 0.03649820672333215,
        "CAL": 0.015963175198593083
      }
    },
    "LightGBM": {
      "RACE": {
        "DI": 0.6666449194505502,
        "SPD": 0.16855582005589603,
        "EOPP": 0.05022485605009874,
        "EOD": 0.05022485605009874,
        "TI": 0.005095746547846176,
        "PP": 0.10813622520137767,
        "CAL": 0.22671626430948227
      },
      "SEX": {
        "DI": 0.7616909917075383,
        "SPD": 0.12360613735346848,
        "EOPP": 0.03506446954206677,
        "EOD": 0.04897643516409485,
        "TI": 0.004574909178956935,
        "PP": 0.0036711610735867817,
        "CAL": 0.031179050409449127
      },
      "ETHNICITY": {
        "DI": 0.8291800946898273,
        "SPD": 0.07892181718410107,
        "EOPP": 0.020589580778207384,
        "EOD": 0.02882700840248549,