{
  "dataset": {
    "name": "Texas-100x PUDF",
    "n_records": 925128,
    "n_features": 8,
    "target": "LOS > 3 days",
    "prevalence": 0.4504533426725815,
    "n_hospitals": 441
  },
  "models": {
    "LGB-XGB Blend": {
      "accuracy": 0.8776009858074001,
      "auc": 0.9527093833153568,
      "f1": 0.8626630523768807,
      "precision": 0.872135368769542,
      "recall": 0.8533942840688216
    },
    "LightGBM": {
      "accuracy": 0.8774496557240604,
      "auc": 0.9525790199087221,
      "f1": 0.8624932535278743,
      "precision": 0.8719637054748329,
      "recall": 0.8532263096009407
    },
    "XGBoost": {
      "accuracy": 0.87583907126566,
      "auc": 0.9514422632700821,
      "f1": 0.860800911310797,
      "precision": 0.8695205102153236,
      "recall": 0.852254457322487
    },
    "Stacking Ensemble": {
      "accuracy": 0.871504545307146,
      "auc": 0.9483358391444249,
      "f1": 0.8558033466966685,
      "precision": 0.8653183373603326,
      "recall": 0.8464953327094281
    },
    "GradientBoosting": {
      "accuracy": 0.8662674434944279,
      "auc": 0.9440019570998458,
      "f1": 0.8491973525432406,
      "precision": 0.8629236028537456,
      "recall": 0.8359009430566554
    },
    "HistGradientBoosting": {
      "accuracy": 0.8620626290359192,
      "auc": 0.9414919214537455,
      "f1": 0.8445978859174826,
      "precision": 0.857441337190614,
      "recall": 0.8321335157056128
    },
    "Random Forest": {
      "accuracy": 0.856593127452358,
      "auc": 0.9369992898372919,
      "f1": 0.8383728863115832,
      "precision": 0.8514637103758878,
      "recall": 0.8256784968684759
    },
    "CatBoost": {
      "accuracy": 0.8538799952439117,
      "auc": 0.9350096533753305,
      "f1": 0.834735194875055,
      "precision": 0.8508586097749421,
      "recall": 0.819211479855062
    },
    "DNN (PyTorch)": {
      "accuracy": 0.8380768108265866,
      "auc": 0.9212621743847413,
      "f1": 0.816901752756252,
      "precision": 0.8324904710894099,
      "recall": 0.8018861133107767
    },
    "DecisionTree": {
      "accuracy": 0.839552279139148,
      "auc": 0.916242846783591,
      "f1": 0.8185513198990287,
      "precision": 0.8342615087522581,
      "recall": 0.8034218798742591
    },
    "AdaBoost": {
      "accuracy": 0.8230302768259596,
      "auc": 0.9066803021786479,
      "f1": 0.7985306966270013,
      "precision": 0.8195377620611265,
      "recall": 0.7785736568041658
    },
    "Logistic Regression": {
      "accuracy": 0.8020278231167511,
      "auc": 0.8800758123081579,
      "f1": 0.7774821402536813,
      "precision": 0.7874123292727944,
      "recall": 0.7677992945072349
    }
  },
  "fairness": {
    "Logistic Regression": {
      "RACE": {
        "DI": 0.5504904937727857,
        "SPD": 0.22478386516659887,
        "EOPP": 0.1693096547465479,
        "EOD": 0.1693096547465479,
        "TI": 0.006629933152151393,
        "PP": 0.06972818483290388,
        "CAL": 0.21874659723855686
      },
      "SEX": {
        "DI": 0.6838548444643825,
        "SPD": 0.1736228770412399,
        "EOPP": 0.08678892950084782,
        "EOD": 0.13073222121670083,
        "TI": 0.009588906396446037,
        "PP": 0.025480292345473776,
        "CAL": 0.09205256422857272
      },
      "ETHNICITY": {
        "DI": 0.7599969334403212,
        "SPD": 0.1128345964047841,
        "EOPP": 0.06740693225393513,
        "EOD": 0.07251680603727571,
        "TI": 0.00023613815171993902,
        "PP": 0.015499525682472148,
        "CAL": 0.0778603048813373
      },
      "AGE_GROUP": {
        "DI": 0.1927224854264777,
        "SPD": 0.50932360999175,
        "EOPP": 0.4005082855753817,
        "EOD": 0.4005082855753817,
        "TI": 0.016241533117211424,
        "PP": 0.06046441897880539,
        "CAL": 0.16870060026199785
      }
    },
    "Random Forest": {
      "RACE": {
        "DI": 0.6327925958812882,
        "SPD": 0.18256522854915447,
        "EOPP": 0.08305933548652,
        "EOD": 0.08305933548652,
        "TI": 0.0055805946879571924,
        "PP": 0.08247394702561883,
        "CAL": 0.10507279403436443
      },
      "SEX": {
        "DI": 0.749218067248665,
        "SPD": 0.13022712924252855,
        "EOPP": 0.04617804168552542,
        "EOD": 0.060646293406846546,
        "TI": 0.0030748221189970254,
        "PP": 0.002046700537876478,
        "CAL": 0.04243136725207042
      },
      "ETHNICITY": {
        "DI": 0.8171910576794189,
        "SPD": 0.08406228754737927,
        "EOPP": 0.035772818304605325,
        "EOD": 0.035772818304605325,
        "TI": 0.000792913864775785,
        "PP": 0.005878962280276068,
        "CAL": 0.041452455829548596
      },
      "AGE_GROUP": {
        "DI": 0.2578756276625752,
        "SPD": 0.4606360213426246,
        "EOPP": 0.25730294174523916,
        "EOD": 0.25730294174523916,
        "TI": 0.012446230717664902,
        "PP": 0.07415411244344117,
        "CAL": 0.08312293834152251
      }
    },
    "HistGradientBoosting": {
      "RACE": {
        "DI": 0.6424391182111624,
        "SPD": 0.1774450488010405,
        "EOPP": 0.0729076748494224,
        "EOD": 0.0729076748494224,
        "TI": 0.005195890918543784,
        "PP": 0.09116190864569074,
        "CAL": 0.12015777471585978
      },
      "SEX": {
        "DI": 0.7515160996425142,
        "SPD": 0.12891294799617137,
        "EOPP": 0.04354690713291465,
        "EOD": 0.058163188290282164,
        "TI": 0.0033053121037578126,
        "PP": 0.001627109684215533,
        "CAL": 0.033557982329286085
      },
      "ETHNICITY": {
        "DI": 0.8266932019113457,
        "SPD": 0.07953805801287978,
        "EOPP": 0.028216099799165284,
        "EOD": 0.028316949521899087,
        "TI": 0.0015092603425914466,
        "PP": 0.007585031136375764,
        "CAL": 0.029197212576363096
      },
      "AGE_GROUP": {
        "DI": 0.26306259833270085,
        "SPD": 0.45691457302447314,
        "EOPP": 0.2428116122759172,
        "EOD": 0.2428116122759172,
        "TI": 0.01213812555729088,
        "PP": 0.06776773757725085,
        "CAL": 0.0694935306132275
      }
    },
    "XGBoost": {
      "RACE": {
        "DI": 0.6490983425129728,
        "SPD": 0.1784279098581546,
        "EOPP": 0.04028121909736704,
        "EOD": 0.04028121909736704,
        "TI": 0.005425412289892545,
        "PP": 0.07889702069847648,
        "CAL": 0.1744153077403704
      },
      "SEX": {
        "DI": 0.763119071801028,
        "SPD": 0.12304346623395823,
        "EOPP": 0.03390124997728117,
        "EOD": 0.04956850873943318,
        "TI": 0.005007639449063982,
        "PP": 0.0041294705615266825,
        "CAL": 0.022195454119766644
      },
      "ETHNICITY": {
        "DI": 0.8316517964358102,
        "SPD": 0.07792018755685914,
        "EOPP": 0.017783780706793095,
        "EOD": 0.029470661461813277,
        "TI": 0.002782199714429459,
        "PP": 0.0014053415083032927,
        "CAL": 0.031891003849710886
      },
      "AGE_GROUP": {
        "DI": 0.292592976597641,
        "SPD": 0.43537544052048627,
        "EOPP": 0.1851346241083225,
        "EOD": 0.1851346241083225,
        "TI": 0.014359952988656624,
        "PP": 0.07340538342430825,
        "CAL": 0.041080584040785295
      }
    },
    "LightGBM": {
      "RACE": {
        "DI": 0.6693083024047994,
        "SPD": 0.1672376777312113,
        "EOPP": 0.060376516687196236,
        "EOD": 0.060376516687196236,
        "TI": 0.005438976559411252,
        "PP": 0.1199599834634213,
        "CAL": 0.3079708785670553
      },
      "SEX": {
        "DI": 0.7619118501474916,
        "SPD": 0.1235757956391853,
        "EOPP": 0.034970276349925666,
        "EOD": 0.04896291343555269,
        "TI": 0.004521322274151182,
        "PP": 0.0038072519485436995,
        "CAL": 0.026735600578711827
      },
      "ETHNICITY": {
        "DI": 0.8286514061474102,
        "SPD": 0.07924515361908024,
        "EOPP": 0.020373442402225383,
        "EOD": 0.029515430939590817,