N,Rep,DI_RACE,SPD_RACE,EOPP_RACE,EOD_RACE,TI_RACE,PP_RACE,CAL_RACE,DI_SEX,SPD_SEX,EOPP_SEX,EOD_SEX,TI_SEX,PP_SEX,CAL_SEX,DI_ETHNICITY,SPD_ETHNICITY,EOPP_ETHNICITY,EOD_ETHNICITY,TI_ETHNICITY,PP_ETHNICITY,CAL_ETHNICITY,DI_AGE_GROUP,SPD_AGE_GROUP,EOPP_AGE_GROUP,EOD_AGE_GROUP,TI_AGE_GROUP,PP_AGE_GROUP,CAL_AGE_GROUP
1000,0,0.641025641025641,0.1866666666666667,0.16666666666666663,0.1694915254237288,0.04800350141538043,0.15714285714285714,0.6021999594053589,0.7128066940859453,0.1495965131084352,0.06519640114110159,0.06519640114110159,0.01348793723168356,0.03590527119938891,0.16866906974064677,0.7822342927168549,0.09849154395793702,0.0010271903323263443,0.03934624697336561,0.005324793291270127,0.005991387380640312,0.2621350773974299,0.26037075447238783,0.477527619685303,0.2658730158730159,0.2658730158730159,0.04724967218113097,0.17948717948717952,0.6177233282160692
1000,1,0.5333333333333333,0.35,0.16666666666666663,0.21428571428571427,0.012087064103339859,0.375,0.5868221781042859,0.7060966257668713,0.16215358578379518,0.06749671019333936,0.07285475260935384,0.0006596325794222188,0.008161089238845176,0.22313926840538756,0.9619443556124081,0.017165524702488277,0.0095643939393939,0.014468966616205878,0.008245879989890466,0.011743317610062864,0.23690241625037045,0.28964108745145306,0.4410285191652116,0.2109158186864014,0.2109158186864014,0.025677198147543212,0.11315473810475807,0.7769191949402415
1000,2,0.0,0.47692307692307695,0.25526315789473686,0.25526315789473686,0.01619565399095122,0.13970588235294112,0.5027958307528293,0.8043702747556702,0.09187031296004439,0.0159567650702781,0.05033333333333333,0.0028968113092002826,0.019111545032950872,0.1547291060125835,0.7619080707361985,0.10455199629778422,0.0199184624344787,0.07937522835221045,0.01664714063121301,0.07352024922118383,0.2997112234985153,0.26464117338920906,0.43492719198595475,0.28260869565217384,0.28260869565217384,0.04944992041369754,0.19444444444444442,0.8303361322678496
1000,3,0.4678362573099415,0.25277777777777777,0.25,0.25,0.018167837862278824,0.24242424242424243,0.5103357279760659,0.7444985749320607,0.13417393271724187,0.049750957854406086,0.049750957854406086,0.009126760103313994,0.07296346528778508,0.2756019875260207,0.7793310551931242,0.10349684312773189,0.023990710085487033,0.06011976427349344,0.006523148103724563,0.04507337526205457,0.32790804465086776,0.2301097046413502,0.47998148089691384,0.2509259259259259,0.2509259259259259,0.03133238934734618,0.1768968456947997,0.4538508986425225
1000,4,0.0,0.5,0.07070707070707061,0.18181818181818182,0.019597147892956072,0.11525423728813555,0.8622354266192462,0.8166597205863699,0.08761842082474586,0.04687642498860012,0.04687642498860012,0.006920346640805375,0.002321424426027785,0.253136383242469,0.830536912751678,0.07531692766592091,0.06129216695254436,0.06129216695254436,0.0077749800261007335,0.07768065268065272,0.23506328375238694,0.30808823529411766,0.4210918854415274,0.23161764705882348,0.23161764705882348,0.03939083044621226,0.11639549436795993,0.5221679415282866
1000,5,0.0,0.5,0.08708708708708712,0.14285714285714285,0.0705102571807522,0.07592752372735123,0.8185176488951253,0.7357185097575399,0.13319226298691622,0.11018317820561851,0.11018317820561851,0.011836043656344664,0.015014809751651814,0.19022303863477974,0.9311475409836066,0.029577464788732355,0.018207941483803447,0.018207941483803447,0.0033304776279936277,0.009242509892594786,0.16248350254637844,0.35277028429134677,0.38348360655737707,0.17725347852389595,0.17725347852389595,0.010133734230897903,0.196078431372549,0.5905158903282149
1000,6,0.0,0.5333333333333333,0.2432432432432432,0.2432432432432432,0.025487328631336285,0.15322580645161288,0.3472954877974724,0.7839506172839507,0.10802469135802467,0.0681960375391032,0.0681960375391032,0.008640182668602572,0.0012079455977093145,0.102595167891392,0.712068591274148,0.13428899721095977,0.10994983277591974,0.10994983277591974,0.006413277879373062,0.004575163398692794,0.14690045189316658,0.2697047198325971,0.4247464503042596,0.3914053426248547,0.3914053426248547,0.033882167611155825,0.23363095238095233,0.7574071839737415
1000,7,0.7360959651035985,0.15052304212609563,0.2666666666666667,0.2666666666666667,0.034322423471605884,0.13090909090909086,0.6124696122321127,0.6632029155748321,0.18836331783572535,0.08657164291072772,0.08657164291072772,0.0016683809278068493,0.0037353580056437297,0.1574722716171637,0.8124937531234382,0.087536745835472,0.009116854288885312,0.045431514946799534,0.007579157829269517,0.020729029424681578,0.3251518620771031,0.27019540692989524,0.45633758463234136,0.2159420289855073,0.2159420289855073,0.035210029524359254,0.019841269841269882,0.7321665293905145
1000,8,0.0,0.5153846153846153,0.8837209302325582,0.8837209302325582,0.020683056269678667,0.15506329113924056,0.3369148413303955,0.8005784865540964,0.10773941505648821,0.04357443043574427,0.06900120752113162,0.006001763632084198,0.024978311162521694,0.18384054777399494,0.7063551197607764,0.15102881289247927,0.030678559212776624,0.08737603859555079,0.013593808560419599,0.04014329076540246,0.15862280056210332,0.3172161172161172,0.45098427361706805,0.23318450237649435,0.23318450237649435,0.0100493843013292,0.07398452611218564,0.627075814758613
1000,9,0.0,0.5263157894736842,0.1694915254237288,0.1694915254237288,0.06398802259083314,0.14035087719298245,0.43367479886382143,0.8017174082747853,0.09609079445145019,0.013874788494077861,0.03042991177706203,0.010897661030424936,0.011251758087201025,0.19524305948788295,0.7104251754683718,0.13386380777388024,0.039436201780415514,0.07715717866093806,0.012349244008213134,0.06314806788250582,0.24663795460085342,0.22304832713754646,0.48379629629629634,0.249441170493802,0.249441170493802,0.01250105628752849,0.08823529411764697,0.8119801610876201
1000,10,0.5194805194805195,0.2883116883116883,0.20481927710843373,0.20481927710843373,0.029871211463128565,0.13523131672597866,0.6258459227505266,0.7978542605391366,0.10079132970332744,0.036701386041171125,0.06182726903217066,0.006405042547203747,0.029860882900646257,0.28906410881589684,0.6652583174484642,0.16161596994250366,0.08315724717147677,0.08315724717147677,0.0029616893058171043,0.0020496191379363315,0.17603850075892558,0.28783398184176395,0.4178691019786911,0.20331882034009696,0.20331882034009696,0.01988857400586993,0.15546218487394958,0.6801293862627058
1000,11,0.7166666666666667,0.13178294573643412,0.16666666666666663,0.16666666666666663,0.03759746499339491,0.20833333333333337,0.875838145261727,0.7373597439948152,0.13954999978477123,0.029646748101683773,0.029646748101683773,0.011694841783020916,0.08182382133995048,0.2913467668313168,0.9805043138376471,0.008679229267464561,0.009648991784914185,0.011677535024671976,0.0007359282712617529,0.025580125580125568,0.2035376817156852,0.2138839922773441,0.4924023345075976,0.20879120879120883,0.22502666192676857,0.04120648045577545,0.09698996655518399,0.5532221366510728
1000,12,0.3666666666666667,0.3454545454545454,0.33333333333333337,0.33333333333333337,0.02296390174503985,0.33333333333333337,0.632336103899595,0.7785693454984793,0.11465861287886958,0.022043515532514157,0.05465855348374854,0.004164567875286421,0.007275132275132323,0.15341311059947216,0.8497110460462106,0.06969624540401448,0.004399895860452974,0.08049003892832608,0.009797269634453161,0.08145488951967494,0.33661427595001225,0.2667564664359154,0.4314162177345733,0.3125,0.3125,0.07951919362940457,0.19999999999999996,0.34031712170478023
1000,13,0.3873015873015873,0.35154826958105645,0.33333333333333337,0.33333333333333337,0.011429895035493354,0.16049382716049387,0.7924591846222024,0.7325573192239859,0.13296156004489335,0.07880952380952388,0.07880952380952388,0.008270357003023233,0.005786924939467308,0.4681139649707209,0.8908975865497605,0.04633753071253072,0.01692343604108304,0.01692343604108304,0.00042886863338972847,0.03696846631629236,0.3120324104173023,0.3043322225070495,0.3855705842236872,0.1597222222222222,0.16580310880829016,0.022247233080260262,0.18181818181818177,0.4731501795950223
1000,14,0.0,0.47058823529411764,0.030864197530864113,0.15625,0.036784488360912186,0.09962406015037595,0.6195024774321691,0.7176188847074924,0.14195789763346173,0.05467341859067887,0.05467341859067887,0.006296113941689191,0.025509720246562395,0.1760212259228223,0.7666607721780135,0.10261874024647577,0.002012383900928838,0.04704532415375788,0.01539391528477032,0.026013986013985968,0.28106163118007943,0.18578497525865945,0.4869518428840463,0.1897275761817594,0.1897275761817594,0.05819414301601725,0.10504201680672276,0.48762988321657696
1000,15,0.6652892561983471,0.16007905138339923,0.22972972972972971,0.22972972972972971,0.06314023153801114,0.19718309859154926,0.5329196381110404,0.756286013619696,0.1334624211130236,0.038972030931404666,0.038972030931404666,0.0031183572318607064,0.04407114624505937,0.14655522165121285,0.7705881075446293,0.1117883920398326,0.10742062646494788,0.10742062646494788,0.017188015598033846,0.02831116252168886,0.2541876706127234,0.2271845874773253,0.4970530847062137,0.33591331269349844,0.33591331269349844,0.027963402878407893,0.22242647058823528,0.5532527759997461
1000,16,0.328042328042328,0.3413978494623656,0.18644067796610164,0.23076923076923078,0.07159492838016857,0.23809523809523814,0.4596719942663372,0.6988587974791346,0.16631390809463342,0.08943608804227887,0.08943608804227887,0.002053255454306832,0.01644868811682587,0.13640469788490928,0.8227149140763601,0.0835878221531487,0.024033464317404052,0.07414765444757754,0.021875616662420494,0.06229871992638902,0.1452683187695913,0.29818181818181816,0.4447004608294931,0.29166666666666674,0.29166666666666674,0.029833976822880155,0.18829268292682932,0.6014207976863328
1000,17,0.0,0.5092592592592593,0.07756813417190767,0.21818181818181817,0.0374271869182377,0.12095959595959593,0.5793093037120167,0.742509769865393,0.137026964574557,0.013605051664753232,0.030926216640502366,0.002547841692432752,0.04780219780219774,0.13126338033408225,0.7844270519767209,0.10191844247518927,0.044386359194840797,0.044386359194840797,0.003922906762115916,0.030411255411255445,0.350480401809852,0.2469586374695864,0.4743295019157088,0.2533702039405461,0.2533702039405461,0.03538722187990039,0.12982456140350873,0.6031332408551193
1000,18,0.5,0.3333333333333333,0.1428571428571429,0.1428571428571429,0.029759106732179852,0.10996563573883167,0.569816951851891,0.8439518993336266,0.07907558739967169,0.017132697591724533,0.02917409387997623,0.006433417965915213,0.002293759392549277,0.3437939498313152,0.9660244727935433,0.015673792937785258,0.04405025868440504,0.0492352609402475,0.02000610315311905,0.05471982863541203,0.45214287364852057,0.35728307813113463,0.3997557997557998,0.11465721040189125,0.15083798882681565,0.04244454244650639,0.15217391304347827,0.47452262823496827
1000,19,0.47619047619047616,0.275,0.1797752808988764,0.1797752808988764,0.03410848268086352,0.18181818181818177,0.4591392002183506,0.7575575575575576,0.12742003367003363,0.06439393939393934,0.07814027370478983,0.0018466325641237347,0.03741881416300019,0.20331818397545387,0.8007411903773043,0.09342840451188639,0.01355042016806729,0.0655589840968431,0.01681241183015352,0.0491547538007715,0.3804910139051037,0.27877913962989664,0.4538717483363581,0.2524717514124294,0.2524717514124294,0.026327595537977304,0.1325342465753424,0.8469296663048367
1000,20,0.11764705882352941,0.8823529411764706,0.6666666666666667,0.944954128440367,0.03731181488295019,0.4154929577464789,0.5627422497153944,0.7163215471033393,0.15942878751184364,0.06903299025554732,0.06903299025554732,0.0059734764462304815,0.010629107981220631,0.14773834390728707,0.8010923038439091,0.09727999347524668,0.04980237154150202,0.04980237154150202,0.0024544090456121645,0.023729715349827152,0.37752263510502704,0.3382352941176471,0.41860465116279066,0.14425770308123254,0.15868090633569057,0.028527675306782466,0.07142857142857151,0.8178148996251229
1000,21,0.4612476370510397,0.30470420527441194,0.22580645161290325,0.22580645161290325,0.021008074414891866,0.16666666666666663,0.35177368214823157,0.714572864321608,0.15146666666666664,0.015131780570027509,0.05622978641647186,0.010851944428136223,0.004177003159256176,0.16007871772660265,0.801526390258543,0.091645672370186,0.06991045697818032,0.06991045697818032,0.004984211393784861,0.0478452270620946,0.17613578881208414,0.2730582524271845,0.4264724919093851,0.2642140468227425,0.2642140468227425,0.03877805568344527,0.09090909090909083,0.5875977957069142
1000,22,0.0,0.4781297134238311,0.09393924943970244,0.11428571428571428,0.023473881571847842,0.12618296529968454,0.4618818955766846,0.7973364784510295,0.10820171065750123,0.07070860174308446,0.07070860174308446,0.001359000376871665,0.008965848965849066,0.21739625739356244,0.9448614413604934,0.025960759630812458,0.02026696484729895,0.02253313696612666,0.00841128593482044,0.018473361412842726,0.27977185327408666,0.3070432480141218,0.4272715399016065,0.23333333333333328,0.23333333333333328,0.06032053876830996,0.17948717948717952,0.6821494174002111
1000,23,0.625,0.2,0.07637345188948874,0.2578616352201258,0.017852457151736313,0.9375,0.7108553150839754,0.7153247738915943,0.15869825823284683,0.08095747208363036,0.0887330754352031,0.0031942198208949057,0.020023790642347383,0.18391764738405508,0.7405157759442763,0.12671657580773338,0.08383665615479174,0.08383665615479174,0.0004893333446626402,0.012611786287548665,0.22631854929118073,0.2790495360262009,0.462564708715019,0.3782051282051282,0.3782051282051282,0.023669852389447528,0.22616407982261633,0.5493608197691286
1000,24,0.65015479876161,0.15826330532212884,0.2857142857142857,0.2857142857142857,0.01844834713889936,0.1428571428571429,0.31793406883141206,0.8060018903591682,0.09418377882298956,0.007549361207897731,0.025122807017543852,0.003138242974024423,0.020352478081946734,0.16474967265670315,0.8012875873439586,0.08967953877069634,0.0019592934846179855,0.0563452081084323,0.009524238853856386,0.037776812852800656,0.19477016628426114,0.23721129475600614,0.44252076128150436,0.21930894308943083,0.21930894308943083,0.023544244031746063,0.14396887159533078,0.5922099873806139
1000,25,0.6111111111111112,0.2121212121212121,0.1558441558441559,0.1558441558441559,0.03231444940564022,0.1384083044982699,0.4618818955766846,0.7121172838051241,0.15667611632053569,0.08025118101163731,0.08025118101163731,0.009106440995515504,0.00873725394798186,0.23814384990177662,0.870891310903373,0.0597261802746169,0.02692249355376919,0.03273170731707317,0.017178339647026544,0.009677074422583365,0.31078793035948404,0.31148644857190955,0.4047234225022265,0.19725962674226316,0.19725962674226316,0.02665346039727013,0.07843137254901955,0.661727671456197
1000,26,0.14285714285714285,0.8571428571428572,0.1282051282051282,0.22033898305084745,0.020450085089484482,0.18055555555555558,0.28890847640212025,0.7985788047645827,0.10152938296419411,0.010472647099352361,0.06795183982683983,0.028304082927831507,0.02493438320209973,0.23711747235945602,0.8529062870699882,0.06751171803463685,0.021388378502526395,0.05542986425339366,0.00675064477920604,0.045454545454545525,0.3468094297228199,0.27133984028393965,0.4281096861641122,0.0766009852216748,0.16593337523570084,0.0392387462622925,0.1403162055335968,0.6084265711369433
1000,27,0.633167023045854,0.20578435292549652,0.17142857142857137,0.17142857142857137,0.019461769468241574,0.25,0.5330975359862916,0.7762474095329188,0.11821979650966918,0.02397280009220304,0.07229098180606262,0.01642986137710062,0.01974540860946461,0.17354719078197545,0.8758434547908233,0.05869218500797446,0.04051459293394777,0.04051459293394777,6.393034402016329e-06,0.006418613980543553,0.17194395611202698,0.26577307712445675,0.4669197216395299,0.28883183568677784,0.28883183568677784,0.021727447402122103,0.15000000000000002,0.5721705880213455
1000,28,0.33055555555555555,0.33753501400560226,0.2588235294117647,0.2588235294117647,0.05253719046477202,0.125,0.30246968293206944,0.7684868195823348,0.1167080142379463,0.04988100155386399,0.04988100155386399,0.002016537342357988,0.0030045952633439565,0.1674693240034293,0.7956165120344224,0.09297773427942257,0.045264531245839734,0.045264531245839734,0.0007525891891394382,0.008296956750565077,0.1438027838691497,0.24934706549056326,0.4454961980892962,0.24086021505376343,0.24086021505376343,0.044482371712177796,0.16666666666666663,0.6976528556649586
1000,29,0.75,0.125,0.22943722943722944,0.241025641025641,0.02330323008558203,0.2272727272727273,0.7548926782019917,0.8443259317295536,0.07509480800037793,0.00033370875568339287,0.028804965469009527,0.0020736402918607733,0.006973287281948126,0.16809980401315605,0.7926504769617484,0.09594654441573103,0.011194450710579673,0.01891891891891892,0.009787265584560355,0.035757297700292456,0.14652240988177267,0.35647038685381716,0.38460358056265986,0.13888888888888884,0.14890945142101786,0.02970673100863159,0.08732394366197183,0.8578937997010443
5000,0,0.6151615575807788,0.18399683105565456,0.19346846846846855,0.19346846846846855,0.016842280951737655,0.08571428571428563,0.7920933169524187,0.7955033951221522,0.10292320872564947,0.035711224103878725,0.05408676921636113,0.004331425721483179,0.013964021926551218,0.07652595071620977,0.8218187976851633,0.08203318947312932,0.048928660018307535,0.048928660018307535,0.007562816996352487,0.02285542007852459,0.15390245698206384,0.28695015443604216,0.43838865856603215,0.20513833992094865,0.20513833992094865,0.02032103546153695,0.1325477618184353,0.4490730395731073
5000,1,0.48186119873817035,0.26882160392798693,0.19095477386934678,0.19095477386934678,0.025493487404664797,0.15851735015772872,0.785227161302295,0.7670128008219194,0.12166015838813188,0.03162338226892225,0.05328422344996929,0.0046446710137853925,0.0011907509940535244,0.10959814830057424,0.803539417979328,0.09260027978976543,0.03516822982893919,0.03722929433639249,0.0019518451610978024,0.0021651015835452148,0.15067333136037986,0.3001306202286052,0.43167712088699156,0.18457358629581877,0.18457358629581877,0.01178018527724009,0.061282467532467466,0.6498400859718596
5000,2,0.6764423076923077,0.16741293532338308,0.096551724137931,0.1108910891089109,0.015037969191334238,0.32921245421245426,0.7716114606801139,0.7831643943637607,0.11060865956540006,0.03539575970848097,0.03550827423167849,0.0009242443501068093,0.017369110080477368,0.06309923452983279,0.7698465729156265,0.10812065495379619,0.026868047423887598,0.03947841048008573,0.006550376895972258,0.0065054577888522536,0.12579684574343963,0.3028233445774225,0.43862107460360833,0.1836371480962139,0.1836371480962139,0.030879813795173378,0.08344089603197735,0.3641333749933446
5000,3,0.40638977635782747,0.2921383647798742,0.20833333333333337,0.20833333333333337,0.04931547822212381,0.2662406815761449,0.9100014714253555,0.7463344889777686,0.1308394547592882,0.05224840154766586,0.05224840154766586,0.005302949454845884,0.013327021811164186,0.13284849320867154,0.8945424738669817,0.04707294043591154,0.028977342314758014,0.028977342314758014,0.006073932268201278,0.03607684208435147,0.0665434878549595,0.2810600097407263,0.44131590810187393,0.218591934381408,0.218591934381408,0.02102806142603584,0.13062073748699576,0.3373796879133182
5000,4,0.41025641025641024,0.3194444444444444,0.15885947046843174,0.15885947046843174,0.023372244786659876,0.3952380952380953,0.785227161302295,0.7754462771780138,0.11568670535224357,0.058329841075400624,0.058329841075400624,0.0003183246465104511,0.008896707334925091,0.14137715008643326,0.845873233014136,0.07100840336134451,0.009035206260820439,0.017666036618764022,0.006506145358710559,0.018671032054094816,0.08187001023710133,0.31149747918834203,0.42316496285927596,0.1679056590067075,0.1679056590067075,0.01336763759036605,0.07061248325375291,0.1780856958462409
5000,5,0.642967741935484,0.18324503311258272,0.1639240506329115,0.1639240506329115,0.028227204570622666,0.1515151515151515,0.39069724681756623,0.783690638117775,0.11173440722293992,0.04783373280210457,0.057591475380554966,0.003587300208732644,0.011444483896845159,0.08404178939351498,0.8597463369795978,0.06503791355564004,0.0010840424417731809,0.03404315949874005,0.007047675239719296,0.008355521204836958,0.0680831912646162,0.31046515016287946,0.4253354719263682,0.17193627984163184,0.17314439730790085,0.016180167402486047,0.04324622745675377,0.30547890010531464
5000,6,0.7906265722357676,0.10135071844732951,0.14840085287846483,0.14840085287846483,0.026687932179808714,0.09950449994943877,0.6731170474216209,0.78299528866611,0.11020340043663956,0.03284350573103212,0.03284350573103212,0.003621782082040302,0.014764317868499743,0.08034853079466292,0.858956973754838,0.06400271779192224,0.0060400243109315355,0.01675578977280065,0.002014925857245012,0.011641146859883045,0.07618326112738305,0.3100523077757,0.4162905546834118,0.19756179965088116,0.19756179965088116,0.012473892803294258,0.09619164619164622,0.16260236511755777
5000,7,0.7306107156238292,0.1301357466063348,0.23166023166023164,0.23166023166023164,0.03560779195357282,0.13888888888888884,0.5406471397320552,0.7377901650343875,0.13979774353329666,0.04658652870764857,0.04658652870764857,0.0032123302940048615,0.0369727968981034,0.13129992396573065,0.7765753801300042,0.10567874818728118,0.016814349835202136,0.05696675108503686,0.008704782457936863,0.027672245368735693,0.14832214821596668,0.27481617647058826,0.4462669683257919,0.21310160427807479,0.21310160427807479,0.021424988142197426,0.04957545465494406,0.19435405370036363
5000,8,0.6758974358974359,0.15983813859382906,0.21621621621621623,0.21621621621621623,0.014546292554351366,0.16307692307692312,0.42414879156926677,0.7590700229747278,0.12547045894944925,0.04670633600670182,0.04670633600670182,0.0033338119428204804,0.012706153872070858,0.10061167594859144,0.8634654156327543,0.06248447425387704,0.01511457982046216,0.04808614302613265,0.015544351420116245,0.030953421578421514,0.09768764914456962,0.28179138867736936,0.447027592507097,0.20389850667371479,0.20389850667371479,0.02191206964780095,0.0864906238040567,0.23327879767076853
5000,9,0.7089382940108894,0.14157241379310342,0.14603174603174596,0.14603174603174596,0.016741051157985062,0.06753246753246744,0.8495141695100816,0.7745038086440983,0.11502645697783298,0.044901845640367255,0.04723505372462099,0.0019371435867226172,0.004583672547906148,0.1133829868456514,0.8481077679418697,0.06937243328900411,0.00732649625888937,0.04227330054075666,0.006900434257236375,0.020256165126433356,0.11455078547419617,0.2764791176400675,0.4511119608358751,0.2126176016898511,0.2126176016898511,0.018644923777248433,0.0851627137341423,0.2639739352696708
5000,10,0.5407537248028046,0.24264876128733504,0.19794344473007708,0.19794344473007708,0.03601027273292454,0.14877300613496935,0.6585874433299583,0.7847303478353367,0.111378646119978,0.026695231618643622,0.04105194257120463,0.006679139364851851,0.009840218238503562,0.08165893352770393,0.8331058074654941,0.07803198467130579,0.03645599880472139,0.03645599880472139,0.001211353073898573,0.02271260807846176,0.09938644720360318,0.29676971475319297,0.43935763692942714,0.18208475100525823,0.18208475100525823,0.0220114047304008,0.08016249153689914,0.32333479357668676
5000,11,0.6550788412174551,0.16381051898293275,0.15192307692307694,0.15192307692307694,0.044650507514718094,0.09679224170085787,0.6121465845579575,0.7755224867332915,0.11710284142786581,0.010863089810458249,0.056638750930737766,0.00884635972240927,0.003901405287160986,0.09944246507420024,0.845052339630002,0.0723005303591826,0.016720716432120475,0.04376511226252158,0.006439209505524436,0.023726110693238822,0.1594530222319338,0.23974204521295442,0.4758124248781418,0.261854583772392,0.261854583772392,0.025126641629168313,0.04718763417775862,0.30063333359322303
5000,12,0.3338557993730407,0.33255086071987483,0.1724137931034483,0.1724137931034483,0.015641025123275046,0.42789968652037613,0.8133308231404505,0.7511064323888491,0.13079541293005076,0.05180500272683608,0.06815943931729546,0.0024134461614667563,0.018662617827544747,0.11166797034479359,0.8202637806015314,0.08377663113384687,0.04200062260039428,0.04200062260039428,0.0007185419298072274,0.007214513982683801,0.11764311123940752,0.24017898140820856,0.4766622061963083,0.2633888955510253,0.2633888955510253,0.03387022227086438,0.08280092001022232,0.2549270539670686
5000,13,0.3184,0.3425125628140703,0.2564102564102565,0.2564102564102565,0.024546853436656805,0.13429256594724226,0.6731170474216209,0.7878069842874595,0.10920393695666308,0.021072452820919074,0.0467677886433627,0.0058866588331802985,0.0007630068313462246,0.13456347058955986,0.8569599699176152,0.06662247034610658,0.020408163265306034,0.03149055191522329,0.000901226067366083,0.009892086330935301,0.10644742439623517,0.3229007509066885,0.4163843980405598,0.18409364075093193,0.18409364075093193,0.00681598571038166,0.11053750379593075,0.3003231806123872
5000,14,0.44402810304449647,0.2683092224231465,0.375,0.375,0.029333803533629854,0.20833333333333337,0.5594909433130266,0.7443479594480964,0.13357889275818452,0.01951508617136677,0.05895678305147489,0.008182468948663889,0.0005745016453183593,0.05889587701274812,0.8209460648685943,0.08235301736559714,0.00048000144565141234,0.030565819989569115,0.002486028704086235,0.004097367243436789,0.1167965752858181,0.2862864285603028,0.43807477777715814,0.202658663120185,0.202658663120185,0.018589657364987945,0.11456419677485197,0.25663311018441015
5000,15,0.6134498888122075,0.1944830246913581,0.06730769230769229,0.13779904306220095,0.007804616376093566,0.24872953133822695,0.6445308363585914,0.7979028870275978,0.10088281254445225,0.035383244206773634,0.035383244206773634,0.0011396266215065454,0.018802916264496594,0.06692476053808849,0.8094208762813414,0.0874182687298114,0.024371043214973853,0.027409765727522725,0.00148246278029502,0.00823352130617827,0.13145823892467867,0.32043648279997633,0.4056066380335934,0.17641564726273196,0.17641564726273196,0.013275188685760386,0.0781703098550085,0.2548806667863881
5000,16,0.21252498334443704,0.39003464774789637,0.3892405063291139,0.3892405063291139,0.013720301725824745,0.12251882272416148,0.7242099743996985,0.8107472670300968,0.09431813727816024,0.019533863941087026,0.030294510731594046,0.003505239400612231,0.007705520383005204,0.17285105620953756,0.9083527115809631,0.04123751036348766,0.016563805645691487,0.016563805645691487,0.0038142384392988657,0.0011482435290085524,0.2419804990105722,0.30642292706418,0.42540269120909735,0.15549273421613852,0.15549273421613852,0.013060555306965552,0.06795946890286508,0.46571496792845146
5000,17,0.41904761904761906,0.29186602870813394,0.2875055978504255,0.2875055978504255,0.03426145192615888,0.15489130434782605,0.40871078613055095,0.7348503302339859,0.13966914042858602,0.04586714981840445,0.05737716898536674,0.008110051728896485,0.005817974069384224,0.09536889503716012,0.8538470334696749,0.06657989916483609,0.010792756865692033,0.042514272106882564,0.0012548944836644413,0.024233378561736796,0.1455328643021251,0.3101625069651782,0.4182607336363889,0.13504173033972022,0.15492054104433278,0.03129737093638101,0.0367943511236577,0.2818429316481461
5000,18,0.196326593610125,0.4309003641178418,0.4571428571428571,0.4571428571428571,0.013357987772111946,0.14698162729658792,0.6513506822806349,0.7578742586323172,0.12450253999017896,0.06521073931497379,0.06521073931497379,0.005662803570939283,0.016697214759890278,0.08745117766270577,0.8399646958041657,0.07282455216058348,0.019573573827275315,0.02209779938467897,0.0017252092452599357,0.008301451112670666,0.07774060042515935,0.3018043450052318,0.4219288322964164,0.21658335144533802,0.21658335144533802,0.020311615972953,0.07559551819303312,0.2640854614431545
5000,19,0.7374017568192326,0.12718316166592025,0.1708074534161491,0.1708074534161491,0.03072216960441624,0.0784119106699751,0.6896253796454892,0.7998815603129792,0.10274033505903857,0.040465020166690846,0.04154372794273528,0.0031279002577844703,0.003940967406520723,0.08751558967294315,0.881064326263365,0.05518745959922433,0.01293342293589872,0.032399026156439234,0.0026361844634336384,0.013873093354801025,0.09091577203503098,0.3015801459565967,0.4318084394405334,0.2028467242752956,0.2028467242752956,0.019385232588726847,0.10804382578859129,0.441147063155497
5000,20,0.7142857142857143,0.1523809523809524,0.15446428571428572,0.3333333333333333,0.018533291572742742,0.3125,0.64976191665869,0.7627776811810195,0.12361557545032903,0.02961803744276359,0.02961803744276359,0.005049202722664584,0.038255668818042876,0.12028490555751825,0.7801766371370459,0.10363623620562223,0.022318129025446054,0.033897431365618,0.006397916256367743,0.006625238830099911,0.09567177853111003,0.2799525628646993,0.44808950164745986,0.17952127659574468,0.17952127659574468,0.017694946355335056,0.08457831325301202,0.358470638541238
5000,21,0.673279624034911,0.1671475184612743,0.036757301107754214,0.08345752608047691,0.018942669800896074,0.12009063444108758,0.5432057831299764,0.7566081694909573,0.12459030459030457,0.04788081547132084,0.07659893952566128,0.009922548017553885,0.03169283500960751,0.08550183028609992,0.821552710356679,0.08135459790484834,0.027060021703164794,0.027060021703164794,0.0026897380076074603,0.013415173815416459,0.05521914633923286,0.31773804934464145,0.416029031499765,0.14726835275681438,0.14726835275681438,0.01998565220770479,0.08057848178167648,0.3419228517643751
5000,22,0.6469344608879493,0.17364824717765892,0.01996644295302008,0.08929574300797484,0.01825474205387815,0.07619047619047625,0.7035069827507475,0.7716190648409533,0.11872234192169556,0.04287318080503477,0.04287318080503477,0.0026960093285211817,0.023323649235290178,0.09639537138215842,0.8662693532620691,0.061569060131819675,0.0008678727545388121,0.03643356527733439,0.009206370471288347,0.017358914892121713,0.08277615195553106,0.30066138677872956,0.43688362042852247,0.19184929820241314,0.19184929820241314,0.00978648219023863,0.06790123456790131,0.1513607490508037
5000,23,0.6107863197895352,0.20275620526876809,0.1911357340720221,0.1911357340720221,0.0208637361867516,0.19889756545705095,0.5729993780852393,0.7340382126994859,0.1408793268584257,0.057893631773747734,0.057893631773747734,0.004101914596144077,0.006153684715476393,0.10409737964227062,0.7679763297020009,0.10893985928648942,0.05025586413567784,0.05025586413567784,0.0029555303201320507,0.024819799113910523,0.08002858113907152,0.3102453102453102,0.4215167548500882,0.21241402830671285,0.21241402830671285,0.007140373541387746,0.09219908983409186,0.23330561415116172
5000,24,0.6602870813397128,0.1624713958810069,0.039999999999999925,0.05134196022046489,0.01579238540133132,0.08974358974358976,0.5756409365775763,0.7757856532480667,0.11534795890182437,0.020164190168505125,0.02135569060406238,0.004763511496522543,0.03434172736732566,0.08194717829713205,0.872198667474258,0.058611111111111114,0.0019687594651898177,0.020128633437842186,0.003004567154067113,0.004435623431686464,0.08847755219216136,0.3003835750477714,0.4299520658509236,0.13465648854961831,0.13465648854961831,0.022832862440010974,0.10957345971563981,0.37373394293549744
5000,25,0.5807050092764378,0.20629849383842996,0.195234790654638,0.195234790654638,0.03767877734179487,0.392882818116463,0.8198198839534894,0.7507481166353475,0.12622541900873047,0.02350468692664376,0.04336163405930847,0.0060569939449868215,0.0063393467207368825,0.10364744119409641,0.8694656313703932,0.05782851344495182,0.01797999717024512,0.01797999717024512,0.0012024152187332104,0.0035845107273678734,0.10270200672778529,0.2742739080373188,0.4349573046461832,0.21399152029073287,0.21399152029073287,0.01917074103665021,0.14382022471910105,0.35153680657471287
5000,26,0.7667464114832535,0.11207816733721981,0.06153846153846154,0.14111498257839722,0.020127194632777214,0.34962406015037595,0.7465064713802074,0.7737789089690034,0.11555178031079683,0.03476912260385867,0.04364899017224423,0.005194087165928209,0.006862827581115116,0.0859078770666526,0.8316328803742481,0.0770532582986706,0.014087779350480223,0.035673612434288,0.010092291543378408,0.005683347966052077,0.10308663391274242,0.3154246241365299,0.4189679612052887,0.12233748910265863,0.1516445697861627,0.02550637838635711,0.07216183574879231,0.2592475969757122
5000,27,0.7020081688223281,0.16111520058888484,0.05105105105105101,0.10395794068048805,0.021153845514558955,0.16358272995441137,0.55250015717036,0.7911047951363889,0.10742219830976674,0.03037396659737035,0.03037396659737035,0.0005954991147828978,0.017922589925938204,0.09521586037484886,0.8199390316592585,0.08465849947954196,0.023274119006354677,0.035399424137174146,0.006602056205254857,0.006138289319067347,0.12851728641432025,0.32411401229288167,0.4148345177359701,0.18817450994787466,0.18817450994787466,0.012173367469909796,0.05968930172966047,0.2226157288117676
5000,28,0.6684027777777778,0.17225829725829722,0.1923076923076923,0.1923076923076923,0.010424453992986159,0.13159722222222225,0.6767035303684095,0.7300508391226872,0.14293143780361772,0.040625548313307114,0.040625548313307114,0.002810665429564506,0.029495430309068427,0.04919841559288707,0.8948657841062083,0.04754973176326455,0.009034764365318249,0.010429915890032865,0.0034506848748046895,0.013778534214498483,0.12326295631163231,0.30412657196159104,0.4200580496982552,0.14744366744366744,0.14744366744366744,0.0259562115199021,0.08958850289495446,0.2471381799459988
5000,29,0.7777265441450937,0.11148187304524027,0.059259259259259234,0.0824742268041237,0.004808141959086375,0.10092879256965936,0.7505364932213763,0.775974915235028,0.11433088476295139,0.023177246107439764,0.044976488532867745,0.008004369659361625,0.006538842530328437,0.0949398069985154,0.7911200668470804,0.09710375211008238,0.04334463241970887,0.04334463241970887,6.9893299844345225e-06,0.006055194482655457,0.11579872439210798,0.28880316112281235,0.43557034120766946,0.20661764705882357,0.20661764705882357,0.013106711422261316,0.08041833305169077,0.5369323821144046
10000,0,0.4723012842762929,0.28581902953507177,0.06813186813186811,0.08463207733280725,0.021821888903984357,0.2021390374331551,0.6643738087495363,0.7705216204210977,0.12029158637563975,0.03494996644357229,0.05229921956814443,0.0055165088835967685,0.0012555841171446591,0.0667179502683426,0.8430348888554293,0.07362717711688882,0.028452915241107823,0.028452915241107823,0.0023725528594361056,0.0007262745851956964,0.10170107482687629,0.2849204463711443,0.4462030432678327,0.2104997166068392,0.2104997166068392,0.016310197830747858,0.07292132122478501,0.18227136383498233
10000,1,0.7069478908188586,0.14709179225308255,0.21549295774647892,0.21549295774647892,0.049651830598355956,0.2605594405594406,0.3529982082023015,0.7421101733139932,0.13722058797884068,0.03847019194725876,0.06208752357311216,0.0031352796436018363,0.0016969836423924578,0.06492856402866998,0.8112319914539197,0.08846323647731441,0.007050885664039663,0.04207133195990455,0.0097823132684427,0.009826222702554288,0.09718911192368651,0.3075947393932664,0.4303882986136459,0.1651057764746604,0.1651057764746604,0.017010962384250636,0.1053040781436585,0.2085295757567358
10000,2,0.7010164738871364,0.15164444444444442,0.044117647058823484,0.08468705207835643,0.026390165095845047,0.11141304347826086,0.34305531727255856,0.7484090551387651,0.13126190658666897,0.04235375190374435,0.05182361063075282,0.0043613914785625985,0.0024632056943656444,0.05033632292041812,0.85084450049016,0.06829224665785599,0.0041198024051731785,0.0282516639112394,0.0035900257760251644,0.002501653604117915,0.09365197658832214,0.3018655372793615,0.42791535891465016,0.18680830690877803,0.18680830690877803,0.011544980622379554,0.06465205552827746,0.16825721492890455
10000,3,0.27178565314158537,0.37213473315835516,0.24242424242424243,0.24242424242424243,0.028523500307076753,0.10138674884437593,0.5341331175528827,0.7588590438965115,0.12302287284075997,0.0291313381084789,0.050400884193173734,0.007603131847570124,0.0004935590869222795,0.03784693677125539,0.8202763148401991,0.08142503203200585,0.018699022638510976,0.03228507941464834,0.005603140150688177,0.003947208774675692,0.061138557099318036,0.28198910052570153,0.43548195949510937,0.17910941897036914,0.17910941897036914,0.019514202015635466,0.09726276916934895,0.1830983901188652
10000,4,0.5908463417224168,0.20935666159530542,0.10650887573964496,0.10650887573964496,0.018315247481926963,0.1889708465050931,0.7499814638905636,0.7535452648752098,0.1293488134672225,0.04474283964063408,0.04474283964063408,0.0022548680097495763,0.02096782190490354,0.056292670892254315,0.8549807734134365,0.06705646950019134,0.006663539483730552,0.024066271955059795,0.0021064919634208243,0.003659259418915428,0.029127147508582918,0.29413580621374563,0.43670720854840706,0.1715148878576953,0.1715148878576953,0.016299908055275494,0.06263957816377164,0.11060205041955062
10000,5,0.5607675906183368,0.22379141770776756,0.18666356336553014,0.18666356336553014,0.006634294349527496,0.07391304347826089,0.47618390832845153,0.7561987450154796,0.12669521036237608,0.032565846851561164,0.048843618371958955,0.004134438115067897,0.00759059103223092,0.09049490887825387,0.7968861279976887,0.09451092077463463,0.030642816764919645,0.030642816764919645,0.0009409198727539994,0.014401662828528838,0.06205141703943637,0.26907128057085766,0.4499332890801011,0.19735266015706932,0.19735266015706932,0.015825016214926275,0.12192008170560453,0.18301642291338727
10000,6,0.5029303530053155,0.2578296217744786,0.1350877192982457,0.1350877192982457,0.021442493351049453,0.15547263681592038,0.6022221731038477,0.7619721217363951,0.12548421918344904,0.025090185847263746,0.06234750744191263,0.006033517496170308,0.007770082876533579,0.05756310397555231,0.8234403865471825,0.08306243960223203,0.01026128363450729,0.02261450525702871,0.001457331621814252,0.017773490151001936,0.07671095259493799,0.2712891843646535,0.45603850204952023,0.1868770561927483,0.1868770561927483,0.02040084353211926,0.08354346450206451,0.19062859810161015
10000,7,0.7041347626339969,0.15406698564593307,0.07779839208410633,0.07885631032598797,0.02416388492545319,0.05573895378364646,0.6896253796454892,0.7751315825278212,0.11529639667292396,0.015447560507107161,0.03821462533825247,0.007529478354842779,0.015631372378912323,0.08243322081357884,0.788592676935021,0.09851907033861912,0.02988705127054858,0.02988705127054858,0.0005891474413460412,0.015143441586473738,0.0743608784913628,0.29171823984946366,0.4348750946938258,0.18605139537738835,0.18605139537738835,0.019941786856519338,0.07811656649376542,0.27417454041566347
10000,8,0.5507983230755509,0.22041798883904146,0.1446862996158771,0.1446862996158771,0.03411608363916785,0.027937336814621405,0.34799297573700483,0.7428680849992414,0.13391700501956266,0.04378622974092028,0.04891046269178388,0.005238524857625097,0.0025804313648927213,0.06781275759936553,0.8268149389614409,0.07917777074745469,0.02597884760047975,0.02597884760047975,0.0024319219163360037,0.014511265815242758,0.11112524327682116,0.2882537566736561,0.4332440858628178,0.15821843354883003,0.15821843354883003,0.017309816399637155,0.07430828727447758,0.25393756859167216
10000,9,0.45345279720279713,0.2739320920043812,0.2216708023159636,0.2216708023159636,0.01570730763206149,0.038900238338440585,0.6589067210061275,0.7772344606994914,0.11465423721890022,0.031478928244230375,0.03229337472031518,0.0008633169519960335,0.015236597194914103,0.06163981035009958,0.8131692948335847,0.08686011255318288,0.018459347475714538,0.021834422176668755,0.0016054081310079363,0.013991665481903448,0.09642422977229981,0.29113313924457385,0.43713726952469945,0.17102024922118386,0.17102024922118386,0.022053214586513555,0.030449996888461284,0.2634916983633183
10000,10,0.6483155603114277,0.1852298124574871,0.13883001271725304,0.13883001271725304,0.01877801952094002,0.1630377057886352,0.8495141695100816,0.763058724193308,0.123610220766808,0.03587938553772696,0.03980197045395481,0.00426792086943828,0.018947160473289038,0.05378751973688445,0.8593458609946263,0.06474342773228425,0.011037408970930862,0.0307526780359607,0.003317881500735566,0.006694103671341489,0.04237552650470289,0.27078366867112785,0.45738945335232883,0.20783332662183385,0.20783332662183385,0.018364270082642214,0.05831059629295687,0.2930755839868465
10000,11,0.6802674568801763,0.16049123743778487,0.08504398826979465,0.09117896522476675,0.03988347588502908,0.25278148642634624,0.8080691893138062,0.7696651626887341,0.12046355301013689,0.03766433638052891,0.05053517261036708,0.004857793563611747,0.0010087031298406934,0.0901038463374591,0.8571632806472802,0.06635675532404106,0.0017040530521675867,0.039930696096845866,0.007109414456851773,0.0204614215454324,0.05573906310844634,0.28546066650054164,0.4440080404512689,0.18127151574250555,0.18127151574250555,0.02178590880744226,0.06212226066897342,0.3123671931549043
10000,12,0.7577315911425654,0.12394691815384234,0.08036890645586292,0.11428571428571427,0.024921248688432027,0.20179215640637727,0.5938566285213212,0.7639097406840275,0.12304123058127031,0.030447658808077094,0.05352189745439656,0.008686126341214316,0.0019155888086516137,0.056900115444094956,0.785383548330472,0.10091256695156336,0.020947360967796702,0.03052265178427531,0.0024531988033376986,0.012623762376237635,0.06920173579362243,0.28575368961049535,0.4445698404218972,0.17331744306350427,0.17331744306350427,0.019658606062716043,0.10794050598606708,0.32713484934238835
10000,13,0.696312974950746,0.15859484089071796,0.04194144025323132,0.05253718573120969,0.0044014664940853765,0.021790902595856143,0.6218162854199291,0.7585540919346668,0.12649071737087464,0.029702421761923614,0.05705982155257516,0.007145794058410752,0.0058019565825413455,0.08822147785098983,0.7898353950314719,0.09882103415129495,0.019520696815905514,0.03663362564372845,0.0019176422376825028,0.0005619540662378242,0.06530602638302307,0.3038323434863399,0.42993056625235493,0.15671303770674128,0.15671303770674128,0.014763834773337793,0.06491877312927308,0.28927901793203203
10000,14,0.4897476340694006,0.26046698872785834,0.3162001696352841,0.3162001696352841,0.017775891728860738,0.07085561497326198,0.7476330551961681,0.7599643612352942,0.12735529446982774,0.041580382709164865,0.06027769034400618,0.003606272451519635,0.007832477297530005,0.05039005375340777,0.8551914379280604,0.06799723891621512,0.026938960102173226,0.026938960102173226,0.0011476542710828,0.011582351973347116,0.07682143693712229,0.2956112276198823,0.43646773170994846,0.19506884639711963,0.19506884639711963,0.012345698295776183,0.08606876599532653,0.32146727807923003
10000,15,0.7450288787972312,0.12949237555699855,0.13302139037433158,0.13302139037433158,0.04067463972804493,0.06041222459132911,0.6391222378535836,0.8152823884268081,0.09386629445558281,0.014325312845049676,0.03432044625958258,0.003330166025861128,0.006961766677019199,0.06525836085217995,0.8402747653365547,0.07496678254557904,0.020096771716033968,0.029286875850812646,0.002301901735554661,0.001887065509954322,0.0802609860077137,0.29976245912008936,0.4318077794657525,0.20239497079589963,0.20239497079589963,0.01798002690713095,0.11927616050354051,0.25865784023945726
10000,16,0.7310975609756097,0.1345633556418967,0.1127819548872181,0.1127819548872181,0.012176130563533151,0.04572916666666671,0.7476337322828421,0.7537043795850893,0.12628985310163732,0.023249660516015735,0.06437748041471172,0.009472052537585256,0.013600307084734142,0.074118292855131,0.8346255759968113,0.07486345964049596,0.007692307692307665,0.02028413530220087,0.0016153757480271771,0.014501839519783455,0.0652605847639437,0.2839341065334365,0.43705061503405807,0.17895456700771517,0.17895456700771517,0.027832188854757557,0.07383318277627227,0.22523342997519036
10000,17,0.5159328358208956,0.25801511535401744,0.169047619047619,0.169047619047619,0.01085204549391821,0.06782106782106778,0.626406785895759,0.7746583979823133,0.11632894389874088,0.02512948640568191,0.052730582873867185,0.0074547152882495984,0.004107842134456252,0.06394592682276318,0.8276693918440107,0.08011070155942518,0.026300049359774702,0.035439273636698534,0.004004027974093688,0.008844326702382554,0.06117782841827202,0.28432086579535226,0.4415857796586615,0.18134349743075417,0.18134349743075417,0.015576392580492635,0.07698424914062896,0.16743065802269574
10000,18,0.42534722222222227,0.29553571428571423,0.3321265754894074,0.3321265754894074,0.03432930841167566,0.036250536250536314,0.8080691893138062,0.7552841860049393,0.1277630050427001,0.04122910124807211,0.04122910124807211,0.0007874847176263175,0.013273715717330048,0.08249133049237933,0.853703788839757,0.0672133329128819,0.01156882371407264,0.01761295909530844,0.002423461012067217,0.01127671113168005,0.08986547635750017,0.28110700574285247,0.44568638690906615,0.2172306487561978,0.2172306487561978,0.014725563556620178,0.07307194012454787,0.11965240749479711
10000,19,0.7049606299212599,0.14648162627052386,0.15430622009569372,0.15430622009569372,0.04793297476303904,0.3463796477495108,0.6624316573091121,0.7534524554038703,0.1292748615668583,0.042562642407313334,0.042562642407313334,0.0018374175817591765,0.01838773923703274,0.05673635464654442,0.8419533607681755,0.07306950786402844,0.0064039408866994885,0.016511988120687673,0.0002052142958694908,0.02233301617507133,0.05527827105615726,0.3122238842313981,0.42380849967739836,0.17450556413607388,0.17450556413607388,0.014924016109927364,0.10570234363337816,0.21364131054754532
10000,20,0.7702846775400268,0.1159244506531753,0.04038461538461535,0.04038461538461535,0.019844336124055277,0.04932635630939497,0.8828091958582327,0.7293777063698885,0.14285307958835392,0.05088345357275781,0.05088345357275781,0.0009731847625308321,0.01664075494294759,0.05791197555457406,0.843473362089039,0.07144387105960553,0.020018915254126912,0.020018915254126912,0.0023111874009654684,0.029474094802591777,0.044909263046452375,0.3091854243990379,0.4204817440234696,0.16126782838739362,0.16126782838739362,0.011941287159771337,0.11717974180734847,0.21985999536250322
10000,21,0.7268561584840655,0.14196436565493775,0.1305263157894737,0.1305263157894737,0.017152846398788474,0.022953722164868573,0.5803147439349821,0.727793684880299,0.14766260381835833,0.04142437346013483,0.04746086407882531,0.004668247839932048,0.019751362850684684,0.07987274409976514,0.7955218111975663,0.09736785306864287,0.015353406071665465,0.04340748501012684,0.0052305396365736265,0.009226999963326321,0.11434136981990317,0.28317725900762036,0.456419733066208,0.18592597109579856,0.18592597109579856,0.01707156245295508,0.07270131353512277,0.2575740928123622
10000,22,0.5277908067542213,0.2408780954659649,0.2385703918722787,0.2385703918722787,0.036199167115446365,0.1927264808362369,0.44989111465291165,0.7325539761697244,0.14301494325667308,0.048921673372282815,0.048921673372282815,0.0022170250575513084,0.017959466611903507,0.052344296837182114,0.8655304847310334,0.06196307827744579,0.016165065210540952,0.016408885843404122,0.0002160983375568415,0.011812474305257892,0.0687483103021228,0.3173482855858101,0.41378565456752936,0.15292928114487936,0.15292928114487936,0.016703558873886103,0.08110670969518075,0.19890880914829234
10000,23,0.7477326082714955,0.12836435608050112,0.1883353584447145,0.1883353584447145,0.03505195888995301,0.0270629009660055,0.8828091958582327,0.750187315806124,0.12904951059498765,0.051542932477631975,0.051542932477631975,0.002621603475784974,0.015177228786251384,0.07094265146355949,0.8122312746081033,0.08611132205946054,0.03468134369358766,0.03468134369358766,0.0011393426807127238,0.003408740863612425,0.09127251351415133,0.3064721682219443,0.41850253939293136,0.19246637190185578,0.19246637190185578,0.014637531440026101,0.07037798151393737,0.16954863904105505
10000,24,0.7245443740095087,0.13860645933014354,0.0886963696369637,0.09039225209267779,0.0128759995143689,0.21107369255150554,0.6472351356110955,0.7757080189666703,0.11411559045818964,0.03147867418125516,0.038994876020305186,0.003942507275076848,0.010871288135491874,0.0602985683706897,0.8119152747063056,0.08662716052814023,0.011497868761204177,0.03374968313394207,0.00954027716435684,0.000890770541367436,0.0891024046969936,0.2865856206859361,0.43923540429148716,0.2066625418134399,0.2066625418134399,0.014529899771029822,0.09342893700039268,0.17951983336062216
10000,25,0.49316720257234725,0.2569274653626732,0.13633361354629514,0.13633361354629514,0.015183493182450485,0.06269686331124091,0.5519978023412138,0.7336672702461555,0.14364012391218578,0.055751992071107925,0.06069226536265687,0.0027879518894736582,0.0013965994713668328,0.05808983943420715,0.8370616927695024,0.07642855144172717,0.024621883885188378,0.0246409806508993,0.0005182185351165908,0.006700839146037252,0.08912630207751226,0.28966582720984146,0.44408327430155403,0.17633666887848065,0.17633666887848065,0.014520953729138537,0.10995605138607167,0.2667094401411344
10000,26,0.5788833816515477,0.2139598973676708,0.11260454002389486,0.11260454002389486,0.01668308946928202,0.07948717948717954,0.3349426526178626,0.7496779775375209,0.13276487911786866,0.039113349766012995,0.055984796341332854,0.004632229086234202,0.0023005812753306154,0.04742536717509985,0.8510748067548407,0.06945436484308287,0.0018533332709577133,0.03317708899087014,0.005523048532408682,0.006746460566003254,0.07168932732992678,0.2817741130043969,0.4456915357456992,0.20201573254670602,0.20201573254670602,0.02205116777704192,0.07601676673841629,0.18767099152506417
10000,27,0.6176841347019628,0.19256235827664403,0.04944935830731878,0.09350358950217723,0.016776411866381784,0.06746031746031744,0.26111792010798557,0.7931501598530919,0.10299836692495207,0.014378829004473626,0.044849171046837374,0.008335242764699338,0.002514148954426476,0.057973058773817254,0.8420084030088644,0.07149647575420126,0.01290211306366662,0.036989012830812906,0.003128375594743986,0.016712328531503617,0.1340892975344704,0.29809349418354153,0.421943796943797,0.16920371049809113,0.16920371049809113,0.018751333901711194,0.12038914771170173,0.2794060587839886
10000,28,0.41035630224819414,0.310682517960999,0.27349397590361446,0.27349397590361446,0.02232824109999708,0.4958708708708709,0.7691250384012617,0.7764905798409986,0.11408988312593804,0.010097780537016932,0.05095298508016351,0.010219709819237935,0.0005318445085461532,0.06049762174215101,0.8298263555321413,0.0783451640919583,0.010501081929653266,0.019039155271027494,0.0005854175279349297,0.019999639483740728,0.07097756962395996,0.3007226370409739,0.4279309795332987,0.1275378775753635,0.1407081807081807,0.020864903456719895,0.06414071244958686,0.10934272734470318
10000,29,0.5312865828329746,0.2488322206852308,0.11886105286392223,0.12083049693669162,0.007501997474514105,0.18436202972285443,0.3491725486863863,0.7536172333890176,0.13162260294429873,0.03369600584721266,0.06226399195145921,0.010811300800614078,0.0041392984600696625,0.07910550106224856,0.8232381613529155,0.08361772987412736,0.01606226160926727,0.028961319628769855,0.004311615962560182,0.007680968859640425,0.07245664696420373,0.27791539412991645,0.453980465125976,0.2068977696297063,0.2068977696297063,0.015294590298142625,0.04434499747586884,0.2973016610862164
25000,0,0.7206870428977011,0.13934915527235092,0.046429204323941264,0.08124979573160766,0.015250887944880491,0.21987240075614367,0.5841290077940458,0.7727192088966061,0.11657603289968516,0.03428307293198685,0.043878982860453886,0.0037017200435330716,0.006110616604711017,0.03068463103949942,0.8399766189641353,0.07344336901894283,0.03468115744143019,0.03468115744143019,0.002083454129347233,0.0031301385552962024,0.06421059023267117,0.28928868339929087,0.4363483067114824,0.21111579319744878,0.21111579319744878,0.012828835701174622,0.07785093997518844,0.09385774082890946
25000,1,0.6305554870073785,0.19131534893230934,0.043616682585163935,0.04977839962899723,0.012872821310183462,0.13391777509068925,0.666333542396378,0.7694374928142198,0.11919703982573643,0.035921141595830264,0.04372818875002696,0.004346733791173313,0.006832603401451864,0.05687157475608001,0.8341536715582983,0.07665204850532842,0.01577610682044639,0.031588732554800075,0.0035127231699547054,0.004072270831585456,0.08647311762206278,0.29436517873374224,0.4321581903427289,0.17159051932137004,0.17159051932137004,0.018184958390023542,0.08355134391411356,0.14394071727571386
25000,2,0.7086828383586488,0.1494794393066946,0.030761556368473553,0.08391003460207613,0.008157982646129082,0.17090395480225984,0.37215836724569384,0.7676232808550147,0.11948859268263934,0.04812232267791283,0.04812232267791283,0.002060242432991126,0.002442486135188715,0.05383074408095245,0.8209538903367662,0.08266715023406501,0.017630511181461084,0.02983118834458387,0.0025843427692835708,0.0024158262496357663,0.058862525173538294,0.29191826464931303,0.43398982849339907,0.17903220423038446,0.17903220423038446,0.015482849120290014,0.07025496176324775,0.13083640538383812
25000,3,0.6063124299016177,0.19404806957399284,0.11979166666666663,0.11979166666666663,0.01835794816711149,0.1970177824794721,0.6295584036848543,0.7351038256489592,0.13944157453715889,0.043814218115217574,0.06066087662518953,0.0030305110229718046,0.00022493345634444495,0.0498829476893905,0.8639699973825722,0.06205129584178759,0.013639137893898146,0.029636399680457795,0.002406935462510834,0.007552647926173384,0.03591162761723787,0.2948317743882864,0.4301948907277155,0.18400711741876363,0.18400711741876363,0.01925222091645188,0.04538178559730721,0.0933614312236224
25000,4,0.75750501249691,0.1217860295740455,0.03704888053921984,0.03704888053921984,0.010804777451798385,0.08123815540113699,0.44967203606717665,0.7663226893409147,0.12056578935366413,0.04459282795432207,0.04459282795432207,0.0028313347266622976,0.009281318337107436,0.045020080823215125,0.8557410120481521,0.06604839340236335,0.015329935308742937,0.027818375486140356,0.0013432870378427691,0.0027449123705446388,0.054300319871980696,0.2960160551080736,0.43133931538717185,0.193649679949653,0.193649679949653,0.0174554686367054,0.06806806806806798,0.12874728532774227
25000,5,0.557386723472854,0.22559275779095017,0.13941347083467615,0.13941347083467615,0.006751253452855849,0.037770740975300865,0.5607494469788815,0.7512023840506599,0.13008490935858297,0.03543830123651548,0.05368070421495534,0.0041877215627330044,0.0031683885950650748,0.031877389611194656,0.82292324305015,0.08187482567954751,0.026129344538967092,0.027292344112620617,0.002084240749065637,0.006469404651812671,0.03706665414397925,0.28398960791067324,0.4394808583711478,0.19653350523812918,0.19653350523812918,0.013667833264880552,0.06761081660275214,0.1333252116860158
25000,6,0.7610746410666778,0.1219976965375717,0.04327801626681038,0.04327801626681038,0.016585594421525282,0.04453781512605037,0.3399534424795285,0.7613258427208597,0.12402855943180963,0.02970822946624674,0.04736633340649676,0.005495194566704581,0.008083542466752136,0.03969038337760333,0.8246415599708824,0.08120131850271561,0.02396559036349588,0.02396559036349588,0.0002476283414081584,0.012538000430211471,0.04014900270948207,0.29998929647613154,0.4301389341281557,0.17954388751967998,0.17954388751967998,0.013408436753203357,0.08359118195778814,0.13220201874857396
25000,7,0.7192684950224478,0.13606838011158184,0.019990619786100394,0.0446031746031746,0.017514475649601964,0.12027768808524375,0.3592656425900973,0.7552838146485532,0.12626613844113171,0.040493703973724315,0.047564885331944154,0.005735590869449254,0.006131900849068894,0.05774429637524203,0.8452329280326542,0.07040047563605856,0.01886987966322229,0.027818573625794818,0.0033734847360492523,0.001901062189575864,0.04773476382277758,0.28206450695508245,0.44069414453072486,0.18708005822416307,0.18708005822416307,0.01791487655803714,0.07029421699612548,0.16059497209939294
25000,8,0.5865042174320524,0.21077845100539355,0.05102040816326536,0.05102040816326536,0.009123076328197317,0.10031347962382442,0.548680404408203,0.7710212981300613,0.11881851501508123,0.041328815701362376,0.049287556127754234,0.0031075575977912995,0.0006751515140605013,0.062464136140995385,0.8289281120152489,0.07953177056657124,0.02010707660915556,0.03463822237858086,0.00423082768666215,0.0071919753634031025,0.06456258209846444,0.29674198973662747,0.43369652193545727,0.18480411832424404,0.18480411832424404,0.015353306376586405,0.08815534358954369,0.18922605615137444
25000,9,0.6583403260608965,0.17500191879653088,0.07047619047619047,0.07047619047619047,0.004817117585152124,0.05579008176324207,0.31813778397398207,0.770604781206613,0.11918604701102481,0.047028831227246215,0.047178199524072595,0.0014962211157293764,0.0023011247006697877,0.057149958998779005,0.8278513146485519,0.08034495811918996,0.016034584248789563,0.031586482365837984,0.0025205701832323457,0.0003618186676166424,0.05836194839862274,0.30628344860722234,0.42940674182950395,0.17326214489492509,0.17326214489492509,0.01612615796915509,0.06745923395002051,0.13910645047011005
25000,10,0.7853208148673188,0.10616383671993096,0.04555327336685788,0.04555327336685788,0.012191292422756725,0.0457358602309742,0.4281500725861524,0.7595891235494425,0.12432691754420616,0.0427773063178194,0.04586727474533246,0.003379080562261959,0.005767754537439607,0.056642642922790754,0.8196605399195662,0.08311185034259255,0.026382850032947158,0.030017579816533663,0.00016687568360729266,0.0007545645546710444,0.1067246603994757,0.2850145089582834,0.4401040898528781,0.21571695385998757,0.21571695385998757,0.017952303408054378,0.08047286821705424,0.12660298612314846
25000,11,0.6391752577319587,0.18041237113402064,0.0896171933008828,0.0896171933008828,0.02015778361176556,0.11287145489589734,0.5359661131199432,0.7574649606983025,0.1256292791310203,0.03527409034532203,0.04598666749830632,0.004671285062245373,0.00939771349925822,0.02983512943312544,0.8323403591842001,0.07700490896685219,0.031132457544860603,0.031132457544860603,0.0009816821804609424,0.0035148414353185498,0.028237107809194917,0.2919514030323542,0.4329549600729097,0.1940595743316179,0.1940595743316179,0.015179319273686064,0.07532242836346392,0.10884073025924063
25000,12,0.612157258064516,0.19756395641412744,0.02026845637583896,0.053517751448728945,0.010261841833502233,0.1839701770736254,0.2895261154096014,0.7812731741868358,0.11365987520490356,0.03480630928977746,0.035129826075774626,0.0012979374967313356,0.01647497734556036,0.04418727570637171,0.8302996268453225,0.07966155641083261,0.02096326427248696,0.03187262331544556,0.00279436832822557,0.0016663133347466497,0.04290753385910012,0.29417698830095523,0.4388563706434876,0.17684844800930266,0.17684844800930266,0.013846542036396778,0.07222816944486932,0.09925591141906087
25000,13,0.590759039347749,0.21029532310214488,0.11887271887271889,0.11887271887271889,0.012915546636604887,0.03787768209020581,0.23878451677664808,0.7713721016790274,0.11850009377763088,0.030384528964395696,0.051296258163205266,0.0037568758545745984,0.002816949970692706,0.04963402289518459,0.8450610636736025,0.07177908922896581,0.013536843481189886,0.024979232631641327,0.0021516504814621112,0.0035265430419281207,0.046492765269286696,0.27684137748938936,0.45109322995250517,0.200614795928578,0.200614795928578,0.013795945048808378,0.06329624108803922,0.11021479673902357
25000,14,0.7251291989664083,0.13538020999045497,0.015001696065128911,0.043298842079329894,0.009427026637363424,0.11552233296419334,0.18010744036767157,0.7588045803489869,0.12406203428119861,0.03166226947769846,0.050296921824847504,0.005076584265841504,0.0005919226670304534,0.04541768780109334,0.8161363042712911,0.08434797332499738,0.018902357636989997,0.03378559496362983,0.005590662835019862,0.00458084239877421,0.03829061282447033,0.2902575741378193,0.4320200092455223,0.17487027378508146,0.17487027378508146,0.017153276569297125,0.06162506956633418,0.1317751697535302
25000,15,0.4609783953554773,0.2769392511939496,0.2944444444444445,0.2944444444444445,0.022249084370810628,0.23628691983122363,0.7792993291621254,0.7561293881905814,0.1273055483723412,0.03943929733745899,0.042516097703293176,0.003409769762938393,0.014025368337739597,0.03996698415390321,0.8450768465198665,0.07135539057405466,0.01875686594989745,0.022982224404824406,0.0006869486051078108,0.006924760808439179,0.03596213154493133,0.28923686293741707,0.4397859455815078,0.18403548879958187,0.18403548879958187,0.014204950753469912,0.0804197131555171,0.13064787044722337
25000,16,0.5207453416149068,0.24541984732824423,0.15932659932659932,0.15932659932659932,0.009184814413637978,0.09904371584699456,0.648904834943109,0.7583164922638937,0.12540682781167384,0.039335083826437134,0.04994295462551043,0.004487452980538396,0.002890509862048085,0.05391163886911232,0.8220544162397745,0.0821017030819996,0.020352264554480803,0.03222529778655413,0.003331021293988802,0.0019127886201858457,0.07633879963815104,0.29709837949067097,0.43195514568004445,0.1663802601905222,0.1663802601905222,0.01947989255490025,0.06282268184116724,0.11070597954844796
25000,17,0.6890705106099271,0.1587662147091624,0.20178501442975738,0.20178501442975738,0.05919305474008944,0.294798915351694,0.6683211296380528,0.7571072391476384,0.12442326567306983,0.028127231662881447,0.04923674968976781,0.005074955238971612,0.0029423181510588314,0.03629559131017018,0.8270160462950101,0.07877220530862156,0.022300315922258562,0.02469007349566693,0.00041765277172645804,0.0069369226837371345,0.05918753662731402,0.2858590695267699,0.43383458140182807,0.16615810539038856,0.16615810539038856,0.016361000635095546,0.08278874016497695,0.1159657074773115
25000,18,0.6530310559006213,0.1753358443188951,0.10040538716115865,0.10040538716115865,0.014878652612394273,0.049905785470025776,0.23923916559501593,0.7679169568533811,0.12026121326688433,0.038264799286013895,0.039728088052528004,0.0017585314369013838,0.01274677406965019,0.03883141228250492,0.825407119171403,0.08099175080759363,0.021577445900922587,0.031047416254113072,0.0012565874509094035,0.0008855793957073255,0.057383653813694036,0.29455790798588755,0.43578617473123693,0.18384682320231704,0.18384682320231704,0.012337077931279326,0.06801291945349563,0.1376151016927183
25000,19,0.7207091267235719,0.13950803542144968,0.17141716168322274,0.17141716168322274,0.03310960564674766,0.12393302692055153,0.3477531885823227,0.7763275605615599,0.11545405625735405,0.03482986925396936,0.041537439543927065,0.0014700996729664143,0.00953641915864245,0.0650402202778172,0.8258053693227548,0.08104729266373589,0.015501053711787671,0.0411571723267071,0.00643794131940182,0.015152062102493868,0.056701992976397775,0.2918668844248164,0.4363641720248077,0.18018763509135605,0.18018763509135605,0.015928455398644806,0.06510013035303741,0.17354898279996034
25000,20,0.6662531905250352,0.17021923741392314,0.06254653760238271,0.06254653760238271,0.016401718784056142,0.08329979879275651,0.5291004746180592,0.7751343004615002,0.11718077594583554,0.03342192726499593,0.047890235784938784,0.0038843796851764853,0.0019242367700996743,0.05560186341361295,0.8409161483307127,0.0743054048168611,0.0177610525293751,0.03334827583687587,0.0029244250116574264,0.007439176600529507,0.079273455346756,0.2795430457615751,0.4490656725342121,0.19859309856358687,0.19859309856358687,0.015200403726168217,0.0644005479057026,0.1103062680829151
25000,21,0.6918413838372138,0.15612590230638312,0.08480352846832395,0.08480352846832395,0.013481697351699552,0.21803627818168458,0.4184788198408316,0.7679813306871791,0.12172603321130138,0.04243137898946592,0.04484658447765573,0.0020705465369144707,0.007583833056207245,0.04470725978359741,0.8364944020669185,0.0764788584686718,0.024976142719506433,0.024976142719506433,3.3987222007730855e-05,0.008115985901711475,0.08648879009740729,0.30219899469021805,0.4331269061701145,0.1806095090555011,0.1806095090555011,0.014683198926769718,0.07595707470722346,0.14446716725531406
25000,22,0.7832832972478293,0.1097281976333519,0.11583924349881791,0.11583924349881791,0.017205047761556312,0.08924455825864275,0.6589067210061275,0.754845523473,0.12877200191767685,0.03943281791385622,0.04566300768118707,0.0032835620301932406,0.010117357865443433,0.0411739044754017,0.8466183267772216,0.07116726788365241,0.01622056467468702,0.029775170726093036,0.003569050310104571,0.003972606905235154,0.04065785115888215,0.29987964390247773,0.4322240767054149,0.18455102412903446,0.18455102412903446,0.015054110729751505,0.06628853499642828,0.18315057477259505
25000,23,0.6662090561499449,0.1748879456908134,0.15588267011754553,0.15588267011754553,0.041437837471640794,0.24672116494124907,0.5533931575154869,0.7552770345622014,0.1284303141437218,0.027674018013756685,0.05044489909504163,0.006196344284677309,0.004405923193661732,0.035807824885369044,0.8235629536630386,0.08219405597826851,0.013293373150728205,0.03603809573325899,0.0029389502716158297,0.008135581632131683,0.08518715670941523,0.30469081337536985,0.4290866180528182,0.16971465334544356,0.16971465334544356,0.015414781683123796,0.07370948634223184,0.24963414773432846
25000,24,0.6529166666666667,0.17719634120399913,0.04419560748674667,0.04874181669394434,0.0232418746307761,0.039769736842105274,0.3739732016684098,0.7485136440456764,0.13259891115449968,0.03843709761841352,0.0518490510877917,0.004626358938619721,0.006786834166865097,0.055792565667545424,0.8372982961625103,0.07555391119456434,0.015920380903309383,0.02176670155837647,0.0013980303113023188,0.012789746707261629,0.03268113777925996,0.2922168849296437,0.43676091561456365,0.18333955367092558,0.18333955367092558,0.016100327018404033,0.05823867440403108,0.12655607941658964
25000,25,0.6822619047619047,0.1600887715930902,0.032739536492563115,0.039669353222512915,0.012447977894378577,0.03913419913419913,0.23688963222935683,0.7446720713099995,0.1339136343700844,0.03654065016225083,0.05717195533184613,0.007084740687976383,0.0016551135195118638,0.041114269685920246,0.8415312739746071,0.07293579898489555,0.023592959782158585,0.035697575677902146,0.003751882471896062,0.01377888305401731,0.05424297287666402,0.295398959970265,0.43360568987202086,0.1840285162865808,0.1840285162865808,0.020096480518645855,0.07321314391127642,0.13583088474799132
25000,26,0.7391831525207402,0.12937638493194054,0.05545065906661917,0.06574111882400979,0.00867192548748933,0.1520627966411099,0.39069724681756623,0.755535988508119,0.12595712058888847,0.038578337068158386,0.04800665106816547,0.003672488288438573,0.0038106138578416493,0.0417829130734253,0.8018650257179125,0.09129457585611428,0.024807578448786227,0.03653761464095154,0.003033134212464761,0.005480099734371913,0.04442864347458786,0.2806962976240056,0.44182228540157564,0.19203311308574467,0.19203311308574467,0.01736825751724326,0.07812508763762605,0.13639279896094902
25000,27,0.59445222751471,0.20625284997720017,0.12251461988304091,0.12251461988304091,0.012130217992690005,0.20648748841519926,0.30619252397874397,0.7387087272475948,0.13855230914793254,0.04621033723659507,0.055788385417529604,0.0032891668424367,0.0012760225456206475,0.04771820842654034,0.845503367605119,0.07136827759867004,0.034875686602159894,0.034875686602159894,0.00319764651441299,0.026995259667914162,0.0582307007034496,0.29756541826014893,0.4316156444540497,0.1853173330364425,0.1853173330364425,0.01412778472506606,0.05419986989754433,0.07101178228291205
25000,28,0.7455698570035485,0.13099132481751558,0.04170929194204431,0.04170929194204431,0.009916791799015834,0.09212647241165528,0.3026287214470946,0.7698952400633873,0.117684870684513,0.031055068261872765,0.048515833743813214,0.005142160387717198,0.0006377459425337406,0.03243879715252232,0.8482547833995776,0.06919273832850242,0.026687688561853773,0.026687688561853773,0.0005510968701946742,0.006734778181521572,0.04962359438611852,0.31041885539103553,0.41479103899152353,0.1686548838970332,0.1686548838970332,0.017424369188452825,0.07133031100942155,0.14498590769599284
25000,29,0.7090997974718906,0.14586266064362502,0.06450534759358284,0.06450534759358284,0.016404429118896183,0.08756285355122562,0.3599351226324121,0.7655351963035366,0.12297592478365649,0.03282769139379915,0.05351608841775206,0.0041319052425699,0.0008296787529586958,0.038707442055613606,0.829552259085738,0.07973807777501418,0.023305065626535337,0.03043340286004323,0.002528632810174,7.537660426160109e-05,0.06121328907096857,0.2962905140707769,0.43647803557635356,0.1996693374344518,0.1996693374344518,0.01983997165946793,0.07998026836871286,0.12126507245333173
50000,0,0.6178657275420649,0.1945762856593919,0.11461672314314508,0.11461672314314508,0.012701127061056729,0.064454513148543,0.24731191552788745,0.7541478872850003,0.12723300372700835,0.03542994032293445,0.05276099881134037,0.0061138587288073615,1.2205840106971344e-05,0.042632640282896817,0.8142146638857692,0.08546125461254617,0.030135397528618824,0.03380734324838813,0.0019336267876437357,0.004346821298345516,0.05001029770665344,0.2896192771982579,0.43386693607676285,0.19257726339140746,0.19257726339140746,0.01376252890705014,0.07932549578434867,0.1431617066373554
50000,1,0.5731214829526646,0.21560890791145593,0.11126073833294636,0.11126073833294636,0.008031036659088872,0.06703830760434526,0.22349939624290094,0.7552602251423852,0.1270802544512855,0.03701697962257422,0.04971635811095984,0.003953433857173269,0.0034572014857896516,0.04095441439427466,0.8266888045328543,0.07985305349179139,0.017515303789362613,0.03454240790960489,0.004756467097784892,0.007395375462527776,0.043108111178847164,0.2775007281267781,0.44060112395208084,0.1992946039590573,0.1992946039590573,0.01492603230849554,0.07237241211760803,0.12131614683810758
50000,2,0.6929452955741257,0.15924458266452646,0.07087912087912085,0.07087912087912085,0.01009508647755459,0.032053721377434785,0.23885972691535545,0.7509908077363152,0.1302822603967841,0.040071539542535395,0.04791442722161865,0.0035569028248807893,0.0065322751144112345,0.03424005540140673,0.8206630267741526,0.08314853677366063,0.024780295119823936,0.030820505433773168,0.002491126858973146,0.0007157465793342643,0.06463248605297012,0.28642970379764615,0.44210006594540885,0.18290804720478215,0.18290804720478215,0.018083130814983944,0.07730372399720864,0.06197190703561847
50000,3,0.6186775881400274,0.19093475141912547,0.0750065138092757,0.0750065138092757,0.00888899375243471,0.10005194457011679,0.3984323450064746,0.761633368023826,0.12326788599840904,0.04267152976530253,0.045137393580204466,0.002469172657139203,0.007871457580252428,0.05940971577359577,0.8311314578183384,0.07771489454328823,0.023219108261493204,0.030304947294902657,0.002047457981816561,0.0012893005625801424,0.05835004016145662,0.2981317752038612,0.43075578270970305,0.19021667577342394,0.19021667577342394,0.014549136548068602,0.08090718463745727,0.08226337326220212
50000,4,0.6617521367521367,0.17037993757399633,0.049111508646392354,0.049111508646392354,0.0039196491785836104,0.1025449674703407,0.15678041265138848,0.7481324992606103,0.13256256858217647,0.03789821528922399,0.04604976046646786,0.004625889881825197,0.012314849273694861,0.03574636810866144,0.8522002595622237,0.06812363836693708,0.012986883586558862,0.025225129272273647,0.00201139352998847,0.0016816957800376287,0.02409763149968963,0.2951575180553708,0.4358669780107314,0.1746881307964694,0.1746881307964694,0.014917702174239128,0.07984570877531338,0.20254502673705221
50000,5,0.7851324721657894,0.10651842418035495,0.021643329863906824,0.036244450610432855,0.007282442734584324,0.0946530872056015,0.5113889140807011,0.7723745040502276,0.1174104912616441,0.03525762446253422,0.04658150457785863,0.003541792515665179,0.0031004087110352296,0.031818972970227594,0.8288376215337414,0.07922525673412883,0.024300378339903173,0.024300378339903173,0.0005158314737245609,0.014613632523087117,0.03535119956168209,0.2934778182088286,0.4351926718093722,0.19121101550742758,0.19121101550742758,0.018225186417156314,0.06869493842671504,0.15658496240374287
50000,6,0.726156502439637,0.13873091225699097,0.03731343283582089,0.04231284085940161,0.01810195893258911,0.10752455821149665,0.30967551587119857,0.7599546836078471,0.12549967469454365,0.03837646920006277,0.046126330843855284,0.004138999333527758,0.009143967093228178,0.056842765104227755,0.8312799904783544,0.07841660682708407,0.014251551840463006,0.03198875965566689,0.0033434035800612855,0.0020007561436673482,0.048372592569282835,0.2970271331840523,0.43342456295284193,0.18086227380995012,0.18086227380995012,0.015142995570451817,0.07346931254951816,0.07101904628375177
50000,7,0.5881757270465523,0.20614205910478844,0.04511963341925063,0.04511963341925063,0.00843504999408358,0.06310850310982175,0.397763486475913,0.7613558575901442,0.12384165041596756,0.03213430377609472,0.05097394498100059,0.005516881700926728,0.0017444210340442634,0.03597876396253463,0.8315375759798231,0.07784942622007679,0.02124796202964474,0.028436588496238743,0.0026250270895238764,0.0016363598861377504,0.03586425464211829,0.2955212865466965,0.43123667935451715,0.18010551453563917,0.18010551453563917,0.017813848695569214,0.06551429790866403,0.08386391935108584
50000,8,0.5685068649885583,0.21862318840579714,0.15219593850491164,0.15219593850491164,0.01455928014380034,0.13621516851916105,0.14922971782751226,0.7465077662672913,0.13307997289701923,0.03622479582599014,0.053869340100861335,0.005182922007653676,0.0033772818970383423,0.038184277184888704,0.8396245615557699,0.07395714096127193,0.018268838540696497,0.0290477366086601,0.002518150119935836,0.001205456789576731,0.06381336950262773,0.29035926962815195,0.4389128583429034,0.18240632541400492,0.18240632541400492,0.01636572455253691,0.07466475647508375,0.12262108758581913
50000,9,0.7017096739938409,0.15114339521119186,0.040165902641344675,0.04642755700157512,0.014896205162725655,0.02390751507921851,0.3730519831681831,0.7552404313114254,0.12766356334929735,0.03416510582452925,0.05226205777204343,0.005260191710507053,0.0020071223469835253,0.028155254323204648,0.830573910886217,0.07827311603874965,0.019954346820884594,0.031826705300118635,0.001718034668028695,0.0035477603140570135,0.0458012590368847,0.28683680961520003,0.4381364286755108,0.1917154849049546,0.1917154849049546,0.014565646669061197,0.040262532709662624,0.0721662494951357
50000,10,0.6390265319230137,0.1817683977645042,0.03224629475856167,0.04235505574866737,0.006211311102562879,0.18387773304727228,0.40841148751060796,0.7633770197675449,0.12228158727332433,0.0396524051836219,0.04224710302571115,0.0034656955245704127,0.010624813445079373,0.033644603145808416,0.8255211652632855,0.08045551730644956,0.020046043420273496,0.025710109814026022,0.00242559940765346,0.00767437418315009,0.028677028628150303,0.2921622627564473,0.43492967951608086,0.19105558616593743,0.19105558616593743,0.01517515165005097,0.07059366680617696,0.07274814852839934
50000,11,0.6438290210559781,0.179926678722159,0.06840836946423046,0.06840836946423046,0.009692706919609627,0.11852889206361139,0.20924368193878046,0.760721869992297,0.12413180656573686,0.041446394409977216,0.04680840719682504,0.004432021008565733,0.006909955778461763,0.041439640238096154,0.8278146493758958,0.07944461059771685,0.012227654170919755,0.03342729853165512,0.004140017515560972,0.0036023656463393117,0.037484913279828946,0.2861337341544451,0.44172460018183857,0.19207055365017156,0.19207055365017156,0.015015901384001877,0.06693428410198532,0.09565639368348133
50000,12,0.6997503259369897,0.1530892542661937,0.04174174540282438,0.04174174540282438,0.008842500556630419,0.11420601695817223,0.33839122972480445,0.7492537969124773,0.1315005122973424,0.04426311191148713,0.05235568466492453,0.0038113316241787445,0.0025734431880021225,0.050618856691660885,0.8269403373402838,0.08020118039009344,0.028728590183564995,0.03109172144394287,0.0002189854876399333,0.0022552091329146595,0.06358288554718994,0.29256731153652193,0.4375073249320731,0.1865054875959372,0.1865054875959372,0.015646334662233176,0.06591130604288498,0.12285526543155179
50000,13,0.6944428867829305,0.1552952576379389,0.06815409849854903,0.06815409849854903,0.012501507904228722,0.10258976803304731,0.1623977126664461,0.7622969198303243,0.12435752488275109,0.03235751127293007,0.05375015821646237,0.005836562689290607,0.0009015733561791306,0.04323148711419217,0.825806717024233,0.0812978760283839,0.02577403948574508,0.029146646038766946,0.0014370756491831269,0.0024749419727938538,0.05733958038674003,0.2877245642215036,0.4419673875807306,0.17133606864603745,0.17133606864603745,0.019402630309582128,0.05038720472246627,0.06919633474099829
50000,14,0.7119130428887173,0.1457667615181032,0.06410593703411382,0.06410593703411382,0.007814828215571772,0.11322485931000736,0.39111281713012025,0.7483270328553082,0.13130225445362298,0.038910557287466396,0.04838065614682065,0.00492799976454366,0.007589942783156722,0.04104688631395975,0.8346348947453323,0.07595798463409847,0.013786936196600874,0.031040031338479587,0.004059724188778736,0.003549551897996883,0.066379945911756,0.2866224044036559,0.43949005453754897,0.19017079016129013,0.19017079016129013,0.013966208326853288,0.07908140578878575,0.11124106895744945
50000,15,0.6684790424641774,0.1678940555643837,0.09956546382013987,0.09956546382013987,0.01939742823164034,0.10807366464724488,0.25436605601470985,0.7615149857628759,0.12339075318176113,0.036801388551291,0.047355098235019405,0.004266306895124368,0.004195911342646519,0.04304884401813569,0.830312824318339,0.07812025687053442,0.01381525803800232,0.027705458947593117,0.0045256232117595815,0.0029621165867431687,0.021893801068863517,0.28167010268536385,0.4435221824126755,0.19577292720841144,0.19577292720841144,0.013750303849353294,0.08772433596554197,0.1272440965598728
50000,16,0.6908243840808591,0.1566410625700112,0.05680519708822418,0.05680519708822418,0.012713352878872985,0.09134554643082748,0.2527242223008135,0.7661632428378796,0.12076500531669243,0.030679616262542564,0.04857676376315548,0.005685266082634019,0.004370457619138124,0.04793474797836139,0.8296374868024998,0.07862669062706895,0.01412633654840989,0.028320643154485695,0.0035814452026924556,0.004135734292533222,0.040056574817422474,0.2833258070270187,0.4420473332092746,0.19351940736075468,0.19351940736075468,0.014546038690022696,0.0857188395541062,0.05216638192317047
50000,17,0.6923052763819095,0.1555573197840584,0.0785391079508726,0.0785391079508726,0.010390243764967687,0.10247666905958364,0.6442593446202876,0.7588833162074637,0.1252516428473785,0.030004803501368804,0.045744291247458393,0.004984364963038571,0.009309755431015199,0.03666436178968624,0.8262415714993016,0.08026732897678818,0.021046563217336,0.031813516105827874,0.0021276414363137625,0.002631542209219684,0.07245285906406762,0.28780816747257215,0.4366699361806342,0.1747649230631706,0.1747649230631706,0.016221451501910802,0.07392966466750694,0.10057571536085952
50000,18,0.5940401836629156,0.20765927732348366,0.051754331102633055,0.06427662753942814,0.018572735146345193,0.01751629943491828,0.27222834664218376,0.7571146305033936,0.12657833707005167,0.04167650610247098,0.056942993037239986,0.004685672048253743,0.0054158306581060245,0.052348688160889,0.829602167248319,0.07885444097882333,0.019298063307723434,0.026797806829562953,0.002392525300272695,0.005408685306365291,0.03987623478787761,0.28752496073426964,0.439845474322477,0.1961603956680008,0.1961603956680008,0.014824778994860163,0.0740388043287793,0.07490347571117673
50000,19,0.6332226102262726,0.1862829210615488,0.023518891124524877,0.03267696909272183,0.010992510215018493,0.06672747959824232,0.27225838126907265,0.7612989809254339,0.1244146494427717,0.033379632371888124,0.04890680760424641,0.005162611874212367,0.004193797944430866,0.027472779981542184,0.8380584887784126,0.0750076806649227,0.011942799867856624,0.0254234152137882,0.0041497740308843595,0.005602538668982526,0.030452169517362293,0.29181913314766605,0.4362822735316676,0.16781036544883543,0.16781036544883543,0.017436854650686576,0.07662402874048158,0.12120428992291712
50000,20,0.7135416666666666,0.1449716139497162,0.017006366705123233,0.04691248188588723,0.011120054782314412,0.13782051282051289,0.45617055174008225,0.7587418356541455,0.12477634969908818,0.028463170880659527,0.04833679846313131,0.006268606447324847,0.005237005728672139,0.03747807360594074,0.835593064493161,0.0754165265927601,0.007776120945604426,0.02921224425379927,0.004064084920235661,0.000270377178659742,0.0360651504455462,0.2838959934167408,0.44030220083981464,0.1916469868567301,0.1916469868567301,0.014818144423572918,0.0698437562457529,0.1121727983072126
50000,21,0.6695771091941931,0.17042864894194254,0.02388337258868245,0.042866230652759074,0.0033800808462686807,0.13715744099539406,0.40755570408936,0.755042070516045,0.1286698868947223,0.03877169934819691,0.05401206321046409,0.004987477134355475,0.0014266939677137769,0.03577438589517462,0.8362567386883353,0.07613932555223579,0.022546078128375946,0.028835845997355156,0.0017391549305480064,0.0009122170926901818,0.027449441531748664,0.2963636703781771,0.43361609348677077,0.18619387585582936,0.18619387585582936,0.013986174941044274,0.09249820846398094,0.07671354227022742
50000,22,0.6038607708062905,0.1986087952931152,0.040063835748831544,0.040063835748831544,0.016685955649618237,0.07226851717429805,0.23610786808357886,0.7647375466418573,0.12106360771388469,0.03104133915189944,0.043655121473423014,0.003986187242807596,0.009566568414173027,0.03499274260707075,0.8391267645408799,0.07371082147757252,0.0055646441497793075,0.027749882546062185,0.004941866660084594,0.0020248193798775294,0.036696670603623804,0.28459724588776103,0.4384477094338298,0.180526504586638,0.180526504586638,0.016973629820639026,0.06320155082107781,0.05312477031830154
50000,23,0.6828556554628099,0.15821525741139886,0.09491520625123862,0.09491520625123862,0.019670888767285767,0.07526015406526454,0.3329116090138492,0.7532375107021652,0.12820993033693173,0.03728992749148108,0.04742648676258246,0.002837849159541536,0.008196911709819621,0.027508863377683157,0.8293652171092826,0.07853797815756419,0.02306056303675008,0.03099754164137007,0.003092497228904409,0.0023096338822997664,0.03465565086661704,0.2890523169605353,0.4343553538431262,0.18950080694381566,0.18950080694381566,0.01605964405239333,0.0804820524620341,0.08232959831356423
50000,24,0.6625339015885315,0.17169327813916818,0.03536743783248797,0.03536743783248797,0.010446922245159244,0.07580982236154654,0.30749920657960916,0.7589715049594655,0.125527450741713,0.046023766592806825,0.04818318042192102,0.0030677461782470453,0.003960235179847671,0.04601322076640074,0.8374933816425626,0.0750595930570977,0.01893924865267138,0.028251640836535627,0.0024941882670944104,0.00037511394067690773,0.04712003435929657,0.2981945951728427,0.4308312651611863,0.17780036934247512,0.17780036934247512,0.013719625059664294,0.05734955172331391,0.10621118866008764
50000,25,0.7868234344416938,0.1072862734506026,0.0731216457960644,0.0731216457960644,0.0227353905037019,0.11189701682005715,0.304419452451406,0.7715286467258998,0.11855588038788833,0.03178557056940634,0.04547748002154961,0.0034303545920954456,0.006383267388893943,0.0279593099502079,0.8336905938135672,0.07731350291997419,0.02147503189958877,0.026443176830822562,0.0012729310021181717,0.004990046594957831,0.05193231936915921,0.2891999415399236,0.4420704069017157,0.17774224207403233,0.17774224207403233,0.016014023259811577,0.06780437602210565,0.11354513966046287
50000,26,0.6574128513699543,0.1756899182437202,0.033892158488063706,0.037977650750277106,0.009057618801135987,0.07764366211282214,0.5559701437697537,0.7580276253740367,0.12606707653895444,0.029684146380223098,0.054154146217073026,0.007171049440503216,0.0008741978525158567,0.03347563600957837,0.8296630095074411,0.07882107413821487,0.02083833088444831,0.02522662278974415,0.0013495543178738342,0.008482951573797859,0.04734386161299953,0.2823094492341545,0.441256699083594,0.18651119000490668,0.18651119000490668,0.017814740984465442,0.060242623091785075,0.05340701072774534
50000,27,0.6474415568520258,0.1805731661549957,0.03353528778509374,0.03994427697886019,0.010135218658211799,0.09288877952755903,0.3129043045217154,0.7638042181222038,0.1223085337334982,0.03298730250145809,0.04565660746303693,0.00417772161868734,0.0075477465162823165,0.028630037102715444,0.8128233461551344,0.08692619481089814,0.02114385146158082,0.034144893182510086,0.002363613954706474,0.001984923701555008,0.04998405606035927,0.29499608483213163,0.4351745062217311,0.19015568216257106,0.19015568216257106,0.014483226748581636,0.07881515307926856,0.08962353828594383
50000,28,0.6286696395392047,0.1911799875639738,0.059652033462372356,0.059652033462372356,0.00860380749991952,0.07097080800286082,0.22625956128103347,0.7561685646161264,0.1271771196324345,0.03671374386788295,0.05177303199388755,0.005399596480442186,0.0023805278347163172,0.03300243757187549,0.8132311473734876,0.08688643203594171,0.014223823958177007,0.03612737243396906,0.0054690712154290486,0.0041234979021683715,0.041588523577093306,0.2855040435864655,0.4424116355319025,0.17231340921450666,0.17231340921450666,0.01870403073059597,0.06443206967944592,0.10443780089439436
50000,29,0.6329643025258153,0.18589067491123956,0.06674990937286018,0.06674990937286018,0.019623927836163978,0.07076076652850316,0.25962070777379065,0.7604566603599187,0.1243264504371338,0.04140215574391426,0.0528395737556621,0.004643459157344924,0.0015499623527581718,0.051886198577456244,0.8267603664079436,0.08000071039985013,0.019312826114639914,0.026804190943616357,0.003051493647995805,0.006066849816849906,0.037209082372051894,0.2910417646905877,0.4366795903752001,0.1848246067438043,0.1848246067438043,0.015719883297443844,0.06881744406002221,0.1127115668979117
100000,0,0.6310405590107839,0.18841485554071014,0.05069778043142725,0.05069778043142725,0.004158852957117508,0.10680761666368677,0.24988280374067273,0.7643731066987771,0.12243927443925878,0.035631050213268955,0.04852489274776296,0.004502434409043361,0.0034667578798350807,0.027176559212577334,0.8308190573065751,0.07836421313445563,0.02177417021310246,0.02825650843439756,0.0018998738901794612,0.0021118182664825458,0.040089974807845596,0.2940780557049847,0.434485520659765,0.18945403483961853,0.18945403483961853,0.014669362219113385,0.08240570675868719,0.092480751457647
100000,1,0.648503220917014,0.1792810204870507,0.046188971271488355,0.046188971271488355,0.005621925592813902,0.07512961984338451,0.22563610676252926,0.7569607266058899,0.12613363464015875,0.03802282283010672,0.047364472558572165,0.004235334036343921,0.006010347439621366,0.030296698405002986,0.8383985609072573,0.07427037586761875,0.015949003714961107,0.02550484521919036,0.002239554115956062,0.004230099404147092,0.03296047194708085,0.2884249726773522,0.4367375775797765,0.18223241446301053,0.18223241446301053,0.01624435464378174,0.07596347466923803,0.07795705546498788
100000,2,0.6172322173354062,0.1965894354771731,0.062112537311221794,0.062112537311221794,0.005211681758975767,0.08190561327883816,0.22417079508091525,0.7670219357089487,0.1205791565199904,0.03183488323810679,0.04692464203497884,0.005437965118691435,0.00555352799553499,0.032860314656043,0.8226001388745959,0.0822633633459337,0.01998319444039265,0.03239443938392203,0.0031012629810803632,0.0014598095636536579,0.039957583103508165,0.2923332399050401,0.433917764769327,0.1784680397808499,0.1784680397808499,0.015804675714702218,0.06205509720362823,0.0887340311687623
100000,3,0.6004121588078142,0.19982611426683028,0.10447454844006576,0.10447454844006576,0.004362823026478724,0.08300906849292622,0.2514027064735078,0.7616104592257216,0.12321712047799477,0.034756215118204925,0.047476592122824623,0.0042500753341897304,0.004224416085615634,0.02742385388237592,0.8254416601284266,0.08044464249099115,0.022182729190282524,0.029609122273727,0.0026834189812148315,0.00031704475141691724,0.034612734708942106,0.28739775555972685,0.4367142502555422,0.17959318638650512,0.17959318638650512,0.015959345180501107,0.08052810538694533,0.07953256522243901
100000,4,0.6491888291004333,0.17715063459899494,0.03456190109042845,0.03456190109042845,0.005065546662019603,0.10965358498022659,0.2909024589727603,0.7569635426080749,0.12675849422931723,0.035708587087407095,0.04900010240550656,0.005323555694618669,0.004824352819616684,0.03222070188207882,0.8373398027556378,0.07509203502011613,0.0135000517288405,0.03095602835909106,0.003255252228189169,0.003648738059270351,0.04674098889188005,0.2928440032443559,0.4352584925207018,0.1792858409539908,0.1792858409539908,0.01544929114361538,0.0775151729391439,0.06520172610915653
100000,5,0.6696105981533521,0.16757160309488256,0.04729106993359644,0.04729106993359644,0.006502326080311656,0.10742992232353932,0.19421595931471153,0.7614300206462665,0.1234407163963469,0.03578965033431958,0.05190542598982825,0.005280354200567522,0.0011198250176246427,0.0348398592045947,0.8309938732101851,0.07785172208078356,0.019396536427522926,0.025730382410091027,0.001909960620675756,0.005626198138157679,0.02391079245577854,0.2931881339540194,0.4332805308452319,0.18417887207836514,0.18417887207836514,0.015933954541461966,0.06535575541482619,0.061541846438572634
100000,6,0.6302174030124051,0.18662257355772494,0.049075391180654404,0.049075391180654404,0.00660719722034199,0.10307912292301658,0.19564948202093163,0.7657993394626439,0.12138448869314189,0.03516571373307298,0.05095613812221349,0.00493885011386655,0.00038764310981265204,0.046212041926700365,0.8256211398357769,0.08083815227825153,0.01921216616079735,0.02812482567779359,0.002881746515947338,0.004120820098208355,0.05071003053470702,0.29001121701952415,0.4365989663342186,0.1795746550934646,0.1795746550934646,0.016371283489508226,0.06311242399831851,0.10019471271879521
100000,7,0.640329159887765,0.1816432438096735,0.08324739956958394,0.08324739956958394,0.014218338782677205,0.1132822943249483,0.26795895751760523,0.7596061139337097,0.12529100551213296,0.03446660312798688,0.04886269258530185,0.005190778784598199,0.004341353843202889,0.031045117868875427,0.8316199000421167,0.0780002190221405,0.020905631692773263,0.026945918826980886,0.0011104813600526092,0.003675310296421541,0.041232959612562126,0.29544430423514656,0.4346323470941177,0.17895638231682087,0.17895638231682087,0.015088370818034408,0.07109671570614429,0.08367338407672142
100000,8,0.6920759533269694,0.1554978347575563,0.04003106101607179,0.04003106101607179,0.005511609662194349,0.11072905035665837,0.22337992104856197,0.7599783269575556,0.12445033118513521,0.03800275224023941,0.04974544622274872,0.004145126593769505,0.002791506707849445,0.02777611184020362,0.8312089327639716,0.07780484397826615,0.015670007522379348,0.029919049619844887,0.0034593845873855666,8.537133693897747e-05,0.035999203062853646,0.2880080003088164,0.43791378766763733,0.18988206413090603,0.18988206413090603,0.01530482926144975,0.0741001680408846,0.08618452231842477
100000,9,0.6726854980402758,0.16682701691140167,0.03368794326241131,0.03368794326241131,0.010253732427387752,0.09290874688225681,0.15814827222739092,0.7679842348820413,0.12008588891094352,0.03316205573640918,0.04590260420544344,0.0039010009402606002,0.007097294406542387,0.027353659833916688,0.8282993566197215,0.0795434481106389,0.019176313451471305,0.030564292474146826,0.00327027028132406,0.00048534550915202423,0.021228582188593803,0.29039543666838813,0.43616011704171687,0.18376294759690637,0.18376294759690637,0.01690023373019575,0.07461687098354974,0.08761685979991907
100000,10,0.6789642760227945,0.1639947365255972,0.032749077490774825,0.035137665803340046,0.008716499976826844,0.08500589096197564,0.32327583110636476,0.7602669002864549,0.1250439423873937,0.03903512576878809,0.045032443331410626,0.0032463119442733,0.008962232792707803,0.029257905482125035,0.8290132271445274,0.07943638014850574,0.021620215416463195,0.029995612711625985,0.0020970423317061004,8.818142615407698e-05,0.04089291215528712,0.29266838764264247,0.43704868857494494,0.18234595903333517,0.18234595903333517,0.015481434208726469,0.07064522406316032,0.0673689620949961
100000,11,0.6713019484523369,0.16681452344742553,0.04183998415382972,0.04183998415382972,0.005937883734014444,0.11012850097280658,0.32299420088626757,0.7616843353567704,0.12362433983690535,0.03405557325552533,0.04591707498114987,0.004183552695961434,0.008436560559128004,0.030553485596529817,0.8313457894390722,0.07785896149978822,0.018705569455284454,0.03003963842258557,0.0026869737362170895,0.00022136683201590124,0.030246387726422852,0.29007201593493354,0.4363608214546345,0.18176751428972404,0.18176751428972404,0.014778090914087688,0.06615079583631667,0.06556827065990811
100000,12,0.6690869694386319,0.16949595486150593,0.06844936222529574,0.06844936222529574,0.0055616359721458175,0.08591747700889496,0.45198779289741553,0.7610627858465642,0.1242559607696977,0.03415012805040751,0.04950014718153074,0.005327188459732575,0.0033549225641660296,0.034911594308427274,0.8273929581728506,0.07994193905552144,0.020042545213422525,0.030512624872027314,0.0027138991977544782,0.0004606271675591245,0.03181323082381882,0.28749013590880657,0.4378798676475678,0.18740217394017922,0.18740217394017922,0.01606280739491671,0.06574811385917645,0.06005823474271177
100000,13,0.7086788507467275,0.1473468647121342,0.03196359019398198,0.03942160449504044,0.00762635954102462,0.1207554076158448,0.26849973758790036,0.7621697643634551,0.12377825139986598,0.0369361129649427,0.0494684974592777,0.004949087540034397,0.002344152394729848,0.030593122850624654,0.8316281646046204,0.07802399536156301,0.016430115018613023,0.029329469073133982,0.0034600305584965227,0.0005055617091774822,0.03674662133091344,0.29097179814680146,0.4356338377861516,0.1843520250619486,0.1843520250619486,0.016402662241433538,0.06610913251655137,0.12706663069586255
100000,14,0.6728867206130553,0.16533499778415928,0.07003601269115811,0.07003601269115811,0.008829106929466597,0.10012890309603517,0.20863502485961005,0.7605875565607652,0.12423247575442203,0.032346967081210765,0.05141956371497643,0.005823772538626905,0.0011619003094212044,0.03318621460179877,0.8372437989977581,0.0750147052214774,0.017257014441151575,0.029044883471466984,0.0023048817944531716,0.0007629738458114765,0.05306395233045824,0.2848137344721493,0.4406662727153232,0.18445407709176387,0.18445407709176387,0.016528274670813588,0.07030569975355261,0.07179628378265507
100000,15,0.652726026733378,0.1759916681687021,0.03887727899494409,0.03887727899494409,0.006914801070108924,0.0942026177820291,0.21718530084803483,0.7610577921193687,0.12397426065487965,0.033036172697579747,0.048710516607759796,0.0054540709584224994,0.005473530356431722,0.030123587329363433,0.8247347955461514,0.08100782129050732,0.020639426878411693,0.03255787053657941,0.002686816570811011,0.0024348402188504314,0.03317777079460116,0.28670206377942653,0.43719120739242384,0.1859634574770519,0.1859634574770519,0.015472706124579759,0.068411189149303,0.0959973023492873
100000,16,0.6181926871702613,0.19270964537371899,0.06826878374995526,0.06826878374995526,0.01041960559779314,0.11500197526911426,0.36903766024642676,0.762120612347677,0.12362072983019173,0.031667364383761054,0.04718627939354779,0.005267524544772355,0.0064410602417532825,0.027607560068871828,0.8347075765189892,0.07644199911129224,0.01796272324690984,0.027787463220894315,0.0022234326454489833,0.0021325345426311815,0.039548866950632644,0.2952121314485734,0.4326443343613837,0.1803915042504426,0.1803915042504426,0.014505837476942528,0.0693934955229476,0.07190649797067453
100000,17,0.6627758181352859,0.16918108561491846,0.0668960326846576,0.0668960326846576,0.01066204232858907,0.10005067551416524,0.18612327273642298,0.7620502994630344,0.12391276653826683,0.036695504500053655,0.04795062985389205,0.004197506855684208,0.004835313503520289,0.027574348415756122,0.8299291411477725,0.07888288323367115,0.018722585699195937,0.027914174781836665,0.0024096764947266064,0.003327143216985462,0.03793942401129602,0.29263101063001207,0.4361866954776338,0.1809409045039141,0.1809409045039141,0.01611638563560889,0.06766581601901722,0.07116306443176115
100000,18,0.6426030263748794,0.18207122589752373,0.054078300498797804,0.054078300498797804,0.008686058748912096,0.09509262141967623,0.1451776619304811,0.7594703101112021,0.12462129588901383,0.0346905265546279,0.04930881602695679,0.004712182415330064,0.0037013440620817795,0.029385411355012048,0.8301126734434459,0.07829172377749971,0.0179365008243354,0.032720012317563066,0.0026640319403495455,0.004798786167067193,0.05617930734751475,0.2903811190059962,0.4355581480786871,0.18386453889007381,0.18386453889007381,0.01559676986681787,0.06828206737811249,0.04815196515922418
100000,19,0.6581168318981854,0.17271257591627376,0.02647295772447067,0.033488432795772335,0.008782878593504871,0.11503071265183784,0.2550040491462399,0.7569986098613048,0.12619277489147346,0.03518909993760688,0.05188679129167362,0.005392766069724109,0.0016796360378088515,0.03140523946803453,0.8347590111770309,0.07605254743948298,0.014056162784201853,0.028143778277728335,0.002333616383571449,0.0019580084146131327,0.042898389698133865,0.28962165737292994,0.43600649778431566,0.18633517690959567,0.18633517690959567,0.014741277830304995,0.06799909657190795,0.06263039135505699
100000,20,0.6132349801600447,0.19556473752291614,0.053755868544600904,0.053755868544600904,0.008415293640232635,0.07776194998417219,0.25067412513847254,0.7650243533413575,0.12137544074664591,0.032210827158533184,0.04746768283709693,0.00551131042631469,0.004350415909937455,0.027317978540493504,0.8324800760451426,0.07721682757398224,0.018761546008062346,0.027546506020275363,0.0019256837755988535,0.0027024905291491708,0.032403310153372056,0.2893003452526371,0.43665665071192716,0.1744190271886199,0.1744190271886199,0.017606723489180964,0.06255793512655472,0.07981918725006354
100000,21,0.6347006328882473,0.18642361798275886,0.041478385589364675,0.041478385589364675,0.004351739103075812,0.12026346675400912,0.15363322641878763,0.7621555602982818,0.12327271649898508,0.03397014575225821,0.04834921379733241,0.0054727910698725984,0.004024447094222672,0.03357541425160182,0.8259348003904106,0.0804569843345892,0.01907549961788013,0.029416777545100345,0.0024293771881125983,0.0015653098314660774,0.05090198283465619,0.2917145053919234,0.43570284512207147,0.18047880968000052,0.18047880968000052,0.016654069790395083,0.0688768976413543,0.13822228309243512
100000,22,0.627992216002698,0.19084292050415635,0.03796900876573028,0.03796900876573028,0.009883173583724508,0.11774111754578176,0.25071164608453417,0.7647424933243798,0.12207504738674918,0.03637754968195028,0.04892556538390329,0.00406978633689134,0.0032250096959354213,0.03105045753068486,0.8367717323343271,0.07548324144412716,0.01728564649600406,0.029479798257104534,0.0018884577193485422,0.0005471608158506003,0.04797654722432465,0.2943171558101471,0.433265676311649,0.1766579840473962,0.1766579840473962,0.015825148907734336,0.06496340230923936,0.07197317852801619
100000,23,0.5702171444170488,0.21713756016526342,0.08726424554861423,0.08726424554861423,0.003735480053062422,0.12243063316973612,0.17825932136841838,0.757338180376392,0.12656103240914113,0.036644728063662146,0.05148867156192795,0.005260030032162126,0.00164920599267393,0.04002587976098754,0.8331628442913154,0.0771825344357146,0.018160788741644396,0.0275648672985115,0.0026282064752383774,0.0027127890658428244,0.037305031608981465,0.29118399895795327,0.43731118364072685,0.18202494219106302,0.18202494219106302,0.015522010130428802,0.0733949660359855,0.05326064780380968
100000,24,0.6870366206084235,0.15833808430622548,0.04808618672643805,0.04808618672643805,0.01060898017724321,0.12134293719411737,0.28220916307513927,0.7630464949060204,0.12298635945953046,0.03383091420096873,0.04745793995873082,0.003847205396795575,0.005087384887823898,0.02603700257616315,0.8308110604343428,0.07831970457638565,0.017911411754033435,0.029058304204912525,0.0021510491664078826,0.0010833059793864397,0.02870922831942524,0.29610072806934673,0.4339946478350363,0.17933287240196982,0.17933287240196982,0.015225666171358655,0.0752249130872622,0.07457434832865942
100000,25,0.6727213217841302,0.16748348126557905,0.04656127018237488,0.04656127018237488,0.008018564445459883,0.11759781206409092,0.1555060150378943,0.7646905157387622,0.12197331368599523,0.036926765051443544,0.048122769282587435,0.003939656508506806,0.004389811784975217,0.031052189219950233,0.8278672595180088,0.07972311620390665,0.01933147895855114,0.03014997914837632,0.002088664427787816,0.0009652300329321406,0.03349704476446891,0.29362090316001005,0.4336947173754099,0.18462029013036918,0.18462029013036918,0.01539194356328677,0.07964837446539608,0.07943984901924606
100000,26,0.6329017895298058,0.18681291597327,0.07311827956989247,0.07311827956989247,0.011026541975012717,0.10124746009441876,0.3279161201269865,0.756113463363076,0.12719740701125676,0.04169833244230614,0.04736081715722895,0.0035667901937000077,0.0069605412567900204,0.03373219361193003,0.8211072869130487,0.08294065220519803,0.022115850996881514,0.029072493286249126,0.0013506357191021834,0.003687637628327578,0.04160899751848479,0.2858151352973013,0.4406220928009676,0.19401576263337916,0.19401576263337916,0.015218542340615489,0.07033284370169213,0.053959411538136104
100000,27,0.6525534979265124,0.17656797275864905,0.060646403408159855,0.060646403408159855,0.004642165218471876,0.045893285041367804,0.37817405534272863,0.7529737168494598,0.12890258573290975,0.03980647608246246,0.05089510038711041,0.005050614451432345,0.0034764771160055163,0.032265890056744184,0.8262596743490002,0.08030988319224852,0.016526563333734923,0.03340779131121788,0.0037253661910653033,0.004515656204413632,0.04475380956351627,0.29178686092129513,0.43575586705336655,0.186866032095247,0.186866032095247,0.016724085438942847,0.07290745771778706,0.08145994978324167
100000,28,0.6391169720474383,0.18285583178035975,0.0738892354612879,0.0738892354612879,0.003439661195897982,0.09311537252436342,0.22487916266519925,0.7594942369771963,0.12495835796265697,0.03695477232988298,0.04874842507359889,0.004940885938669995,0.00483654158539526,0.027497490033927985,0.824659152962801,0.08115599545654578,0.021340977791680427,0.03047192231549238,0.002391018666942926,0.0006159194042026916,0.04347480292117245,0.2883341441511726,0.43699714827895475,0.18792012697903782,0.18792012697903782,0.014086478943356531,0.06988234097254586,0.06052933470903077
100000,29,0.652754716981132,0.17590442054958189,0.04931260552108219,0.04931260552108219,0.007643798669055769,0.11385676607831208,0.28970559090155373,0.762435696484334,0.1234652958150319,0.03252769612774353,0.05049189003592772,0.005597959756076749,0.002809759764043185,0.02815096225276653,0.8303484615325265,0.07853952801708053,0.021199842701324467,0.027944224966194975,0.0014939099726607244,0.0033602508704737577,0.034641632103224684,0.2878954245842251,0.4383888618428014,0.1873181287303608,0.1873181287303608,0.015715875809267116,0.06995370356147712,0.08812099540024032
185026,0,0.651643609221318,0.17644181253938596,0.052772896494517885,0.052772896494517885,0.005139254723440657,0.09463124617987984,0.24526290360504743,0.7612648534660794,0.12397142186966964,0.03595741321754087,0.04875927675427351,0.004635686947821696,0.004063059943194114,0.026187554922233125,0.8302202897277289,0.07848419425002934,0.018896035008931444,0.029225097046877258,0.002517639892890104,0.0010322960963649042,0.033693363883903316,0.29088367231681644,0.4361322989540718,0.183986206672197,0.183986206672197,0.01564912029553025,0.07034926818358123,0.06526766496846914
185026,0,0.651643609221318,0.17644181253938596,0.052772896494517885,0.052772896494517885,0.005139254723440657,0.09463124617987984,0.24526290360504743,0.7612648534660794,0.12397142186966964,0.03595741321754087,0.04875927675427351,0.004635686947821696,0.004063059943194114,0.026187554922233125,0.8302202897277289,0.07848419425002934,0.018896035008931444,0.029225097046877258,0.002517639892890104,0.0010322960963649042,0.033693363883903316,0.29088367231681644,0.4361322989540718,0.183986206672197,0.183986206672197,0.01564912029553025,0.07034926818358123,0.06526766496846914
185026,0,0.651643609221318,0.17644181253938596,0.052772896494517885,0.052772896494517885,0.005139254723440657,0.09463124617987984,0.24526290360504743,0.7612648534660794,0.12397142186966964,0.03595741321754087,0.04875927675427351,0.004635686947821696,0.004063059943194114,0.026187554922233125,0.8302202897277289,0.07848419425002934,0.018896035008931444,0.029225097046877258,0.002517639892890104,0.0010322960963649042,0.033693363883903316,0.29088367231681644,0.4361322989540718,0.183986206672197,0.183986206672197,0.01564912029553025,0.07034926818358123,0.06526766496846914
