Model,A_SR,A_TPR,A_PPV,Accuracy,AUC,Acc_Drop_pp,DI_RACE,Race_Fair,DI_AGE,Age_Fair,DI_SEX,Sex_Fair,DI_ETH,Eth_Fair,Total_Fair
Standard,0.0,0.0,0.0,0.8776063904532336,0.9526814810655468,0.0,0.6571334954431748,4,0.2914910248269387,2,0.7619733032922184,5,0.8308031742549751,7,18
Standard,0.0,0.0,0.4,0.8771794234323824,0.9526814810655468,0.042696702085121,0.6299009011459156,4,0.2682519380140858,2,0.7583621338375053,5,0.8247806948158741,7,18
Standard,0.0,0.0,0.8,0.8766389588490267,0.9526814810655468,0.09674316042069808,0.5928047736668025,4,0.24432575379790075,2,0.7530175454163408,5,0.817895738599662,7,18
Standard,0.0,0.4,0.0,0.8765254612865219,0.9526814810655468,0.10809291667117638,0.6883961606571869,3,0.34420721017839717,1,0.787146607956464,5,0.8450212157927752,7,16
Standard,0.0,0.4,0.4,0.877503702182396,0.9526814810655468,0.010268827083759202,0.6456318707427624,4,0.314492801976388,2,0.7798234680664651,5,0.8390932717177068,7,18
Standard,0.0,0.4,0.8,0.8776766508490699,0.9526814810655468,-0.007026039583624133,0.6060567321667023,4,0.28992763067683214,2,0.7751503923562855,5,0.8328537971369085,7,18
Standard,0.0,0.8,0.0,0.872790851015533,0.9526814810655468,0.48155394377006333,0.715944168551835,3,0.4107581411049353,3,0.8142914115712672,7,0.8630686115387005,7,20
Standard,0.0,0.8,0.4,0.8753202252656384,0.9526814810655468,0.22861651875952793,0.6624762935661633,4,0.37263093145903986,3,0.805160356411127,7,0.8547598442851763,7,21
Standard,0.0,0.8,0.8,0.8767308378281972,0.9526814810655468,0.08755526250364687,0.6217696629213484,4,0.3420534218078566,1,0.7987463067670839,5,0.8461106344713794,7,17
Standard,0.0,1.0,0.0,0.8688778874320365,0.9526814810655468,0.8728503021197098,0.7475479758516568,3,0.457522532292434,3,0.8344806162364962,7,0.8771328079523586,7,20
Standard,0.0,1.0,0.4,0.8731529622863814,0.9526814810655468,0.4453428166852236,0.7041961361437991,3,0.4089595449933014,3,0.8197699103655275,7,0.865045477744028,7,20
Standard,0.0,1.0,0.8,0.8752769880989699,0.9526814810655468,0.232940235426371,0.6397752762757876,3,0.37200265736097554,3,0.810700551356117,7,0.8552389196127698,7,20
Standard,0.3,0.0,0.0,0.8744933144531039,0.9526814810655468,0.31130760001297775,0.696323743378388,3,0.3695219235689577,3,0.7918967447135072,5,0.8524132881210006,7,18
Standard,0.3,0.0,0.4,0.8756607179531525,0.9526814810655468,0.19456725000811526,0.6633531378884294,3,0.3394302481328267,1,0.785919165545715,5,0.8442590696561573,7,16
Standard,0.3,0.0,0.8,0.8764714148281864,0.9526814810655468,0.11349756250472742,0.6307354331365006,4,0.31009025067006185,2,0.7792686670966618,5,0.8366041332473172,7,18
Standard,0.3,0.4,0.0,0.8681212370153384,0.9526814810655468,0.9485153437895244,0.7371470799148228,3,0.4484281675371002,3,0.8236045485065469,7,0.8729274323023214,7,20
Standard,0.3,0.4,0.4,0.871736945077989,0.9526814810655468,0.5869445375244586,0.6853636671456249,3,0.40215269488432426,3,0.812425114675572,7,0.8618019010210289,7,20
Standard,0.3,0.4,0.8,0.8742122728697589,0.9526814810655468,0.3394117583474743,0.6459172944465806,3,0.36747921105419107,1,0.8061484621659493,7,0.8521739749316795,7,18
Standard,0.3,0.8,0.0,0.8559067374314961,0.9526814810655468,2.1699653021737486,0.8232755438128412,5,0.5717373620557762,3,0.8741990800918107,7,0.9060865656686714,7,22
Standard,0.3,0.8,0.4,0.8633056975776378,0.9526814810655468,1.4300692875595877,0.7661288831855668,3,0.49808337679681985,3,0.8522997789199063,7,0.8893079538809852,7,20
Standard,0.3,0.8,0.8,0.8680131440986673,0.9526814810655468,0.9593246354566376,0.7085414065751144,3,0.4432087991064314,3,0.8375809360986357,7,0.8764022212241824,7,20
Standard,0.3,1.0,0.0,0.8433733637434739,0.9526814810655468,3.4233026709759695,0.8900795217582899,4,0.6883256189021238,1,0.9202195780534741,6,0.9372983450252925,7,18
Standard,0.3,1.0,0.4,0.8562256115356761,0.9526814810655468,2.138077891755752,0.8390623656390465,5,0.5678922055498726,3,0.8805272904985963,7,0.9075924576865542,7,22
Standard,0.3,1.0,0.8,0.863192200015133,0.9526814810655468,1.441419043810066,0.7378674984665274,3,0.49472443857456694,3,0.8597623486082066,7,0.8911279170191437,7,20
Standard,0.5,0.0,0.0,0.8671484007652979,0.9526814810655468,1.0457989687935765,0.7299416039397008,3,0.4418373211109413,3,0.8182550210367754,7,0.8730369590216078,7,20
Standard,0.5,0.0,0.4,0.8703803789737659,0.9526814810655468,0.7226011479467775,0.6856468081227067,3,0.3987849780456807,3,0.807052665395862,7,0.8608865617890219,7,20
Standard,0.5,0.0,0.8,0.8722828143071785,0.9526814810655468,0.5323576146055164,0.6580383214061531,3,0.3649432331836351,1,0.7997216213079239,6,0.8516409401839036,7,17
Standard,0.5,0.4,0.0,0.8553392496189725,0.9526814810655468,2.226714083426118,0.8110990076213782,5,0.5601746354593881,3,0.8646177873055075,7,0.9020106612198326,7,22
Standard,0.5,0.4,0.4,0.8623652892025986,0.9526814810655468,1.5241101250635047,0.7449282975193474,3,0.49207839569336614,3,0.8454128236621077,7,0.8869046320744579,7,20
Standard,0.5,0.4,0.8,0.8668511452444522,0.9526814810655468,1.075524520878146,0.687934926508028,3,0.43840243441897014,3,0.8314795197363511,7,0.875032980770895,7,20
Standard,0.5,0.8,0.0,0.8240355409510015,0.9526814810655468,5.3570849502232125,0.933264288210614,4,0.8266472881108125,3,0.9784092809791973,5,0.9849565029436798,7,19
Standard,0.5,0.8,0.4,0.845464961681061,0.9526814810655468,3.214142877217263,0.8621328676028327,4,0.651763792986172,1,0.9096327165040065,6,0.9313307894347159,7,18
Standard,0.5,0.8,0.8,0.8552852031606368,0.9526814810655468,2.23211872925968,0.8131767695605019,4,0.55363744313772,1,0.8783074938976311,7,0.9067244882413176,7,19
Standard,0.5,1.0,0.0,0.790791564428783,0.9526814810655468,8.681482602445067,0.9175852437734311,4,0.7434311688518314,1,0.9197954598886796,5,0.9531699576017112,6,16
Standard,0.5,1.0,0.4,0.8253380605968891,0.9526814810655468,5.226832985634456,0.8940754953962973,4,0.8380832836077198,3,0.98113277199859,5,0.9900626358164901,6,18
Standard,0.5,1.0,0.8,0.8455298174310637,0.9526814810655468,3.207657302216993,0.8473411135186911,4,0.6475720215808654,1,0.9161175647389308,6,0.9344988499933278,7,18
Standard,0.6,0.0,0.0,0.8614951412233957,0.9526814810655468,1.6111249229837976,0.7480442592659313,3,0.4923405666497356,3,0.8347365418741024,7,0.8852158906827261,7,20
Standard,0.6,0.0,0.4,0.8663431085360976,0.9526814810655468,1.1263281917135992,0.7018041936747292,3,0.43762275926722427,3,0.8209302030243061,7,0.8724045780314114,7,20
Standard,0.6,0.0,0.8,0.869423756661226,0.9526814810655468,0.8182633792007676,0.6629421429536021,3,0.3957910308384604,1,0.8107816485585637,7,0.860380235978893,7,18
Standard,0.6,0.4,0.0,0.8454487477435604,0.9526814810655468,3.215764270967325,0.8454262935175277,5,0.6471388568524113,1,0.8962660908762784,6,0.9260709622398234,7,19
Standard,0.6,0.4,0.4,0.8551771102439657,0.9526814810655468,2.242928020926793,0.7891408985344276,3,0.5518503041976732,1,0.8672170252458903,7,0.9037254908410343,7,18
Standard,0.6,0.4,0.8,0.8612195042858841,0.9526814810655468,1.6386886167349513,0.7267257668031898,3,0.4874210028169301,1,0.8480478208060501,7,0.8878397574133416,7,18
Standard,0.6,0.8,0.0,0.7888837244495368,0.9526814810655468,8.872266600369683,0.9346115715084651,4,0.75333502322476,1,0.9190422328010045,5,0.9504449230854294,6,16
Standard,0.6,0.8,0.4,0.8280187649303341,0.9526814810655468,4.9587625522899526,0.907611625729079,4,0.8059173165626284,3,0.9651213467680297,6,0.9777225338462734,7,20
Standard,0.6,0.8,0.8,0.8456325057019014,0.9526814810655468,3.1973884751332227,0.8385368854579347,4,0.6374260477570616,1,0.9087665241405348,6,0.9302637314373973,7,18
Standard,0.6,1.0,0.0,0.7803443840325144,0.9526814810655468,9.726200642071925,0.9273220069509175,4,0.7403255012074745,1,0.9029853034090196,5,0.9464582659715228,6,16
Standard,0.6,1.0,0.4,0.790656448282944,0.9526814810655468,8.694994217028961,0.8864048760381045,4,0.7851342532224617,1,0.9161001861131971,5,0.9542005199056638,6,16
Standard,0.6,1.0,0.8,0.8279268859511636,0.9526814810655468,4.967950450207004,0.8621189399704553,4,0.7963200830478736,2,0.9704776154356424,6,0.9820892659607321,7,19
Standard,0.7,0.0,0.0,0.8542691297439279,0.9526814810655468,2.333726070930575,0.7946551200512642,4,0.5526489554583577,1,0.8560870541879557,7,0.9027058666042891,7,19
Standard,0.7,0.0,0.4,0.860646611827527,0.9526814810655468,1.6959778625706634,0.7349637230461472,3,0.48680254025971637,1,0.8381061729082098,7,0.8863070347971724,7,18
Standard,0.7,0.0,0.8,0.8649487099110396,0.9526814810655468,1.2657680542194072,0.7046099866142052,3,0.43380779898382477,1,0.8237412637031268,7,0.8723410900443379,7,18
Standard,0.7,0.4,0.0,0.8286673224303611,0.9526814810655468,4.893906802287251,0.9280080914035309,4,0.7949051942539432,2,0.9467718933317195,6,0.9650589138083484,7,19
Standard,0.7,0.4,0.4,0.8455298174310637,0.9526814810655468,3.207657302216993,0.8311526643293932,5,0.6328816109435994,1,0.8954509120133146,7,0.9246833391439144,7,20
Standard,0.7,0.4,0.8,0.8539286370564136,0.9526814810655468,2.367775339681999,0.7659060846560847,3,0.5458276471708832,1,0.869575195874728,7,0.9045650628806923,7,18
Standard,0.7,0.8,0.0,0.7779014841157459,0.9526814810655468,9.970490633748774,0.9381918708575371,4,0.7519590044543538,1,0.902291112846121,5,0.9426806311539442,6,16
Standard,0.7,0.8,0.4,0.7958503129289938,0.9526814810655468,8.175607752423986,0.90043699661177,4,0.8487105419444763,3,0.9396963259192161,5,0.9555855361712517,6,18
Standard,0.7,0.8,0.8,0.829391544972058,0.9526814810655468,4.82148454811756,0.877797450254813,4,0.7731129400538933,1,0.9575538036925972,6,0.9721139629471146,7,18
Standard,0.7,1.0,0.0,0.7641628744068402,0.9526814810655468,11.344351604639346,0.9126999445922992,3,0.7266520924059933,1,0.8726330364569553,5,0.9377641065911261,6,15
Standard,0.7,1.0,0.4,0.7773988520532249,0.9526814810655468,10.020753840000873,0.9003260643904064,4,0.7681441649466861,1,0.8914865915742866,5,0.9436904471918597,6,16
Standard,0.7,1.0,0.8,0.8002388853458433,0.9526814810655468,7.736750510739032,0.8890153331890577,4,0.9117116212355894,3,0.946557405737205,5,0.9574056104199066,6,18
Standard,0.8,0.0,0.0,0.844584004410191,0.9526814810655468,3.302238604304264,0.8410947872675434,5,0.6331464623039221,1,0.8822871097220129,7,0.921824202352494,7,20
Standard,0.8,0.0,0.4,0.8534422189313934,0.9526814810655468,2.416417152184025,0.78549222691429,3,0.5456186250251996,1,0.858573429484887,7,0.901547288401839,7,18
Standard,0.8,0.0,0.8,0.8594900176191455,0.9526814810655468,1.811637283408818,0.7564324691471725,3,0.48199079518259896,1,0.8406128177289127,7,0.8873781569882455,7,18
Standard,0.8,0.4,0.0,0.7926669765330278,0.9526814810655468,8.493941392020588,0.9435048495530044,4,0.8355626273034342,3,0.9468946723678245,5,0.9517743326423651,6,18
Standard,0.8,0.4,0.4,0.82975906088874,0.9526814810655468,4.784732956449367,0.8915768748942565,4,0.7638969693213692,1,0.938076757266791,6,0.9606063607410198,7,18
Standard,0.8,0.4,0.8,0.844216488493509,0.9526814810655468,3.3389901959724577,0.8236595818837642,4,0.6247874286554772,1,0.8962406093557956,7,0.9244767818437204,7,19
Standard,0.8,0.8,0.0,0.7604444780733518,0.9526814810655468,11.716191237988182,0.9366029313909404,3,0.7303901198651512,1,0.8710867382236209,5,0.9351413867818047,6,15
Standard,0.8,0.8,0.4,0.7747505755947812,0.9526814810655468,10.285581485845242,0.907727351560274,4,0.7806894051462652,1,0.8914464615041311,5,0.940831347564467,6,16
Standard,0.8,0.8,0.8,0.801000940408375,0.9526814810655468,7.660545004485863,0.897865075660992,4,0.9593670201970063,3,0.957694204924176,5,0.9534855498330804,6,18
Standard,0.8,1.0,0.0,0.742728049030947,0.9526814810655468,13.48783414222866,0.8804803359949641,3,0.6868796812478123,1,0.8353130090863772,5,0.907698220996627,5,14
Standard,0.8,1.0,0.4,0.7598877995524953,0.9526814810655468,11.771859090073832,0.8899237584207225,5,0.7330903885705433,1,0.8603144719446093,5,0.9364009059055265,6,17
Standard,0.8,1.0,0.8,0.7733561769697231,0.9526814810655468,10.425021348351049,0.9060124761053082,4,0.7874268204065814,1,0.8802377910035803,5,0.9408002894666899,6,16
Standard,0.9,0.0,0.0,0.8295104471803962,0.9526814810655468,4.809594327283739,0.8821240810763089,5,0.7585625675862496,1,0.9211571296442562,6,0.9540659398310719,7,19
Standard,0.9,0.0,0.4,0.8438435679309935,0.9526814810655468,3.3762822522240166,0.8354347748727978,5,0.6223709838150605,1,0.8817308573215622,7,0.9195338842259583,7,20
Standard,0.9,0.0,0.8,0.8519451320354977,0.9526814810655468,2.566125841773592,0.7987110180185534,3,0.5408465099750497,1,0.8596259807371665,7,0.9027062260172338,7,18
Standard,0.9,0.4,0.0,0.7717239739279885,0.9526814810655468,10.58824165252451,0.9398209776755184,3,0.7720830685506176,1,0.9019461073167531,5,0.9349765304791551,6,15
Standard,0.9,0.4,0.4,0.7992228119291342,0.9526814810655468,7.838357852409938,0.9174541797572214,4,0.9526928785403597,3,0.9684852507635352,5,0.9516606807207073,6,18
Standard,0.9,0.4,0.8,0.8297752748262406,0.9526814810655468,4.783111562699305,0.8582512237185942,4,0.7419794705218774,1,0.9336297720470018,6,0.9569836690107622,7,18
Standard,0.9,0.8,0.0,0.738750229697448,0.9526814810655468,13.885616075578566,0.8877339614457365,3,0.6684142045271175,1,0.8375045091217185,5,0.9039559733334297,5,14
Standard,0.9,0.8,0.4,0.7558289105314929,0.9526814810655468,12.177747992174071,0.9090867202752332,5,0.7149535765916991,1,0.8593378242814916,5,0.9341132081655331,6,17
Standard,0.9,0.8,0.8,0.7700539383654189,0.9526814810655468,10.755245208781472,0.919682040120007,4,0.7715359562285332,1,0.8813326398240104,5,0.9383965729831271,6,16
Standard,0.9,1.0,0.0,0.7217904510717412,0.9526814810655468,15.58159393814924,0.865247621532753,3,0.5843642300555723,1,0.8168183521891741,5,0.9084415585874778,6,15
Standard,0.9,1.0,0.4,0.7390258666349594,0.9526814810655468,13.858052381827424,0.905069828865551,3,0.6755797506713292,1,0.8252996746571996,5,0.9128941646195304,5,14
Standard,0.9,1.0,0.8,0.7543372282814307,0.9526814810655468,12.326916217180294,0.8831170330362264,4,0.7154312286615108,1,0.8471976264903264,5,0.9357010236519255,6,16
Standard,1.0,0.0,0.0,0.8022872461167619,0.9526814810655468,7.531914433647168,0.9834602927207076,3,0.9987056840282683,3,0.9995566048689356,5,0.9828654727174742,6,17
Standard,1.0,0.0,0.4,0.8292456195345519,0.9526814810655468,4.836077091868174,0.8716372618399033,4,0.737171016885358,1,0.9165183054421968,6,0.9501471342628441,7,18
Standard,1.0,0.0,0.8,0.8415898306183995,0.9526814810655468,3.6016559834834094,0.8109825522059099,4,0.6159136903036394,1,0.8808001587713948,7,0.9209358222463565,7,19
Standard,1.0,0.4,0.0,0.7517484029271562,0.9526814810655468,12.585798752607747,0.9504194004011258,3,0.6908464257209813,1,0.8684199974258009,5,0.9264346118027641,6,15
Standard,1.0,0.4,0.4,0.7680866472820036,0.9526814810655468,10.951974317123003,0.9666802977769912,4,0.7566558420114547,1,0.8918547949158689,5,0.9353047489084886,6,16
Standard,1.0,0.4,0.8,0.8033411520543059,0.9526814810655468,7.4265238398927735,0.8863968319467267,4,0.923721957469126,3,0.9894894505899506,5,0.969931215046872,6,18
Standard,1.0,0.8,0.0,0.7170127441548755,0.9526814810655468,16.059364629835816,0.8723729049224771,3,0.5650595917240463,1,0.8145823942106902,5,0.9081901269700612,6,15
Standard,1.0,0.8,0.4,0.7341508760930896,0.9526814810655468,14.345551436014404,0.9081188804471927,3,0.6556949228218655,1,0.8225078484096806,5,0.9103848922638396,5,14
Standard,1.0,0.8,0.8,0.7502891485520954,0.9526814810655468,12.731724190113825,0.8878882736337703,4,0.6972751643065718,1,0.8461472613807144,5,0.9335127857851364,6,16
Standard,1.0,1.0,0.0,0.7042523753418438,0.9526814810655468,17.335401511138983,0.8919467643342842,3,0.5049671142120062,1,0.8031165315678138,5,0.9132356824914788,6,15
Standard,1.0,1.0,0.4,0.7136618637380693,0.9526814810655468,16.394452671516436,0.9189051676306683,3,0.5443424633111754,1,0.7886044642942996,3,0.9169803769829598,6,13
Standard,1.0,1.0,0.8,0.7327889053430329,0.9526814810655468,14.481748511020076,0.9105173593150869,3,0.6451137558892941,1,0.8123786703592675,5,0.9194063333329509,6,15
Reweigh_1,0.0,0.0,0.0,0.8665755083069406,0.9455753220986414,1.1030882146292997,0.6941846859159725,3,0.46401946433366176,3,0.8025179765965903,6,0.8724213160499809,7,19
Reweigh_1,0.0,0.0,0.4,0.8736177618280674,0.9455753220986414,0.3988628625166246,0.646839306785976,4,0.36519672980012297,3,0.783262876417131,4,0.8502264658898359,7,18
Reweigh_1,0.0,0.0,0.8,0.8754391274739767,0.9455753220986414,0.21672629792569564,0.6040735622316018,4,0.27706880978874165,2,0.7639660279233705,4,0.8269667014745404,7,17
Reweigh_1,0.0,0.4,0.0,0.866462010744436,0.9455753220986414,1.114437970879767,0.7316322265852806,3,0.4608011635521647,3,0.8146839565589882,6,0.8749225874889424,7,19
Reweigh_1,0.0,0.4,0.4,0.8734934549738955,0.9455753220986414,0.4112935479338109,0.6731756164874994,3,0.3621874073537194,3,0.7948639160712885,4,0.850191484126419,7,17
Reweigh_1,0.0,0.4,0.8,0.875617480786484,0.9455753220986414,0.1988909666749583,0.6210176200204289,4,0.2728586796257193,2,0.7758132538004764,4,0.8272037072055121,7,17
Reweigh_1,0.0,0.8,0.0,0.8659809972652492,0.9455753220986414,1.162539318798439,0.7572281006054064,3,0.4575101128905377,3,0.8271580903607462,6,0.8752375220337205,7,19
Reweigh_1,0.0,0.8,0.4,0.8732988877238874,0.9455753220986414,0.4307502729346213,0.6903991961267927,3,0.35788278644304733,1,0.8072705173537593,6,0.8514993288064507,7,17
Reweigh_1,0.0,0.8,0.8,0.8751472765989645,0.9455753220986414,0.24591138542691127,0.6589217075792616,4,0.2698877058263195,2,0.7882693731477719,4,0.8287065114869486,7,17
Reweigh_1,0.0,1.0,0.0,0.8655053884318961,0.9455753220986414,1.210100202133757,0.7620966624641518,3,0.45568847076029184,3,0.8341436646045421,6,0.8760552743654709,7,19
Reweigh_1,0.0,1.0,0.4,0.8731097251197129,0.9455753220986414,0.44966653335207774,0.7122837562960093,3,0.3547227795184967,1,0.8133941406675977,6,0.8521096759983994,7,17
Reweigh_1,0.0,1.0,0.8,0.8748554257239524,0.9455753220986414,0.2750964729281269,0.6715872691999245,3,0.26786784302838407,2,0.7945651858799376,4,0.8294466958697642,7,16
Reweigh_1,0.3,0.0,0.0,0.8559715931814988,0.9455753220986414,2.1634797271734785,0.7508134094188066,3,0.5565676511686126,3,0.8402313728531096,6,0.8987617906782576,7,19
Reweigh_1,0.3,0.0,0.4,0.8673213494319717,0.9455753220986414,1.0285041021261931,0.6790479121756099,3,0.44129270720478675,3,0.8159248873637073,6,0.8717592413417091,7,19
Reweigh_1,0.3,0.0,0.8,0.8738933987655789,0.9455753220986414,0.371299168765471,0.6279506154517928,4,0.34352125680304585,1,0.7973559800456547,4,0.8474323878659871,7,16
Reweigh_1,0.3,0.4,0.0,0.8553662728481403,0.9455753220986414,2.224011760509337,0.7752751102605482,3,0.5539489480156599,3,0.8541748422004315,6,0.9000820159582021,7,19
Reweigh_1,0.3,0.4,0.4,0.8668133127236172,0.9455753220986414,1.0793077729616463,0.7198939654228209,3,0.43742479072460866,3,0.8298714758682331,6,0.871973498851724,7,19
Reweigh_1,0.3,0.4,0.8,0.8735583107238982,0.9455753220986414,0.40480797293354076,0.6700204816070541,3,0.33895261104200175,1,0.8097981413232699,6,0.848181905815368,7,17
Reweigh_1,0.3,0.8,0.0,0.8548258082647844,0.9455753220986414,2.278058218844925,0.8079839838315108,5,0.5500945772014745,3,0.8691883419895312,6,0.9018543596563385,7,21
Reweigh_1,0.3,0.8,0.4,0.8664836293277701,0.9455753220986414,1.112276112546351,0.7560283200096051,3,0.432709968087326,3,0.8441557938967752,6,0.8741261035545135,7,19
Reweigh_1,0.3,0.8,0.8,0.8729205625155384,0.9455753220986414,0.46858279376952305,0.6914536657560313,3,0.3343540172124478,1,0.8229864487693108,6,0.8490251062322995,7,17
Reweigh_1,0.3,1.0,0.0,0.8546042177856085,0.9455753220986414,2.3002172667625165,0.8353901152862784,5,0.5470266820124007,3,0.876007038265266,6,0.9019842314266339,7,21
Reweigh_1,0.3,1.0,0.4,0.8659161415152465,0.9455753220986414,1.169024893798709,0.7714504596527069,3,0.43040004372093194,3,0.8515614824170972,6,0.8747283155412664,7,19
Reweigh_1,0.3,1.0,0.8,0.8723530747030147,0.9455753220986414,0.5253315750218923,0.7200836774657117,3,0.3311712858438933,1,0.8305027514829231,6,0.8497969185061836,7,17
Reweigh_1,0.5,0.0,0.0,0.8462270167435928,0.9455753220986414,3.1379373709640834,0.7885224759752191,3,0.6352057668041325,1,0.8706621407691296,6,0.9206635593892812,7,17
Reweigh_1,0.5,0.0,0.4,0.8607384908066974,0.9455753220986414,1.6867899646536233,0.7282722622840851,3,0.49769050119375396,3,0.841881468992799,6,0.8879361645476974,7,19
Reweigh_1,0.5,0.0,0.8,0.8696885843070704,0.9455753220986414,0.791780614616322,0.6729850193777249,3,0.3925711078461047,1,0.8209885923271621,6,0.8646232778957578,7,17
Reweigh_1,0.5,0.4,0.0,0.845405510576892,0.9455753220986414,3.220087987634168,0.8225849154074648,5,0.6322862673260479,1,0.8858420856407996,6,0.9217418813869471,7,19
Reweigh_1,0.5,0.4,0.4,0.8602466680358436,0.9455753220986414,1.7359722417390033,0.7628455433684354,3,0.4936140696221975,3,0.8576319847631944,6,0.8884220509911853,7,19
Reweigh_1,0.5,0.4,0.8,0.8690021942862084,0.9455753220986414,0.8604196167025235,0.7002379028860594,3,0.388729639757521,1,0.8346613127207303,6,0.8657854520206053,7,17
Reweigh_1,0.5,0.8,0.0,0.8444759114935199,0.9455753220986414,3.313047895971377,0.864115033457094,5,0.6292807140790184,1,0.9019819602459556,5,0.9247134329721718,7,18
Reweigh_1,0.5,0.8,0.4,0.8593981386399749,0.9455753220986414,1.8208251813258691,0.7960930339138405,4,0.4884172917456012,3,0.872171215322321,6,0.8906326728320326,7,20
Reweigh_1,0.5,0.8,0.8,0.868088809140337,0.9455753220986414,0.9517581312896595,0.7405657052105142,3,0.3816368548296465,1,0.8477718729056137,6,0.8667958059399556,7,17
Reweigh_1,0.5,1.0,0.0,0.8436003588684834,0.9455753220986414,3.400603158475024,0.8614860708397782,5,0.6276863436440793,1,0.911801300195255,5,0.9268773999655378,7,18
Reweigh_1,0.5,1.0,0.4,0.8587549857857815,0.9455753220986414,1.8851404667452165,0.8119592755057842,5,0.48572130672207714,3,0.879485303810466,6,0.8914767643039857,7,21
Reweigh_1,0.5,1.0,0.8,0.8673916098278079,0.9455753220986414,1.021478062542569,0.759580916875898,3,0.3783535519099599,1,0.8557730703645885,6,0.8672502803763007,7,17
Reweigh_1,0.6,0.0,0.0,0.8401413855350058,0.9455753220986414,3.7465004918227796,0.8097265525423064,5,0.6833687760595949,1,0.8892175036320878,5,0.9331311900239503,7,18
Reweigh_1,0.6,0.0,0.4,0.8566579832023608,0.9455753220986414,2.094840725087288,0.7528890540507723,3,0.5305213588155867,3,0.8559725594652517,6,0.8970753961087107,7,19
Reweigh_1,0.6,0.0,0.8,0.8671159728902965,0.9455753220986414,1.0490417562937115,0.6899241526064785,3,0.4167803659947608,1,0.8324021347463872,6,0.870082254605478,7,17
Reweigh_1,0.6,0.4,0.0,0.8393036654308044,0.9455753220986414,3.8302725022429263,0.8653883971694581,5,0.6806619461538093,1,0.9049132429192825,5,0.9351552682219314,7,18
Reweigh_1,0.6,0.4,0.4,0.8558905234939954,0.9455753220986414,2.1715866959238217,0.7879630723250416,3,0.5255513093389009,3,0.8714255948290422,6,0.897795815620779,7,19
Reweigh_1,0.6,0.4,0.8,0.8663485131819312,0.9455753220986414,1.1257877271302452,0.723523367675176,3,0.41158664446530435,1,0.8471829620252832,6,0.8707094205045609,7,17
Reweigh_1,0.6,0.8,0.0,0.8380443829515852,0.9455753220986414,3.95620075016484,0.8851375448740053,5,0.6769865146538837,1,0.9234898393502554,5,0.9372309497839322,7,18
Reweigh_1,0.6,0.8,0.4,0.854793380389783,0.9455753220986414,2.28130100634506,0.8244872311105872,5,0.5198650394739456,3,0.8872818606106094,6,0.9002533400825514,7,21
Reweigh_1,0.6,0.8,0.8,0.8651378725152141,0.9455753220986414,1.2468517938019508,0.760629611152741,3,0.4050170694674509,1,0.8623919803238311,6,0.8724149602897129,7,17
Reweigh_1,0.6,1.0,0.0,0.8370823559932118,0.9455753220986414,4.0524034460021845,0.8929658316245457,4,0.6748471827844517,1,0.9321523897983832,5,0.9388669792422633,7,17
Reweigh_1,0.6,1.0,0.4,0.8540313253272513,0.9455753220986414,2.3575065125982286,0.8362024074185344,5,0.5170136695651601,3,0.8955559090986441,6,0.9010125093749757,7,21
Reweigh_1,0.6,1.0,0.8,0.8640569433485024,0.9455753220986414,1.3549447104731271,0.7808039641179692,3,0.40020072980402,1,0.8723934908480885,6,0.8739972920138572,7,17
Reweigh_1,0.7,0.0,0.0,0.8332072249305503,0.9455753220986414,4.439916552268331,0.8381385781775768,5,0.7350933863736313,1,0.9084533743888811,5,0.9463647676281878,7,18
Reweigh_1,0.7,0.0,0.4,0.8521288899938387,0.9455753220986414,2.5477500459394897,0.7794512593359976,3,0.5640461131668429,1,0.8710287919234541,6,0.9058444955429632,7,17
Reweigh_1,0.7,0.0,0.8,0.8640947758693373,0.9455753220986414,1.351161458389638,0.7088048427588394,3,0.44379851221786365,3,0.8456907952916844,6,0.8784908688173844,7,19
Reweigh_1,0.7,0.4,0.0,0.8321587236388399,0.9455753220986414,4.544766681439372,0.9020839537464034,5,0.7345219193143191,1,0.9269930177397367,5,0.9489451551127313,7,18
Reweigh_1,0.7,0.4,0.4,0.8513235977646385,0.9455753220986414,2.6282792688595125,0.8157961296990643,5,0.5591439747426258,1,0.8870181717850338,6,0.9078347921933939,7,19
Reweigh_1,0.7,0.4,0.8,0.86295980024429,0.9455753220986414,1.4646590208943655,0.7524511127917026,3,0.4383072880392597,1,0.8609758211987429,6,0.879233546080951,7,17
Reweigh_1,0.7,0.8,0.0,0.8303859998054327,0.9455753220986414,4.722039064780093,0.9181656764668192,4,0.7327515328634325,1,0.9466974978198163,5,0.9514342300292484,7,17
Reweigh_1,0.7,0.8,0.4,0.8498373201604099,0.9455753220986414,2.7769070292823717,0.8504643646833624,5,0.5539372712933734,3,0.9036421274793462,6,0.9111581194837561,7,21
Reweigh_1,0.7,0.8,0.8,0.86175996886924,0.9455753220986414,1.584642158399363,0.7901657266910707,4,0.42973946793752604,1,0.8774938054661123,6,0.8818686094200124,7,18
Reweigh_1,0.7,1.0,0.0,0.8290888848053787,0.9455753220986414,4.851750564785496,0.8998708599209967,3,0.7318777344110442,1,0.9566249639918425,5,0.9544880863129819,7,16
Reweigh_1,0.7,1.0,0.4,0.8487888188686995,0.9455753220986414,2.881757158453413,0.8729622692530146,5,0.5503226158902222,3,0.9133658174602223,6,0.9128165799168939,7,21
Reweigh_1,0.7,1.0,0.8,0.8610357463275432,0.9455753220986414,1.6570644125690426,0.7995567310721411,4,0.42680732890490103,1,0.8850442503904141,6,0.8820473460002668,7,18
Reweigh_1,0.8,0.0,0.0,0.8248462378260353,0.9455753220986414,5.276015262719835,0.8839368544663588,5,0.8012928607268791,3,0.9328732978031788,5,0.9619077966734613,7,20
Reweigh_1,0.8,0.0,0.4,0.8465783187227741,0.9455753220986414,3.1028071730459517,0.8109846244825547,5,0.6039138830060975,1,0.8879472714074647,6,0.9185654247108426,7,19
Reweigh_1,0.8,0.0,0.8,0.8603331423691806,0.9455753220986414,1.7273248084053061,0.7304042197140401,3,0.4710677835369576,1,0.8594300311626917,6,0.8862397733385066,7,17
Reweigh_1,0.8,0.4,0.0,0.823343746284306,0.9455753220986414,5.426264416892767,0.9337117351381349,4,0.8017472240864839,3,0.9523449113577136,5,0.9662547582539008,7,19
Reweigh_1,0.8,0.4,0.4,0.8454919849102288,0.9455753220986414,3.211440554300482,0.8335415774631251,5,0.5990294641630002,1,0.9043490750845607,6,0.9211885042526968,7,19
Reweigh_1,0.8,0.4,0.8,0.8591387156399641,0.9455753220986414,1.8467674813269497,0.7822904297160108,3,0.4651792201477296,3,0.8751283111162699,6,0.8885212225451483,7,19
Reweigh_1,0.8,0.8,0.0,0.8207981580966999,0.9455753220986414,5.680823235653376,0.8930093032577565,3,0.801542059262649,3,0.9746029114052625,5,0.9714362740109951,7,18
Reweigh_1,0.8,0.8,0.4,0.8436868332018203,0.9455753220986414,3.391955725141338,0.8846477453312632,5,0.5945686991669132,1,0.9233435155493004,5,0.9244791012661985,7,18
Reweigh_1,0.8,0.8,0.8,0.8575875822857328,0.9455753220986414,2.001880816750079,0.8267874878232201,5,0.45746723162128966,1,0.8931488311386317,6,0.8911659816774317,7,19
Reweigh_1,0.8,1.0,0.0,0.8194199734091425,0.9455753220986414,5.818641704409111,0.8310990501560014,3,0.8026224074049016,3,0.9866774473087987,4,0.975614273568355,7,17
Reweigh_1,0.8,1.0,0.4,0.8424275507226011,0.9455753220986414,3.5178839730632516,0.8962758895869211,4,0.5911186883028176,1,0.9344795552085106,5,0.9261265098237991,7,17
Reweigh_1,0.8,1.0,0.8,0.8569552387232064,0.9455753220986414,2.0651151730027184,0.8379602681987037,5,0.4563577654942157,1,0.901247692583395,6,0.8913531243734619,7,19
Reweigh_1,0.9,0.0,0.0,0.8142801552214284,0.9455753220986414,6.332623523180525,0.9213009078128576,5,0.8852733718887786,3,0.9609189482709568,5,0.9842484624460558,7,20
Reweigh_1,0.9,0.0,0.4,0.8405791618475241,0.9455753220986414,3.7027228605709506,0.8204543188366247,5,0.6495134853920129,1,0.9064945616513406,5,0.9306998617517915,7,18
Reweigh_1,0.9,0.0,0.8,0.8561121139731713,0.9455753220986414,2.14942764800623,0.7555275937438434,3,0.5019111018948991,1,0.87306309101087,6,0.8952933693646151,7,17
Reweigh_1,0.9,0.4,0.0,0.8121507247630063,0.9455753220986414,6.545566569022732,0.9341046383408916,3,0.8885045162204773,3,0.9843937608508703,4,0.9895176079008777,7,17
Reweigh_1,0.9,0.4,0.4,0.8390658610141277,0.9455753220986414,3.854052943910591,0.8782529011746193,5,0.6450655793491669,1,0.9262864722451124,5,0.9344524260412865,7,18
Reweigh_1,0.9,0.4,0.8,0.8546744781814448,0.9455753220986414,2.2931912271788812,0.8009790302847963,5,0.49552268580172204,1,0.8912654214873139,6,0.8971881302237443,7,19
Reweigh_1,0.9,0.8,0.0,0.80911871845038,0.9455753220986414,6.848767200285366,0.831915469732073,3,0.8791890416570605,3,0.990191445261579,4,0.9956640475011194,7,17
Reweigh_1,0.9,0.8,0.4,0.8371093792223796,0.9455753220986414,4.049701123085403,0.918976423443829,4,0.6379824968031294,1,0.9460249351643991,5,0.9373133099170222,7,17
Reweigh_1,0.9,0.8,0.8,0.8533449353063893,0.9455753220986414,2.42614551468443,0.8367117731872027,5,0.4893813060848957,1,0.9082039626321206,6,0.9003440145259823,7,19
Reweigh_1,0.9,1.0,0.0,0.8070325251586263,0.9455753220986414,7.05738652946073,0.819162336026511,3,0.8674839949622272,3,0.974599613759813,4,0.9992839583486758,7,17
Reweigh_1,0.9,1.0,0.4,0.836174375493174,0.9455753220986414,4.143201496005966,0.9150022635923742,4,0.6381486986366314,1,0.9558036596659171,5,0.9381999283847646,7,17
Reweigh_1,0.9,1.0,0.8,0.8526369267021932,0.9455753220986414,2.4969463751040477,0.8585863283478434,5,0.48789995640390144,1,0.9167218566947277,6,0.9018255322817177,7,19
Reweigh_1,1.0,0.0,0.0,0.8006658523666944,0.9455753220986414,7.694053808653923,0.9909262527565885,3,0.9959473723310328,3,0.999346524423884,4,0.9858415206808067,6,16
Reweigh_1,1.0,0.0,0.4,0.8335801454930658,0.9455753220986414,4.402624496016783,0.8608471621325319,5,0.699057236612802,1,0.9274550577820937,5,0.943480797765046,7,18
Reweigh_1,1.0,0.0,0.8,0.8512911698896372,0.9455753220986414,2.6315220563596475,0.7936978513773411,4,0.5335633897584289,1,0.8890080035825599,6,0.9044054363885277,7,18
Reweigh_1,1.0,0.4,0.0,0.7969366467415391,0.9455753220986414,8.066974371169454,0.8764854311026054,3,0.9536348428613963,3,0.9712469037837286,4,0.9755963757077215,6,16
Reweigh_1,1.0,0.4,0.4,0.8318452541804936,0.9455753220986414,4.576113627274003,0.9126321596354233,5,0.6961358790459012,1,0.9482122210479038,5,0.9474298584210209,7,18
Reweigh_1,1.0,0.4,0.8,0.849615729681234,0.9455753220986414,2.799066077199963,0.8447605949885537,5,0.5255258778875811,1,0.9091477400481361,6,0.9082383221800001,7,19
Reweigh_1,1.0,0.8,0.0,0.7924291721163512,0.9455753220986414,8.517721833688242,0.8312421251413523,3,0.9119865510764048,3,0.9421869425611052,4,0.9652930276922057,6,16
Reweigh_1,1.0,0.8,0.4,0.8294239728470594,0.9455753220986414,4.8182417606174255,0.9395725030392712,4,0.691779330563651,1,0.9702927630029065,5,0.9523810332693294,7,17
Reweigh_1,1.0,0.8,0.8,0.848329423972847,0.9455753220986414,2.927696648038658,0.880705707500125,5,0.5230999246791603,1,0.9259610140224861,6,0.9112827651565886,7,19
Reweigh_1,1.0,1.0,0.0,0.7902132673245922,0.9455753220986414,8.739312312864145,0.8156059224883291,3,0.8897821842849072,3,0.9276155913281773,4,0.9594709897035186,6,16
Reweigh_1,1.0,1.0,0.4,0.8283700669095154,0.9455753220986414,4.92363235437182,0.8889797626113322,3,0.6928633578711888,1,0.980559006341472,5,0.9528779164571828,7,16
Reweigh_1,1.0,1.0,0.8,0.8476538432436522,0.9455753220986414,2.9952547209581404,0.8888618759165071,4,0.5215810028766443,1,0.9340992255415211,5,0.9115851493776722,7,17
Reweigh_3,0.0,0.0,0.0,0.8000983645541707,0.8924696976547369,7.750802589906291,0.8189667949677045,5,0.9396107081476011,3,0.9166462936405917,5,0.9970581834836659,6,19
Reweigh_3,0.0,0.0,0.4,0.8345800049722741,0.8924696976547369,4.302638548095949,0.7306957972667276,3,0.736839561293774,1,0.8642615504230283,6,0.939653186197938,6,16
Reweigh_3,0.0,0.0,0.8,0.8630516792234605,0.8924696976547369,1.4554711229773143,0.6556018243672725,3,0.44390910312189347,3,0.8033575408765324,5,0.8732343908768522,6,17
Reweigh_3,0.0,0.4,0.0,0.8205819722633576,0.8924696976547369,5.7024418189876025,0.7776799402301526,3,0.8307145850472937,3,0.8934370008303478,5,0.9606406418482467,6,17
Reweigh_3,0.0,0.4,0.4,0.854782571098116,0.8924696976547369,2.282381935511768,0.7126159827817752,3,0.5291645402877501,3,0.8327745527187044,6,0.8966611186018141,6,18
Reweigh_3,0.0,0.4,0.8,0.8627490190567813,0.8924696976547369,1.485737139645238,0.5912490056986406,2,0.15383905971162717,2,0.7422537944547519,4,0.8044943158822374,6,14
Reweigh_3,0.0,0.8,0.0,0.8393739258266406,0.8924696976547369,3.823246462659302,0.7648049781841483,3,0.6058698459392107,1,0.8646556650168769,6,0.9192684532239371,6,16
Reweigh_3,0.0,0.8,0.4,0.8613275972025554,0.8924696976547369,1.627879325067827,0.6613244290982766,3,0.1754244320346354,2,0.744810901684638,4,0.8147729153834272,6,15
Reweigh_3,0.0,0.8,0.8,0.8243706289926821,0.8924696976547369,5.323576146055153,0.6082001782474455,1,0.09462498454809173,1,0.7787802198769149,4,0.77425911784196,4,10
Reweigh_3,0.0,1.0,0.0,0.8473241598478052,0.8924696976547369,3.028223060542845,0.7500652014711064,3,0.45402212677966164,3,0.8370302864636217,6,0.8859497699039355,6,18
Reweigh_3,0.0,1.0,0.4,0.8596953941608206,0.8924696976547369,1.7910996292412995,0.6481915787988936,3,0.1340120553254102,2,0.7741656486863424,4,0.7998051191405818,5,14
Reweigh_3,0.0,1.0,0.8,0.8095781133462324,0.8924696976547369,6.802827710700122,0.6064558504410066,2,0.08696587436435867,1,0.7328883598937935,3,0.75033021324636,3,9
Reweigh_3,0.3,0.0,0.0,0.8001902435333412,0.8924696976547369,7.74161469198924,0.8572840213364701,5,0.9538837139906873,3,0.9385207158546994,5,0.996969841977632,6,19
Reweigh_3,0.3,0.0,0.4,0.8349204976597884,0.8924696976547369,4.268589279344526,0.7823120284615579,3,0.7277046574429491,1,0.8807328514842044,5,0.9443230765690024,6,15
Reweigh_3,0.3,0.0,0.8,0.8616572805984024,0.8924696976547369,1.5949109854831223,0.740412149914783,3,0.4374632528079205,3,0.814962246749392,6,0.8818998993866629,6,18
Reweigh_3,0.3,0.4,0.0,0.8204576654091857,0.8924696976547369,5.714872504404789,0.8268888260178374,5,0.8196770632990075,3,0.9172570600109352,5,0.9683676636785281,6,19
Reweigh_3,0.3,0.4,0.4,0.8539664695772486,0.8924696976547369,2.3639920875984988,0.7911842357383155,4,0.5196654403621783,3,0.8562742672267125,6,0.9061936790635454,6,19
Reweigh_3,0.3,0.4,0.8,0.8574794893690616,0.8924696976547369,2.0126901084172033,0.6940942020626168,1,0.12732957971409628,1,0.7463610173405167,4,0.7965986395216798,5,11
Reweigh_3,0.3,0.8,0.0,0.8375147276598964,0.8924696976547369,4.00916627933372,0.8611449281837068,5,0.5905487200294465,3,0.8986028671587302,6,0.9292698838099176,6,20
Reweigh_3,0.3,0.8,0.4,0.858209116556592,0.8924696976547369,1.9397273896641587,0.7326925373910966,3,0.13585777742033203,2,0.7755925051738272,4,0.8096584729363522,6,15
Reweigh_3,0.3,0.8,0.8,0.813745095283906,0.8924696976547369,6.386129516932759,0.6082057883308415,1,0.08809479223224541,1,0.7463414625918275,3,0.7648003186193496,4,9
Reweigh_3,0.3,1.0,0.0,0.842822089868451,0.8924696976547369,3.4784300584782657,0.8671593513815469,5,0.42539139610677007,3,0.8855767742567412,6,0.9028369216292461,6,20
Reweigh_3,0.3,1.0,0.4,0.8572741128273864,0.8924696976547369,2.0332277625847217,0.7662932674882204,4,0.1260976189034988,2,0.7867905356496361,5,0.8013547619017994,6,17
Reweigh_3,0.3,1.0,0.8,0.8095240668878968,0.8924696976547369,6.808232356533683,0.6221907910543563,1,0.08746793736695443,1,0.7522771651243563,3,0.7551339845976872,3,8
Reweigh_3,0.5,0.0,0.0,0.8000064855750003,0.8924696976547369,7.759990487823332,0.8913026517360009,5,0.9622702933974973,3,0.9534216490855855,5,0.9939100292039224,6,19
Reweigh_3,0.5,0.0,0.4,0.8345637910347735,0.8924696976547369,4.304259941846011,0.8125820514445581,5,0.7216339746509955,1,0.89327334008998,5,0.9490843497871553,6,17
Reweigh_3,0.5,0.0,0.8,0.8595981105358166,0.8924696976547369,1.8008279917417047,0.7979736291006823,4,0.42564989903717576,1,0.8205885595439721,6,0.8854253740308312,6,17
Reweigh_3,0.5,0.4,0.0,0.8198469404299936,0.8924696976547369,5.775945002324001,0.8728612457619995,5,0.8104351717125203,3,0.9358322713119146,5,0.9749551594157768,6,19
Reweigh_3,0.5,0.4,0.4,0.8519127041604964,0.8924696976547369,2.5693686292737272,0.8288581477191143,5,0.505139365065766,3,0.8734148463747113,6,0.9113802598632892,6,20
Reweigh_3,0.5,0.4,0.8,0.8503453568687643,0.8924696976547369,2.7261033584469296,0.7160087220002354,2,0.11590993371910291,1,0.7520758426351382,4,0.7946284906687239,4,11
Reweigh_3,0.5,0.8,0.0,0.834153037951423,0.8924696976547369,4.345335250181059,0.903786267304415,5,0.566097707414487,3,0.9313670972263978,5,0.9317546211088985,6,19
Reweigh_3,0.5,0.8,0.4,0.8596737755774864,0.8924696976547369,1.7932614875747266,0.7964809152027619,4,0.191894903580093,2,0.8080742614692342,6,0.8360094852929058,6,18
Reweigh_3,0.5,0.8,0.8,0.8133073189713879,0.8924696976547369,6.4299071481845775,0.6391608642807414,1,0.08870116608011422,1,0.7523678983640357,3,0.7701349275467805,4,9
Reweigh_3,0.5,1.0,0.0,0.8377363181390723,0.8924696976547369,3.9870072314161287,0.8659212583522029,3,0.41826636637151904,1,0.9151078252951791,6,0.9169943073112394,6,16
Reweigh_3,0.5,1.0,0.4,0.8555338168689806,0.8924696976547369,2.2072573584253075,0.7800148193213792,4,0.12476674500252771,2,0.7939973366100839,5,0.7986722242506603,5,16
Reweigh_3,0.5,1.0,0.8,0.8087512025336979,0.8924696976547369,6.8855187919535705,0.6310678778902857,1,0.08812524507993973,1,0.764352095725376,3,0.7590073261066873,4,9
Reweigh_3,0.6,0.0,0.0,0.7997254439916552,0.8924696976547369,7.788094646157839,0.9055784497617086,5,0.9703118551171199,3,0.9628465677573973,5,0.9915517724522873,5,18
Reweigh_3,0.6,0.0,0.4,0.8342178937014257,0.8924696976547369,4.338849675180789,0.8391838568926491,5,0.7175556800337813,1,0.899988221340936,5,0.9517261477902883,6,17
Reweigh_3,0.6,0.0,0.8,0.8578253867024094,0.8924696976547369,1.9781003750824255,0.8101114824823401,5,0.4171913730486692,1,0.8224778225900887,6,0.8863566356712983,6,18
Reweigh_3,0.6,0.4,0.0,0.8192956665549707,0.8924696976547369,5.831072389826297,0.9023990282417248,5,0.8054431438275714,3,0.9457913727705258,5,0.9771613303228867,6,19
Reweigh_3,0.6,0.4,0.4,0.8506858495562786,0.8924696976547369,2.692054089695506,0.8532057305449754,5,0.49310518545804155,1,0.8847469917334206,6,0.9143802609499907,6,18
Reweigh_3,0.6,0.4,0.8,0.8455676499518987,0.8924696976547369,3.203874050133493,0.714599463059136,2,0.12362091033887636,1,0.7458965992196701,3,0.7998697262771522,4,10
Reweigh_3,0.6,0.8,0.0,0.8324019327013501,0.8924696976547369,4.520445775188353,0.8893067317301675,4,0.5533386245396625,3,0.9470082480877294,5,0.9359720281251932,6,18
Reweigh_3,0.6,0.8,0.4,0.8588036275982834,0.8924696976547369,1.8802762854950195,0.7765288858324777,3,0.21629929321514818,2,0.8217492936469414,6,0.8460044461444501,6,17
Reweigh_3,0.6,0.8,0.8,0.8124641942213526,0.8924696976547369,6.5142196231881,0.6420183515622775,1,0.08896495336449528,1,0.7568052637885126,3,0.7716987382681595,4,9
Reweigh_3,0.6,1.0,0.0,0.8369418352015392,0.8924696976547369,4.066455525169443,0.8594734110655207,3,0.4264070627010875,1,0.9242725517799383,6,0.9176002457741127,6,16
Reweigh_3,0.6,1.0,0.4,0.8538205441397425,0.8924696976547369,2.378584631349112,0.7760217379873197,2,0.1240120382689408,2,0.7998560708977553,5,0.7962665801173165,5,14
Reweigh_3,0.6,1.0,0.8,0.8068811950752867,0.8924696976547369,7.072519537794697,0.6303447579079087,1,0.0884642906064241,1,0.7730977644541617,3,0.7583442646653398,4,9
Reweigh_3,0.7,0.0,0.0,0.7994876395749787,0.8924696976547369,7.811875087825493,0.9319414239775302,5,0.97790388147342,3,0.9708847842328181,4,0.9877428566005925,5,17
Reweigh_3,0.7,0.0,0.4,0.8337260709305719,0.8924696976547369,4.38803195226617,0.8639089417084619,5,0.7114756766670198,1,0.9074046355575375,5,0.9543883039507534,6,17
Reweigh_3,0.7,0.0,0.8,0.8555878633273162,0.8924696976547369,2.2018527125917453,0.8234094309793348,4,0.4036154706753655,1,0.8228603353215065,6,0.8859800066926395,6,17
Reweigh_3,0.7,0.4,0.0,0.8185173975549382,0.8924696976547369,5.908899289829539,0.9404148370627635,3,0.7960881171125638,2,0.9586555247595948,5,0.9796183284075489,6,16
Reweigh_3,0.7,0.4,0.4,0.8480916195561705,0.8924696976547369,2.9514770897063114,0.8701363269541157,4,0.4720577432938616,1,0.8986814785096723,6,0.9135484665207217,6,17
Reweigh_3,0.7,0.4,0.8,0.8386010614724417,0.8924696976547369,3.90053289807919,0.687276714269615,1,0.13357984330094874,2,0.735017112428967,3,0.7985171200622743,4,10
Reweigh_3,0.7,0.8,0.0,0.8301049582220877,0.8924696976547369,4.7501432231145895,0.895726197294902,3,0.5436188912990743,3,0.9621421259256093,5,0.9421252365052345,6,17
Reweigh_3,0.7,0.8,0.4,0.8576578426815691,0.8924696976547369,1.9948547771664549,0.7620599240072953,2,0.23597103000651795,1,0.835235962388282,6,0.8524560465654445,6,15
Reweigh_3,0.7,0.8,0.8,0.8110914141796288,0.8924696976547369,6.651497627360481,0.6372893909942792,1,0.08916246987414714,1,0.762817287325499,3,0.7720522218501655,4,9
Reweigh_3,0.7,1.0,0.0,0.8354123204306422,0.8924696976547369,4.219407002259146,0.8551136283169986,3,0.4339699699475679,1,0.9355477343025664,6,0.9164425936008715,6,16
Reweigh_3,0.7,1.0,0.4,0.8516424718688185,0.8924696976547369,2.5963918584415158,0.763880666173261,2,0.12312404311859623,2,0.8065296214189229,6,0.7928738404296444,5,15
Reweigh_3,0.7,1.0,0.8,0.8063137072627631,0.8924696976547369,7.129268319047055,0.6273379133681073,1,0.08876159104716749,1,0.7760977051852732,3,0.763023224436198,4,9
Reweigh_3,0.8,0.0,0.0,0.7989255564082886,0.8924696976547369,7.868083404494508,0.9417193808845553,5,0.9839029067091816,3,0.9797113013783028,4,0.9861518225959988,5,17
Reweigh_3,0.8,0.0,0.4,0.8331477738263812,0.8924696976547369,4.445861662685246,0.8973440956648535,5,0.7036779805447941,1,0.916416501475299,5,0.956240942890301,6,17
Reweigh_3,0.8,0.0,0.8,0.8522423875563434,0.8924696976547369,2.5364002896890225,0.8242696910747903,3,0.3839198859430828,1,0.8239521480451699,6,0.8874366187169647,6,16
Reweigh_3,0.8,0.4,0.0,0.8173067568882211,0.8924696976547369,6.029963356501256,0.9540162064441797,3,0.7826794557326948,2,0.9741375520836816,5,0.9829558070971554,6,16
Reweigh_3,0.8,0.4,0.4,0.8456811475144034,0.8924696976547369,3.1925242938830256,0.8797522300828177,3,0.45776845264165755,1,0.9064697386458801,6,0.9177117965768903,6,16
Reweigh_3,0.8,0.4,0.8,0.8342070844097587,0.8924696976547369,4.339930604347497,0.6691622180532568,1,0.15154905566625462,2,0.7372526523770648,3,0.7992662446399684,4,10
Reweigh_3,0.8,0.8,0.0,0.8287862246386994,0.8924696976547369,4.882016581453419,0.8811816825447796,3,0.5407332213208839,3,0.9675175638770481,5,0.9437763153435189,6,17
Reweigh_3,0.8,0.8,0.4,0.8555878633273162,0.8924696976547369,2.2018527125917453,0.7479934407531845,1,0.2507285272483579,1,0.8490076503606075,6,0.8565231203687901,6,14
Reweigh_3,0.8,0.8,0.8,0.8092754531795532,0.8924696976547369,6.833093727368045,0.6381182184675485,1,0.08932955271936667,1,0.7707584448827917,3,0.7702195668215244,4,9
Reweigh_3,0.8,1.0,0.0,0.8340827775555868,0.8924696976547369,4.3523612897646835,0.8514773603786807,3,0.4415049186050627,1,0.9451871312557976,6,0.9185917187813372,6,16
Reweigh_3,0.8,1.0,0.4,0.8500210781187508,0.8924696976547369,2.7585312334482803,0.752429147227018,1,0.12224867463239977,2,0.8081420714040376,6,0.7921984470669478,5,14
Reweigh_3,0.8,1.0,0.8,0.8053678942418904,0.8924696976547369,7.223849621134326,0.6260175960961016,1,0.08899871256783021,1,0.7796915370910118,3,0.7673782265311758,4,9
Reweigh_3,0.9,0.0,0.0,0.798185119929091,0.8924696976547369,7.942127052414261,0.9756496151727131,3,0.9888022843430954,3,0.9896868132763349,4,0.9818470898519102,5,15
Reweigh_3,0.9,0.0,0.4,0.8324992163263542,0.8924696976547369,4.5107174126879475,0.9219904413964323,4,0.6963052227477828,1,0.925418615476615,5,0.9589829133473008,6,16
Reweigh_3,0.9,0.0,0.8,0.8475133224519797,0.8924696976547369,3.0093068001253886,0.8137645684946678,3,0.36545079931206487,1,0.8321354183844384,6,0.8807630288077772,6,16
Reweigh_3,0.9,0.4,0.0,0.8157394095964892,0.8924696976547369,6.186698085674447,0.936614745071772,3,0.7754842256371342,2,0.9875091843750933,5,0.9839984350365826,6,16
Reweigh_3,0.9,0.4,0.4,0.8440273258893345,0.8924696976547369,3.357906456389914,0.8598866432537142,3,0.4546063891587838,1,0.908183829106936,6,0.9216166602381151,6,16
Reweigh_3,0.9,0.4,0.8,0.8322127700971755,0.8924696976547369,4.5393620356058095,0.6569388263719534,1,0.1686966284185593,2,0.7528032769373236,3,0.8071194869278804,5,11
Reweigh_3,0.9,0.8,0.0,0.826710840638613,0.8924696976547369,5.089554981462063,0.8380023756805877,3,0.5310425812779848,1,0.9703706339389857,5,0.9464880865692535,6,15
Reweigh_3,0.9,0.8,0.4,0.8537502837439063,0.8924696976547369,2.3856106709327363,0.738710883235328,1,0.2637653658200391,1,0.8605241042966512,6,0.8585275401118423,6,14
Reweigh_3,0.9,0.8,0.8,0.8072595202836358,0.8924696976547369,7.034687016959785,0.6320309767282009,1,0.08949589690142545,1,0.779941372851975,3,0.7725412791282763,4,9
Reweigh_3,0.9,1.0,0.0,0.8326289278263596,0.8924696976547369,4.497746262687407,0.842442810150979,3,0.44856328146453656,1,0.9523395415353461,6,0.9240426550104589,6,16
Reweigh_3,0.9,1.0,0.4,0.8480537870353356,0.8924696976547369,2.9552603417898005,0.7426196219005166,1,0.12143038725615597,2,0.8086849399057475,6,0.7929345280302736,5,14
Reweigh_3,0.9,1.0,0.8,0.8051949455752164,0.8924696976547369,7.241144487801721,0.6221810371658951,1,0.08918552539233679,1,0.7800323246389816,3,0.7697739124018953,4,9
Reweigh_3,1.0,0.0,0.0,0.7975041345540627,0.8924696976547369,8.010225589917097,0.9930629003710593,3,0.9970348110022849,3,0.9997771676384088,4,0.9795751415569461,5,15
Reweigh_3,1.0,0.0,0.4,0.8312615524304693,0.8924696976547369,4.634483802276435,0.9168178196979229,4,0.6848363591251849,1,0.9360368213349816,5,0.9585368202380733,6,16
Reweigh_3,1.0,0.0,0.8,0.8439948980143331,0.8924696976547369,3.361149243890049,0.8014852299542788,2,0.3655232398325463,1,0.8261859505677039,6,0.8785098355451223,6,15
Reweigh_3,1.0,0.4,0.0,0.8132694864505529,0.8924696976547369,6.433690400268077,0.9244593330722587,3,0.7615727079240666,1,0.9926384952517624,5,0.9845346970864464,6,15
Reweigh_3,1.0,0.4,0.4,0.8429355874309556,0.8924696976547369,3.4670803022277985,0.8550199745743112,3,0.4588558114887102,1,0.9134469118538556,6,0.9236907385007799,6,16
Reweigh_3,1.0,0.4,0.8,0.8300995535762542,0.8924696976547369,4.7506836876979435,0.6445641407698817,1,0.18196125575115063,2,0.7683379284384271,3,0.8133804232800745,6,12
Reweigh_3,1.0,0.8,0.0,0.8254407488677267,0.8924696976547369,5.216564158550696,0.8218127120407747,3,0.5363744127712715,1,0.9788580410461741,5,0.9474521412665635,6,15
Reweigh_3,1.0,0.8,0.4,0.8519613459729984,0.8924696976547369,2.564504448023519,0.729472621607521,1,0.27535758381162534,1,0.8664420714574825,6,0.8627344076466409,6,14
Reweigh_3,1.0,0.8,0.8,0.8057840519710744,0.8924696976547369,7.182233848215924,0.6290947127399646,1,0.08966697529314112,1,0.7857250487668539,3,0.7765625562559434,4,9
Reweigh_3,1.0,1.0,0.0,0.8309642969096235,0.8924696976547369,4.664209354361015,0.8249107184311871,3,0.45527672035988437,1,0.9606905584064179,6,0.9293686826785333,6,16
Reweigh_3,1.0,1.0,0.4,0.847902456951996,0.8924696976547369,2.970393350123768,0.7318202108242998,1,0.13442148965216252,2,0.8093515879237847,6,0.8046263447167741,6,15
Reweigh_3,1.0,1.0,0.8,0.8049301179293721,0.8924696976547369,7.267627252386156,0.623617897891584,1,0.08937448641709915,1,0.7806464252691666,3,0.7722079842475275,4,9
Reweigh_8,0.0,0.0,0.0,0.7445007728643542,0.8373950007946549,13.310561758887939,0.7813240012935625,1,0.5889860374168804,0,0.9763905246216723,5,0.9372453414258295,5,11
Reweigh_8,0.0,0.0,0.4,0.7832628927826359,0.8373950007946549,9.434349767059768,0.7842303790886193,1,0.7348268936840875,0,0.9067397857913553,5,0.9899762455948199,6,12
Reweigh_8,0.0,0.0,0.8,0.8333909828888912,0.8373950007946549,4.421540756434239,0.7517485214301031,3,0.5787526848770678,0,0.8192813911407504,6,0.9298940906191469,6,15
Reweigh_8,0.0,0.4,0.0,0.7768746014073697,0.8373950007946549,10.073178904586388,0.7961839782017237,2,0.7656323968573422,0,0.9416241348486789,5,0.9739838949457148,6,13
Reweigh_8,0.0,0.4,0.4,0.8223655053884319,0.8373950007946549,5.524088506480174,0.785396431880467,3,0.6938421307459198,0,0.8543226045129294,6,0.946543985852028,6,15
Reweigh_8,0.0,0.4,0.8,0.8531233448272135,0.8373950007946549,2.4483045626020106,0.6249662705479822,1,0.18146425231940871,1,0.723989474255457,3,0.8018016238087416,5,10
Reweigh_8,0.0,0.8,0.0,0.8086701328461946,0.8373950007946549,6.8936257607039035,0.8099538744475615,5,0.7682263491365714,1,0.8931190250742452,5,0.9607122970722111,6,17
Reweigh_8,0.0,0.8,0.4,0.8546042177856085,0.8373950007946549,2.3002172667625165,0.7175623760740251,3,0.2105023490232134,1,0.7684641292055926,5,0.817077691136664,6,15
Reweigh_8,0.0,0.8,0.8,0.8435463124101478,0.8373950007946549,3.406007804308586,0.5917989668065243,1,0.14939792712430128,0,0.7310070740263322,4,0.779057442314927,4,9
Reweigh_8,0.0,1.0,0.0,0.8232140347843006,0.8373950007946549,5.4392355668933074,0.7811742378478514,4,0.4118344320097569,2,0.8234425024143669,6,0.8788701634094662,6,18
Reweigh_8,0.0,1.0,0.4,0.8418870861392453,0.8373950007946549,3.5719304313988287,0.6754618327021388,1,0.15121638191121267,0,0.7869235748461122,4,0.7824563192300463,5,10
Reweigh_8,0.0,1.0,0.8,0.8377633413682402,0.8373950007946549,3.9843049084993476,0.6306345957377615,1,0.14348117753522005,0,0.7526981586286617,4,0.7771212401513172,4,9
Reweigh_8,0.3,0.0,0.0,0.7589257725941219,0.8373950007946549,11.868061785911177,0.8226964029616701,3,0.67080873700303,0,0.9814461883371653,4,0.9460756968441658,5,12
Reweigh_8,0.3,0.0,0.4,0.7999146065958298,0.8373950007946549,7.769178385740383,0.8421825994303864,5,0.8035270510736224,2,0.903631219183207,5,0.996310535367553,6,18
Reweigh_8,0.3,0.0,0.8,0.8494103531395588,0.8373950007946549,2.8196037313674815,0.7881192895108661,3,0.4246925531341879,0,0.7623963840878094,4,0.8685957868683738,6,13
Reweigh_8,0.3,0.4,0.0,0.7903429788245976,0.8373950007946549,8.726341162863605,0.8542535218295495,4,0.8928200472990385,2,0.9500856136896241,5,0.984951327648422,6,17
Reweigh_8,0.3,0.4,0.4,0.8442489163685104,0.8373950007946549,3.3357474084723227,0.8230749082548025,5,0.5438495017938804,0,0.843392247138686,6,0.9255836104773155,6,17
Reweigh_8,0.3,0.4,0.8,0.8478970523061624,0.8373950007946549,2.970933814707122,0.5772877665814966,1,0.15064649649302886,1,0.7312295748374639,4,0.7815796354691004,4,10
Reweigh_8,0.3,0.8,0.0,0.8183930907007664,0.8373950007946549,5.921329975246725,0.8730297456166309,5,0.5565927764836186,2,0.9316596721757676,6,0.9383370206883642,6,19
Reweigh_8,0.3,0.8,0.4,0.835352869326473,0.8373950007946549,4.225352112676061,0.6662268063643834,1,0.1474308152033042,0,0.7574483538921863,4,0.7959698487462462,5,10
Reweigh_8,0.3,0.8,0.8,0.8367905051181996,0.8373950007946549,4.0815885335034,0.6340215876610061,1,0.14269227759000921,0,0.756152309451965,4,0.776649478307669,4,9
Reweigh_8,0.3,1.0,0.0,0.8223168635759299,0.8373950007946549,5.528952687730371,0.8362284432743257,5,0.2475814967968855,0,0.8143222204455167,6,0.8365268885296044,6,17
Reweigh_8,0.3,1.0,0.4,0.8305967809929415,0.8373950007946549,4.700960946029209,0.6753108642368698,1,0.14456233024636697,0,0.7862261317404737,4,0.7669014425424279,4,9
Reweigh_8,0.3,1.0,0.8,0.8341368240139224,0.8373950007946549,4.346956643931121,0.6481937212774332,1,0.14269227759000921,0,0.7697117509503002,4,0.7639776683266069,4,9
Reweigh_8,0.5,0.0,0.0,0.7684217353236842,0.8373950007946549,10.918465512954945,0.8559354507605857,3,0.7344677111938854,0,0.9831346605183687,4,0.9517824236233321,5,12
Reweigh_8,0.5,0.0,0.4,0.812447980283852,0.8373950007946549,6.515841016938162,0.8763792686644033,5,0.8051144158135598,2,0.8988944815759969,5,0.9842293796168852,6,18
Reweigh_8,0.5,0.0,0.8,0.8451514922227147,0.8373950007946549,3.2454898230518947,0.7104033567374487,1,0.3408302195167571,0,0.8039507084948264,5,0.8883895920889066,6,12
Reweigh_8,0.5,0.4,0.0,0.799703825408321,0.8373950007946549,7.790256504491266,0.9151554450507119,5,0.9170124630149772,2,0.9609004132429028,5,0.9944415753014901,6,18
Reweigh_8,0.5,0.4,0.4,0.8532962934938874,0.8373950007946549,2.4310096959346272,0.7699533052072024,1,0.38069077009941055,0,0.8240385165620491,6,0.8733043403415333,6,13
Reweigh_8,0.5,0.4,0.8,0.8428923502642872,0.8373950007946549,3.4714040188946416,0.5929200248464246,1,0.14755716058547602,0,0.7312725335037614,4,0.781748192982436,4,9
Reweigh_8,0.5,0.8,0.0,0.8202847167425119,0.8373950007946549,5.732167371072173,0.8531745691211255,3,0.42952818684926364,0,0.9343786272725864,6,0.9119844700141561,6,15
Reweigh_8,0.5,0.8,0.4,0.8319641563888318,0.8373950007946549,4.564223406440182,0.673085642251775,1,0.1469313170776154,0,0.7718085626952484,4,0.7842683241821751,5,10
Reweigh_8,0.5,0.8,0.8,0.8344448888264352,0.8373950007946549,4.316150162679843,0.6438189259926009,1,0.14269227759000921,0,0.7664505869495605,4,0.7673021849564979,4,9
Reweigh_8,0.5,1.0,0.0,0.8318668727638278,0.8373950007946549,4.573951768940587,0.7497280684595083,2,0.21097006947599573,0,0.7985636549900252,5,0.7940597154874744,5,12
Reweigh_8,0.5,1.0,0.4,0.8304346416179348,0.8373950007946549,4.717174883529884,0.6805697003380141,1,0.14422579748149322,0,0.7842852489737138,4,0.7638474794391773,4,9
Reweigh_8,0.5,1.0,0.8,0.831007534076292,0.8373950007946549,4.6598856376941615,0.6492947111374745,1,0.14269227759000921,0,0.7802562705031969,4,0.7630886557826049,4,9
Reweigh_8,0.6,0.0,0.0,0.7731562050738815,0.8373950007946549,10.445018537935214,0.8747593309691389,3,0.7721067312918571,0,0.9849872547322855,4,0.9550669237943306,5,12
Reweigh_8,0.6,0.0,0.4,0.8196415638883184,0.8373950007946549,5.79648265649152,0.8780853596062915,5,0.7804519690629694,0,0.8955286766173154,5,0.9752751513517164,6,16
Reweigh_8,0.6,0.0,0.8,0.8454001059310583,0.8373950007946549,3.2206284522175332,0.6703460383837062,1,0.3181800741780976,0,0.8089525522955844,5,0.8829540663431248,6,12
Reweigh_8,0.6,0.4,0.0,0.8044923416168539,0.8373950007946549,7.311404883637973,0.9451024997546557,5,0.8590138882462104,2,0.9727429124684794,5,0.9990704882729347,6,18
Reweigh_8,0.6,0.4,0.4,0.8447839763060326,0.8373950007946549,3.2822414147200996,0.6630034842257532,1,0.31510490860143,0,0.8463804180433165,6,0.8361573612624705,6,13
Reweigh_8,0.6,0.4,0.8,0.8399630322224985,0.8373950007946549,3.764335823073517,0.6036281919419957,1,0.1443358191425318,0,0.7418655663192665,4,0.7840881529183195,4,9
Reweigh_8,0.6,0.8,0.0,0.8259109530552463,0.8373950007946549,5.169543739798732,0.8116730890592935,3,0.3726239177478686,0,0.9104167551859987,6,0.8959830146122636,6,15
Reweigh_8,0.6,0.8,0.4,0.8313480267638061,0.8373950007946549,4.625836368942748,0.6748125617421862,1,0.14659932502557815,0,0.7753820647922334,4,0.7789184056016032,5,10
Reweigh_8,0.6,0.8,0.8,0.8333909828888912,0.8373950007946549,4.421540756434239,0.6342201237217523,1,0.14269227759000921,0,0.7710138876860197,4,0.7676405612813582,4,9
Reweigh_8,0.6,1.0,0.0,0.8274566817636441,0.8373950007946549,5.014970868958956,0.6358174201198633,1,0.1758391326579783,0,0.787508689876043,5,0.745352240263755,4,10
Reweigh_8,0.6,1.0,0.4,0.8304778787846032,0.8373950007946549,4.712851166863041,0.6763115695819598,1,0.14406189593357469,0,0.7844323283233177,4,0.7629989257123855,4,9
Reweigh_8,0.6,1.0,0.8,0.8301698139720904,0.8373950007946549,4.7436576481143184,0.6401240949542374,1,0.14269227759000921,0,0.7788872689680463,4,0.7614386747708318,4,9
Reweigh_8,0.7,0.0,0.0,0.7775555867823981,0.8373950007946549,10.005080367083552,0.89761980512015,4,0.8140187508317472,2,0.985445866429874,4,0.9595472084426706,5,15
Reweigh_8,0.7,0.0,0.4,0.8268783846594533,0.8373950007946549,5.072800579378034,0.9207023367166604,5,0.7373295477032825,0,0.8911763945423481,5,0.9619722450518529,6,16
Reweigh_8,0.7,0.0,0.8,0.8446488601601937,0.8373950007946549,3.295753029303994,0.6449487709023194,1,0.29533386880268975,0,0.8146079723854507,5,0.875486912969534,6,12
Reweigh_8,0.7,0.4,0.0,0.8077945802211581,0.8373950007946549,6.98118102320755,0.9533150088538713,4,0.7873729626460787,1,0.9902848357022362,5,0.9891661774532687,6,16
Reweigh_8,0.7,0.4,0.4,0.8420222022850843,0.8373950007946549,3.5584188168149344,0.6687285105292758,1,0.295014284141503,0,0.8511217238241378,6,0.8777959835131447,6,13
Reweigh_8,0.7,0.4,0.8,0.8362554451806773,0.8373950007946549,4.135094527255633,0.6210311915062573,1,0.14269227759000921,0,0.7511743071855461,4,0.783519995865463,4,9
Reweigh_8,0.7,0.8,0.0,0.8317533752013231,0.8373950007946549,4.5853015251910545,0.760487714170362,2,0.31445515164288823,0,0.8757152899384721,6,0.868913599303241,6,14
Reweigh_8,0.7,0.8,0.4,0.8303427626387643,0.8373950007946549,4.726362781446936,0.6735626943667298,1,0.14626623345544815,0,0.7777229652851781,4,0.7734088146027362,4,9
Reweigh_8,0.7,0.8,0.8,0.8317966123679915,0.8373950007946549,4.580977808524212,0.6312731270849227,1,0.14269227759000921,0,0.7771630596641541,4,0.7683710537375044,4,9
Reweigh_8,0.7,1.0,0.0,0.824505745138521,0.8373950007946549,5.310064531471259,0.6252090746303092,1,0.16822653535734353,0,0.7940629403554937,5,0.7734752428535479,5,11
Reweigh_8,0.7,1.0,0.4,0.8305751624096073,0.8373950007946549,4.703122804362636,0.6753254530771016,1,0.14382803738370872,0,0.7842756816463915,4,0.7624915597244344,4,9
Reweigh_8,0.7,1.0,0.8,0.8298779630970783,0.8373950007946549,4.7728427356155345,0.6386104413837616,1,0.14269227759000921,0,0.7799249017844543,4,0.7618976241132766,4,9
Reweigh_8,0.8,0.0,0.0,0.7821225125117551,0.8373950007946549,9.54838779414785,0.9253789872122967,5,0.8645193074199093,2,0.9906587442540913,4,0.9632076997117326,5,16
Reweigh_8,0.8,0.0,0.4,0.833688238409737,0.8373950007946549,4.391815204349658,0.8770152446587919,4,0.6556077800762625,0,0.870992657309061,5,0.9420776983148142,6,15
Reweigh_8,0.8,0.0,0.8,0.8449515203268729,0.8373950007946549,3.26548701263607,0.6447132709361807,1,0.2835689084404555,0,0.8127823641839049,5,0.8718049807947461,6,12
Reweigh_8,0.8,0.4,0.0,0.8102699080129279,0.8373950007946549,6.733648244030577,0.9158027481976726,3,0.6960834812217611,1,0.9940005887907611,5,0.9764480041631635,6,15
Reweigh_8,0.8,0.4,0.4,0.8374282533265595,0.8373950007946549,4.017813712667417,0.6781626320266043,1,0.2835918886978795,0,0.8528617755332129,6,0.8806036148664186,6,13
Reweigh_8,0.8,0.4,0.8,0.8348718558472863,0.8373950007946549,4.273453460594734,0.6222834682498849,1,0.14269227759000921,0,0.7577951158039604,4,0.7769961477526339,4,9
Reweigh_8,0.8,0.8,0.0,0.8277485326386562,0.8373950007946549,4.985785781457741,0.6657164375985201,1,0.2369176818967854,0,0.8155253749341662,6,0.8157594411429276,6,13
Reweigh_8,0.8,0.8,0.4,0.8304292369721012,0.8373950007946549,4.717715348113238,0.6691528234166211,1,0.14582617930648034,0,0.77963056219608,4,0.7712657031525632,4,9
Reweigh_8,0.8,0.8,0.8,0.8303373579929307,0.8373950007946549,4.7269032460302896,0.6323304979189716,1,0.14269227759000921,0,0.7810646410344785,4,0.7653931848003974,4,9
Reweigh_8,0.8,1.0,0.0,0.8240787781176699,0.8373950007946549,5.352761233556369,0.6292170442050089,1,0.1651221459134881,0,0.7838471392580278,4,0.8003346165421236,6,11
Reweigh_8,0.8,1.0,0.4,0.8304778787846032,0.8373950007946549,4.712851166863041,0.6711136467634502,1,0.14352990405185026,0,0.7835875955893746,4,0.7615474712278238,4,9
Reweigh_8,0.8,1.0,0.8,0.829526661117897,0.8373950007946549,4.807972933533666,0.6371964325297204,1,0.14269227759000921,0,0.7810503979957174,4,0.7624273875074786,4,9
Reweigh_8,0.9,0.0,0.0,0.7875271583453136,0.8373950007946549,9.007923210792,0.9581118017238294,3,0.9228977165566976,2,0.9947511753307703,4,0.9662835387775829,5,14
Reweigh_8,0.9,0.0,0.4,0.833001848388875,0.8373950007946549,4.46045420643586,0.7881419426924523,1,0.5383896145841068,2,0.8103958811066554,6,0.8994149583138363,6,15
Reweigh_8,0.9,0.0,0.8,0.8443948418060164,0.8373950007946549,3.3211548647217204,0.6404215229821922,1,0.2675759515591421,0,0.8102716986941804,5,0.8680321403253173,6,12
Reweigh_8,0.9,0.4,0.0,0.8139126393047463,0.8373950007946549,6.369375114848729,0.8430282529840472,3,0.5966050861108451,0,0.9958046655554514,5,0.9685661171717463,6,14
Reweigh_8,0.9,0.4,0.4,0.8347151211181131,0.8373950007946549,4.289126933512055,0.6833147116522855,1,0.25247598579416114,0,0.8442381507667589,6,0.878311472462319,6,13
Reweigh_8,0.9,0.4,0.8,0.8338882103055787,0.8373950007946549,4.371818014765494,0.6212424389741045,1,0.14269227759000921,0,0.761780590275482,4,0.7746305359329031,4,9
Reweigh_8,0.9,0.8,0.0,0.8226681655551111,0.8373950007946549,5.49382248981225,0.6380390171527108,1,0.19612301184524658,0,0.8457201752250273,6,0.8154337881209783,6,13
Reweigh_8,0.9,0.8,0.4,0.8305805670554408,0.8373950007946549,4.702582339779282,0.6679222603984867,1,0.14525037038750324,0,0.7829417859722705,4,0.768955906438177,4,9
Reweigh_8,0.9,0.8,0.8,0.8289970058262082,0.8373950007946549,4.8609384627025465,0.6359120785554819,1,0.14269227759000921,0,0.7802745995723447,4,0.7631022966578809,4,9
Reweigh_8,0.9,1.0,0.0,0.8236950482634873,0.8373950007946549,5.391134218974636,0.6311816023046412,1,0.16342862781426307,0,0.7773881027954179,4,0.8073072460806799,6,11
Reweigh_8,0.9,1.0,0.4,0.8303805951595992,0.8373950007946549,4.722579529363447,0.6700006888086186,1,0.14325292527316885,0,0.7816381279475155,4,0.7601667289996437,4,9
Reweigh_8,0.9,1.0,0.8,0.8291050987428794,0.8373950007946549,4.850129171035422,0.6387213148303093,1,0.14269227759000921,0,0.7824872081351395,4,0.7633522054029188,4,9
Reweigh_8,1.0,0.0,0.0,0.7926669765330278,0.8373950007946549,8.493941392020588,0.9962685692614297,3,0.9979492149000274,2,0.9994939652452497,4,0.9730226017049963,5,14
Reweigh_8,1.0,0.0,0.4,0.834704311826446,0.8373950007946549,4.290207862678763,0.7319625227239667,1,0.46939623724344604,0,0.8578783462142635,6,0.8901167904605799,6,13
Reweigh_8,1.0,0.0,0.8,0.8426815690767784,0.8373950007946549,3.492482137645525,0.6431870387309636,1,0.24766484452101922,0,0.8065675096618514,5,0.8661057295759527,6,12
Reweigh_8,1.0,0.4,0.0,0.8166095575756921,0.8373950007946549,6.099683287754154,0.7597838849618592,2,0.5020405450324793,0,0.9689530171114416,5,0.9567535067017052,6,13
Reweigh_8,1.0,0.4,0.4,0.8333423410763893,0.8373950007946549,4.4264049376844365,0.6842492896191237,1,0.22864367979272773,0,0.8284418077251228,6,0.8724883571886431,6,13
Reweigh_8,1.0,0.4,0.8,0.8326289278263596,0.8373950007946549,4.497746262687407,0.6169302963670958,1,0.14269227759000921,0,0.7660091336087163,4,0.7763867474065628,4,9
Reweigh_8,1.0,0.8,0.0,0.8219061104925794,0.8373950007946549,5.570027996065418,0.6312111508407617,1,0.1857452314408112,0,0.8385599059264902,6,0.8523341304675038,6,13
Reweigh_8,1.0,0.8,0.4,0.8305265205971053,0.8373950007946549,4.707986985612833,0.6636129435585358,1,0.14453190194370685,0,0.7869104112489939,4,0.7658660948380804,4,9
Reweigh_8,1.0,0.8,0.8,0.8284403273053517,0.8373950007946549,4.916606314788197,0.631568379851683,1,0.14269227759000921,0,0.7812212394332535,4,0.7642731267034635,4,9
Reweigh_8,1.0,1.0,0.0,0.8238896155134954,0.8373950007946549,5.371677493973825,0.6325525524569259,1,0.1627672988261839,0,0.7782060421821637,4,0.8061330148426323,6,11
Reweigh_8,1.0,1.0,0.4,0.8301590046804233,0.8373950007946549,4.744738577281038,0.6656495883828044,1,0.14291006038559562,0,0.7791122189146453,4,0.7591712810210814,4,9
Reweigh_8,1.0,1.0,0.8,0.8285862527428578,0.8373950007946549,4.902013771037583,0.6341121288123802,1,0.14269227759000921,0,0.784199584588544,4,0.7655308591627362,4,9
Reweigh_15,0.0,0.0,0.0,0.7213472701133895,0.8157705101011901,15.625912033984413,0.7765808004593006,1,0.4852956312246687,0,0.9829659601695243,5,0.9207162352225943,5,11
Reweigh_15,0.0,0.0,0.4,0.7623090808859295,0.8157705101011901,11.529730956730411,0.7827025115044531,1,0.5931488522752001,0,0.9155757171746474,5,0.9708837058044417,6,12
Reweigh_15,0.0,0.0,0.8,0.8151935403672997,0.8157705101011901,6.241285008593389,0.7407293460948029,3,0.5988468181728599,0,0.8300862818057617,6,0.9509554190571762,6,15
Reweigh_15,0.0,0.4,0.0,0.7575475879065645,0.8157705101011901,12.005880254666913,0.791814258822686,2,0.600934829143865,0,0.949771258902444,5,0.9527366076946135,6,13
Reweigh_15,0.0,0.4,0.4,0.8074216596586425,0.8157705101011901,7.018473079459109,0.7898819825138266,4,0.6322042506173062,0,0.8594682902187933,6,0.9697985437192232,6,16
Reweigh_15,0.0,0.4,0.8,0.8588360554732848,0.8157705101011901,1.8770334979948844,0.5726837806992435,2,0.20767627235727118,1,0.7109545139863853,4,0.8101038853974355,6,13
Reweigh_15,0.0,0.8,0.0,0.7990606725541275,0.8157705101011901,7.854571789910613,0.8155667447474461,5,0.6964762535598658,0,0.8975419674333319,5,0.9833200210275839,6,16
Reweigh_15,0.0,0.8,0.4,0.8540529439105855,0.8157705101011901,2.3553446542648127,0.644649660403226,1,0.22629305437436742,1,0.7821413538957183,5,0.8126175125318083,6,13
Reweigh_15,0.0,0.8,0.8,0.8510101283062921,0.8157705101011901,2.659626214694155,0.6046157256962066,2,0.1864458862904707,0,0.7526889869624855,4,0.7936813505195047,5,11
Reweigh_15,0.0,1.0,0.0,0.8199712472841655,0.8157705101011901,5.763514316906814,0.7679746074287875,4,0.40623988641451925,2,0.817977992269293,6,0.8882171807045641,6,18
Reweigh_15,0.0,1.0,0.4,0.8486320841395263,0.8157705101011901,2.8974306313707343,0.6663336533720838,1,0.18239795594463845,0,0.7694737499007144,4,0.7945467596457706,5,10
Reweigh_15,0.0,1.0,0.8,0.8502588825354275,0.8157705101011901,2.7347507917806158,0.620094422790188,2,0.18107647084595546,0,0.7665770595696686,4,0.7886213437785405,5,11
Reweigh_15,0.3,0.0,0.0,0.7408634462183693,0.8157705101011901,13.674294423486433,0.8147020871719941,3,0.5631700650790895,0,0.9823651837927513,5,0.9280978849126225,5,13
Reweigh_15,0.3,0.0,0.4,0.7846410774701934,0.8157705101011901,9.296531298304023,0.8333667420372001,5,0.708365743691662,0,0.9114534165133377,5,0.9868516642918362,6,16
Reweigh_15,0.3,0.0,0.8,0.8455838638893993,0.8157705101011901,3.202252656383431,0.7772913540313665,3,0.4376870618259147,1,0.8084810920946567,5,0.9028738894314348,6,15
Reweigh_15,0.3,0.4,0.0,0.7783770929490991,0.8157705101011901,9.922929750413456,0.845256444386117,5,0.7281986528920503,0,0.9537536047006677,5,0.9689017496936184,6,16
Reweigh_15,0.3,0.4,0.4,0.8418870861392453,0.8157705101011901,3.5719304313988287,0.8201811240469754,5,0.5550527021268722,0,0.8424004540052454,6,0.9334709332872964,6,17
Reweigh_15,0.3,0.4,0.8,0.8527666382021986,0.8157705101011901,2.4839752251035074,0.6107743166228646,2,0.18785889035481684,0,0.7298774847302054,4,0.79974786148863,5,11
Reweigh_15,0.3,0.8,0.0,0.8151881357214662,0.8157705101011901,6.241825473176743,0.9063757348225774,4,0.5493644114827392,0,0.9348527920613926,6,0.953111252546291,6,16
Reweigh_15,0.3,0.8,0.4,0.8485185865770216,0.8157705101011901,2.9087803876212015,0.6686217826972083,1,0.1804663125337581,0,0.7770078931767411,4,0.7880028952835049,5,10
Reweigh_15,0.3,0.8,0.8,0.8470593322019608,0.8157705101011901,3.0547058251272796,0.634987341534181,2,0.178780339241393,0,0.778888063916184,4,0.792544625429236,5,11
Reweigh_15,0.3,1.0,0.0,0.8344665074097695,0.8157705101011901,4.313988304346417,0.8058068300691789,5,0.26485939672177145,0,0.8133995493938568,6,0.84256557272305,6,17
Reweigh_15,0.3,1.0,0.4,0.847670057181153,0.8157705101011901,2.9936333272080673,0.6696261833414264,1,0.178780339241393,0,0.7768523280174329,4,0.7870760209128401,5,10
Reweigh_15,0.3,1.0,0.8,0.8465026536811042,0.8157705101011901,3.110373677212941,0.6442699066513929,1,0.178780339241393,0,0.7869868579189292,4,0.7977097652179469,5,10
Reweigh_15,0.5,0.0,0.0,0.7539102612605796,0.8157705101011901,12.369612919265405,0.842615356781023,3,0.6264665565754759,0,0.9836259325916374,4,0.9366727294127982,5,12
Reweigh_15,0.5,0.0,0.4,0.8037897376584913,0.8157705101011901,7.381665279474237,0.8661435506604941,5,0.7608307930070038,0,0.9003604966458504,5,0.9949734661185864,6,16
Reweigh_15,0.5,0.0,0.8,0.8470971647227957,0.8157705101011901,3.0509225730437906,0.6798844490692689,1,0.3617836649863148,0,0.8096473044033462,5,0.8865485369787017,6,12
Reweigh_15,0.5,0.4,0.0,0.7940559705122523,0.8157705101011901,8.355041994098134,0.9075092189703564,5,0.853183904203993,2,0.9629342048105729,5,0.9828812780478684,6,18
Reweigh_15,0.5,0.4,0.4,0.8491239069103802,0.8157705101011901,2.848248354285343,0.7305683255070738,1,0.357976479930878,0,0.8263871136509545,6,0.8940461533006049,6,13
Reweigh_15,0.5,0.4,0.8,0.8456271010560678,0.8157705101011901,3.1979289397165878,0.6209828385602769,2,0.184785606514864,0,0.7614688402788934,4,0.800654962452252,6,12
Reweigh_15,0.5,0.8,0.0,0.8303859998054327,0.8157705101011901,4.722039064780093,0.8626894240237013,3,0.3135840297334694,0,0.8734362798508092,6,0.9041403427112282,6,15
Reweigh_15,0.5,0.8,0.4,0.8481943078270081,0.8157705101011901,2.941208262622552,0.6704135315922598,1,0.178780339241393,0,0.7764944907173313,4,0.7866633248080543,5,10
Reweigh_15,0.5,0.8,0.8,0.8448326181185347,0.8157705101011901,3.2773772334698914,0.64557217029785,1,0.178780339241393,0,0.7867219613332866,4,0.7929325212347157,5,10
Reweigh_15,0.5,1.0,0.0,0.841022342805876,0.8157705101011901,3.6584047647357676,0.681964851166482,1,0.20499970247655014,0,0.7822722361416864,4,0.8368244445714732,6,11
Reweigh_15,0.5,1.0,0.4,0.8481186427853383,0.8157705101011901,2.9487747667895303,0.6715291349978015,1,0.178780339241393,0,0.779145537747831,4,0.7885435454934653,5,10
Reweigh_15,0.5,1.0,0.8,0.843935446910164,0.8157705101011901,3.3670943543069654,0.6550255114894247,1,0.178780339241393,0,0.7976815646073515,4,0.797396789472116,5,10
Reweigh_15,0.6,0.0,0.0,0.7607201150108633,0.8157705101011901,11.688627544237029,0.8577749181821751,4,0.6661869102391764,0,0.9847621591614503,4,0.9443451973121664,5,13
Reweigh_15,0.6,0.0,0.4,0.8156907677839871,0.8157705101011901,6.191562266924655,0.8859225891594329,5,0.7759014306265626,0,0.8921589881265021,5,0.9812744240223455,6,16
Reweigh_15,0.6,0.0,0.8,0.8448542367018689,0.8157705101011901,3.2752153751364754,0.6723536234019751,1,0.34152308235245754,0,0.8034858021801459,5,0.8716635371050334,6,12
Reweigh_15,0.6,0.4,0.0,0.8024926226584372,0.8157705101011901,7.511376779479639,0.9356621152422155,5,0.8734543356763399,2,0.9765976389491349,5,0.9951141032820839,6,18
Reweigh_15,0.6,0.4,0.4,0.8441246095143385,0.8157705101011901,3.348178093889509,0.749608528482275,1,0.28885142028190935,0,0.8173191221543673,6,0.8869584220205837,6,13
Reweigh_15,0.6,0.4,0.8,0.8430436803476268,0.8157705101011901,3.4562710105606853,0.6212797519731973,2,0.1819595983861718,0,0.768864033225816,4,0.7936524282872597,5,11
Reweigh_15,0.6,0.8,0.0,0.8354825808264784,0.8157705101011901,4.212380962675521,0.7230679357076752,1,0.2523589511867009,0,0.8505003973452596,6,0.8449628441009239,6,13
Reweigh_15,0.6,0.8,0.4,0.848048382389502,0.8157705101011901,2.9558008063731656,0.6712808612479063,1,0.178780339241393,0,0.7778542629976545,4,0.788343569077678,5,10
Reweigh_15,0.6,0.8,0.8,0.842649141201777,0.8157705101011901,3.49572492514566,0.6404585988308501,2,0.178780339241393,0,0.7935145747194178,4,0.7913177096181594,5,11
Reweigh_15,0.6,1.0,0.0,0.8417789932225741,0.8157705101011901,3.582739723065953,0.690339645678421,1,0.20473865000855707,0,0.7837290014746509,5,0.8350511628283791,6,12
Reweigh_15,0.6,1.0,0.4,0.8479510987644979,0.8157705101011901,2.9655291688735708,0.6723939692001157,1,0.178780339241393,0,0.7807227611513192,4,0.7897538198107109,5,10
Reweigh_15,0.6,1.0,0.8,0.8423518856809313,0.8157705101011901,3.5254504772302298,0.6394390963009999,2,0.178780339241393,0,0.8015676981897808,6,0.7943328985885544,5,13
Reweigh_15,0.7,0.0,0.0,0.7678380335736599,0.8157705101011901,10.976835687957376,0.8794281771945801,4,0.7151984844034747,0,0.9847118283738311,4,0.9500703497473872,5,13
Reweigh_15,0.7,0.0,0.4,0.828705154951196,0.8157705101011901,4.8901235502037625,0.9087754385497674,3,0.7131877809078749,0,0.8674432158921909,5,0.9534517127967816,6,14
Reweigh_15,0.7,0.0,0.8,0.8365689146390237,0.8157705101011901,4.103747581420992,0.6858888599406304,1,0.3121048809955379,0,0.7867579635234927,4,0.8580114132095074,6,11
Reweigh_15,0.7,0.4,0.0,0.806767697512782,0.8157705101011901,7.083869294045164,0.9152923973364983,5,0.668640634707465,0,0.9895233628537855,5,0.9790007704356625,6,16
Reweigh_15,0.7,0.4,0.4,0.843286889410137,0.8157705101011901,3.4319501043096667,0.7597125214640081,1,0.2592538393404046,0,0.8269651014241858,6,0.879780279898577,6,13
Reweigh_15,0.7,0.4,0.8,0.8380497875974188,0.8157705101011901,3.955660285581486,0.6244381082315722,2,0.178780339241393,0,0.7837806911355514,4,0.78114707370124,4,10
Reweigh_15,0.7,0.8,0.0,0.8372174721390507,0.8157705101011901,4.03889183141829,0.7330525528788613,1,0.24423400857631541,0,0.8347235499470967,6,0.8941013802013876,6,13
Reweigh_15,0.7,0.8,0.4,0.8478754337228281,0.8157705101011901,2.973095673040549,0.6719127798792556,1,0.178780339241393,0,0.7793413161419707,4,0.7893289606195512,5,10
Reweigh_15,0.7,0.8,0.8,0.8387253683266136,0.8157705101011901,3.8881022126620035,0.6310073967654003,2,0.178780339241393,0,0.8054908963528151,6,0.788283251832664,5,13
Reweigh_15,0.7,1.0,0.0,0.8426815690767784,0.8157705101011901,3.492482137645525,0.7069409479543449,1,0.2045604800670084,0,0.7853633101428755,5,0.8325203112756875,6,12
Reweigh_15,0.7,1.0,0.4,0.847729508285322,0.8157705101011901,2.9876882167911623,0.6731248818519975,1,0.178780339241393,0,0.782698884944298,4,0.7906872674524654,5,10
Reweigh_15,0.7,1.0,0.8,0.8393793304724741,0.8157705101011901,3.822705998075948,0.6305586326950466,2,0.178780339241393,0,0.8093382307562865,6,0.789360449927227,5,13
Reweigh_15,0.8,0.0,0.0,0.7755180353031466,0.8157705101011901,10.208835515008708,0.9094838541404832,3,0.7810700017212983,0,0.9856734236361906,4,0.9558530630824078,5,12
Reweigh_15,0.8,0.0,0.4,0.8358933339098289,0.8157705101011901,4.171305654340474,0.7569893686374806,1,0.5628535514520114,1,0.8557843505143086,6,0.9090568863083597,6,14
Reweigh_15,0.8,0.0,0.8,0.8318938959929956,0.8157705101011901,4.571249446023806,0.6893959333638047,1,0.2806950273296888,0,0.7765519539719924,4,0.8488597661776673,6,11
Reweigh_15,0.8,0.4,0.0,0.8135343140963973,0.8157705101011901,6.407207635683632,0.8672902719799508,3,0.5591805402132827,0,0.9948243205439659,5,0.9741211437521131,6,14
Reweigh_15,0.8,0.4,0.4,0.8441354188060056,0.8157705101011901,3.347097164722801,0.7680793036446425,1,0.24850215287760333,0,0.8238701255449191,6,0.8725787877478652,6,13
Reweigh_15,0.8,0.4,0.8,0.8357798363473241,0.8157705101011901,4.182655410590952,0.6249095274887322,2,0.17597055521950672,0,0.7837828213793936,4,0.7785603812801091,4,10
Reweigh_15,0.8,0.8,0.0,0.8383956849307664,0.8157705101011901,3.9210705522467193,0.7436947076865699,1,0.24358992905165272,0,0.8241957822565632,6,0.890076121539947,6,13
Reweigh_15,0.8,0.8,0.4,0.847670057181153,0.8157705101011901,2.9936333272080673,0.6723494228250553,1,0.178780339241393,0,0.7802621814282469,4,0.790821754409745,5,10
Reweigh_15,0.8,0.8,0.8,0.8364229892015176,0.8157705101011901,4.1183401251716045,0.6278461250512481,1,0.178780339241393,0,0.8065070620572127,6,0.7852338575379268,4,11
Reweigh_15,0.8,1.0,0.0,0.843567930993482,0.8157705101011901,3.403845945975159,0.7301143374528342,1,0.20412893289678072,0,0.7884932539337451,5,0.8301607575073109,6,12
Reweigh_15,0.8,1.0,0.4,0.8475133224519797,0.8157705101011901,3.0093068001253886,0.6737739188876398,1,0.178780339241393,0,0.7843124239363893,4,0.793086203326749,5,10
Reweigh_15,0.8,1.0,0.8,0.8370715467015446,0.8157705101011901,4.053484375168903,0.6303796445109431,1,0.178780339241393,0,0.812768893338268,6,0.7859454636355554,4,11
Reweigh_15,0.9,0.0,0.0,0.783824975949326,0.8157705101011901,9.378141450390764,0.9456470614164757,3,0.8634547070375619,2,0.9904408321405819,4,0.9644200859602661,5,14
Reweigh_15,0.9,0.0,0.4,0.8369472398473728,0.8157705101011901,4.065915060586079,0.725567173591711,1,0.48638104384998004,0,0.8963555311196484,6,0.9338407318735575,6,13
Reweigh_15,0.9,0.0,0.8,0.827272923805303,0.8157705101011901,5.03334666479306,0.6995143027709877,1,0.2460816083659809,0,0.764169300365803,4,0.8422829349828238,6,11
Reweigh_15,0.9,0.4,0.0,0.8234086020343087,0.8157705101011901,5.419778841892498,0.7435883506750891,1,0.4385063231245158,0,0.9097759810475352,5,0.9405174359361492,6,12
Reweigh_15,0.9,0.4,0.4,0.8434220055559759,0.8157705101011901,3.4184384897257725,0.7808177003830482,2,0.23723318706472774,0,0.8176692948706118,6,0.8667568883591321,6,14
Reweigh_15,0.9,0.4,0.8,0.8344016516597668,0.8157705101011901,4.320473879346687,0.621156642833768,1,0.17251119701871462,0,0.7773709677435713,4,0.7778674472914795,4,9
Reweigh_15,0.9,0.8,0.0,0.8385956568266082,0.8157705101011901,3.901073362662544,0.760375005180352,1,0.24288480392125741,0,0.8095934079631933,6,0.8854820578076101,6,13
Reweigh_15,0.9,0.8,0.4,0.8474160388269757,0.8157705101011901,3.019035162625794,0.6724285304715191,1,0.178780339241393,0,0.7822003806438241,4,0.7928303496633464,5,10
Reweigh_15,0.9,0.8,0.8,0.8357528131181564,0.8157705101011901,4.185357733507722,0.6257833454707259,1,0.178780339241393,0,0.8019979466455485,5,0.7844696608722631,4,10
Reweigh_15,0.9,1.0,0.0,0.8445407672435226,0.8157705101011901,3.306562320971107,0.763574592762512,1,0.20333676644500676,0,0.7934061406770417,5,0.8255243548310105,6,12
Reweigh_15,0.9,1.0,0.4,0.8471836390561327,0.8157705101011901,3.0422751397100933,0.673922731676642,1,0.178780339241393,0,0.7862656051252691,4,0.7949972771712408,5,10
Reweigh_15,0.9,1.0,0.8,0.8365581053473566,0.8157705101011901,4.1048285105877,0.6282891281382484,1,0.178780339241393,0,0.8081777767946867,6,0.7853750403804366,4,11
Reweigh_15,1.0,0.0,0.0,0.7923481024288478,0.8157705101011901,8.525828802438584,0.9963967999125223,3,0.9957441696430298,2,0.9990013430267964,4,0.9762846592078649,5,14
Reweigh_15,1.0,0.0,0.4,0.8347367397014474,0.8157705101011901,4.286965075178628,0.7301720779776127,1,0.43223704506251703,0,0.9001522233563615,6,0.9352106910217647,6,13
Reweigh_15,1.0,0.0,0.8,0.8250894468885454,0.8157705101011901,5.251694356468828,0.7190442007267074,1,0.22483109075565,0,0.7646016469175323,4,0.8420695237600635,6,11
Reweigh_15,1.0,0.4,0.0,0.8261001156594209,0.8157705101011901,5.150627479381276,0.670069770034761,1,0.3230663530210887,0,0.9330487529638953,6,0.8924682568877056,6,13
Reweigh_15,1.0,0.4,0.4,0.8435030752434793,0.8157705101011901,3.4103315209754292,0.7894773039314442,2,0.23431849147341038,0,0.8160023498137693,6,0.8593359612513709,6,14
Reweigh_15,1.0,0.4,0.8,0.8320884632430037,0.8157705101011901,4.551792721022996,0.6222490459946871,1,0.1681561668000809,0,0.769707685313064,4,0.7768836410106482,4,9
Reweigh_15,1.0,0.8,0.0,0.8396117302433171,0.8157705101011901,3.7994660209916487,0.7711901063069436,2,0.24196058994833083,0,0.8108272997484578,6,0.88348754787986,6,14
Reweigh_15,1.0,0.8,0.4,0.8468377417227849,0.8157705101011901,3.076864873044871,0.6693096714025831,1,0.178780339241393,0,0.7855583545892896,4,0.7953243245878001,5,10
Reweigh_15,1.0,0.8,0.8,0.835023185930626,0.8157705101011901,4.258320452260767,0.6292336372373676,1,0.1786472960949221,0,0.7963126765608408,4,0.7835638519974795,4,9
Reweigh_15,1.0,1.0,0.0,0.8454487477435604,0.8157705101011901,3.215764270967325,0.7846453275156278,2,0.20169946838902192,0,0.8027972677839803,6,0.8175556334425748,6,14
Reweigh_15,1.0,1.0,0.4,0.8465945326602747,0.8157705101011901,3.1011857792958897,0.6707145982762284,1,0.178780339241393,0,0.7900056363762556,4,0.7984277092931138,5,10
Reweigh_15,1.0,1.0,0.8,0.8358987385556624,0.8157705101011901,4.17076518975712,0.6321652449285701,1,0.178780339241393,0,0.8034234900837423,5,0.784404009095335,4,10
Reweigh_25,0.0,0.0,0.0,0.7104515041129355,0.8050296602752729,16.715488634029818,0.7753270459059047,1,0.44703534317501736,0,0.9947244293660527,5,0.9097085794993027,5,11
Reweigh_25,0.0,0.0,0.4,0.7517105704063213,0.8050296602752729,12.589582004691236,0.7769836830603585,1,0.548051221400278,0,0.9197285618872035,5,0.9587209422038921,6,12
Reweigh_25,0.0,0.0,0.8,0.8065461070336061,0.8050296602752729,7.106028341962755,0.7658093224841039,3,0.5858887034621338,0,0.828592288457526,6,0.9566641948127809,6,15
Reweigh_25,0.0,0.4,0.0,0.7478732718644947,0.8050296602752729,12.973311858873892,0.7916995416127092,2,0.5476984757331504,0,0.9540754854317562,5,0.9458744659095023,6,13
Reweigh_25,0.0,0.4,0.4,0.7988552960124523,0.8050296602752729,7.875109444078133,0.7858531309725322,3,0.6102328886830747,0,0.86089240698825,6,0.9794862246120186,6,15
Reweigh_25,0.0,0.4,0.8,0.8589495530357896,0.8050296602752729,1.865683741744406,0.6547419095056068,4,0.2237139672722082,1,0.7029309526640555,4,0.8184955180344505,6,15
Reweigh_25,0.0,0.8,0.0,0.7919373493454974,0.8050296602752729,8.56690411077362,0.8132025621457989,3,0.6531411667242059,0,0.8973934186107275,5,0.9921719307295608,6,14
Reweigh_25,0.0,0.8,0.4,0.8519721552646655,0.8050296602752729,2.563423518856811,0.7357291491831297,3,0.22794393159164156,1,0.8187110617344221,6,0.8133082213864653,6,16
Reweigh_25,0.0,0.8,0.8,0.8525774755980241,0.8050296602752729,2.5028914855209528,0.6178524902877613,4,0.19838994428390586,0,0.7659425893885878,4,0.8130043623464711,6,14
Reweigh_25,0.0,1.0,0.0,0.8143450109714311,0.8050296602752729,6.326137948180255,0.7737401527977948,4,0.4173668454637857,0,0.8183704677299806,6,0.8955984666896423,6,16
Reweigh_25,0.0,1.0,0.4,0.8523991222855166,0.8050296602752729,2.520726816771701,0.6857166957331972,3,0.19477246289715977,1,0.7690471893763077,4,0.7998750752894461,5,13
Reweigh_25,0.0,1.0,0.8,0.8512263141396345,0.8050296602752729,2.6380076313599177,0.623294888722007,4,0.19514611018933437,0,0.7837101880191587,4,0.8014050341186912,6,14
Reweigh_25,0.3,0.0,0.0,0.7317566179888232,0.8050296602752729,14.584977246441044,0.809472697157819,3,0.52389911721684,0,0.9889153988183801,5,0.9217669361536256,5,13
Reweigh_25,0.3,0.0,0.4,0.7775609914282318,0.8050296602752729,10.004539902500188,0.8265311883136572,5,0.6613985224310316,0,0.9116048391357419,5,0.9794056541917494,6,16
Reweigh_25,0.3,0.0,0.8,0.8452001340352167,0.8050296602752729,3.2406256418016977,0.7906387439759665,3,0.4501721338070756,1,0.8063961176874119,5,0.9085076176596149,6,15
Reweigh_25,0.3,0.4,0.0,0.7706592586987775,0.8050296602752729,10.694713175445614,0.8413756003884091,3,0.6495264312272119,0,0.9535370108362127,5,0.9591327478343069,6,14
Reweigh_25,0.3,0.4,0.4,0.8403575713683482,0.8050296602752729,3.724881908488542,0.8449481635569099,5,0.5537484930556588,0,0.8405252505880029,6,0.9355592488298861,6,17
Reweigh_25,0.3,0.4,0.8,0.8476052014311503,0.8050296602752729,3.0001189022083374,0.616714045693884,2,0.199164041056474,0,0.7545867860794656,4,0.8012821046550945,6,12
Reweigh_25,0.3,0.8,0.0,0.8119291342838304,0.8050296602752729,6.567725616940323,0.9296322112891999,3,0.5184169252177762,0,0.9220329089094353,6,0.9609266108722422,6,15
Reweigh_25,0.3,0.8,0.4,0.8526693545771945,0.8050296602752729,2.4937035876039126,0.6886448594970143,3,0.19063459990697237,1,0.778709544945444,4,0.7952527440893099,5,13
Reweigh_25,0.3,0.8,0.8,0.844913687806038,0.8050296602752729,3.2692702647195593,0.6323035502254779,4,0.19064897655822388,0,0.7933385481770493,4,0.7899293507413456,5,13
Reweigh_25,0.3,1.0,0.0,0.8369580491390399,0.8050296602752729,4.064834131419371,0.7823433970969207,2,0.24302942439957556,1,0.8273535242200442,6,0.8230474506701119,6,15
Reweigh_25,0.3,1.0,0.4,0.852064034243836,0.8050296602752729,2.55423562093976,0.6917681228186596,3,0.18969057103028233,0,0.7845886185056005,4,0.798342224914941,5,12
Reweigh_25,0.3,1.0,0.8,0.8446002183476917,0.8050296602752729,3.300617210554191,0.6394225086167208,4,0.18969057103028233,0,0.8004958536668544,6,0.791968422458842,5,15
Reweigh_25,0.5,0.0,0.0,0.746192427010258,0.8050296602752729,13.141396344297561,0.8343933621059302,3,0.5831865796050016,0,0.9863398759024609,4,0.9315197979043874,5,12
Reweigh_25,0.5,0.0,0.4,0.7976987018040708,0.8050296602752729,7.990768864916287,0.8753460591589298,5,0.7356725106918922,0,0.8983139469826649,5,0.9990688204508827,6,16
Reweigh_25,0.5,0.0,0.8,0.8393306886599721,0.8050296602752729,3.8275701793261563,0.7356850052106648,3,0.31781476293188443,0,0.7789449952786895,4,0.8710539817990333,6,13
Reweigh_25,0.5,0.4,0.0,0.7892080031995503,0.8050296602752729,8.839838725368331,0.9018050213271064,3,0.7874867675685281,1,0.9642992658644496,5,0.9750380937334158,6,15
Reweigh_25,0.5,0.4,0.4,0.8493454973895561,0.8050296602752729,2.8260893063677517,0.7698392726289809,1,0.3565064178463989,0,0.8114243442052634,6,0.8974076686090504,6,13
Reweigh_25,0.5,0.4,0.8,0.8406980640558624,0.8050296602752729,3.6908326397371183,0.6210675155079328,2,0.18010166108098022,0,0.7423087348560078,4,0.7969238761271027,5,11
Reweigh_25,0.5,0.8,0.0,0.83575821776399,0.8050296602752729,4.184817268924368,0.8089519906071526,3,0.33100353276050304,0,0.8836089546592683,6,0.8936510574300535,6,15
Reweigh_25,0.5,0.8,0.4,0.852015392431334,0.8050296602752729,2.559099802189968,0.7036057637962607,3,0.18969057103028233,0,0.7873917326139693,4,0.8018260821723656,6,13
Reweigh_25,0.5,0.8,0.8,0.8410169381600424,0.8050296602752729,3.6589452293191216,0.6394661508763675,4,0.17764516788711696,0,0.7740181783422574,4,0.7925042009668027,5,13
Reweigh_25,0.5,1.0,0.0,0.8452866083685536,0.8050296602752729,3.2319782084680004,0.6925122457264985,1,0.19805578716290703,1,0.7760885362457834,4,0.8250182429900497,6,12
Reweigh_25,0.5,1.0,0.4,0.8506966588479457,0.8050296602752729,2.690973160528798,0.7028279863465814,3,0.18969057103028233,0,0.7975253906541752,5,0.8103735396242894,6,14
Reweigh_25,0.5,1.0,0.8,0.8405953757850249,0.8050296602752729,3.7011014668208775,0.6490201644520074,4,0.17845355320165945,0,0.7842017657178708,4,0.7958398629251269,5,13
Reweigh_25,0.6,0.0,0.0,0.7539102612605796,0.8050296602752729,12.369612919265405,0.8534435973979361,3,0.6217000286796942,0,0.9858895793937436,4,0.9359415749683415,5,12
Reweigh_25,0.6,0.0,0.4,0.8117832088463243,0.8050296602752729,6.582318160690937,0.8944913838585861,5,0.7543022034352215,0,0.8900005871802048,5,0.9827689025629656,6,16
Reweigh_25,0.6,0.0,0.8,0.8378714342849113,0.8050296602752729,3.9734956168322344,0.6913669834485523,1,0.2904971326111534,0,0.7577008421754684,4,0.8622800955266273,6,11
Reweigh_25,0.6,0.4,0.0,0.7986174915957758,0.8050296602752729,7.898889885745786,0.9398453760779911,5,0.8860020899519243,2,0.9823037744545133,5,0.9885977806374167,6,18
Reweigh_25,0.6,0.4,0.4,0.8486591073686941,0.8050296602752729,2.8947283084539532,0.7878812041532469,2,0.30510411054928516,0,0.8186573516168268,6,0.888000079721442,6,14
Reweigh_25,0.6,0.4,0.8,0.8362824684098451,0.8050296602752729,4.132392204338853,0.6192236076990579,2,0.16924022248290282,0,0.7284939512640093,3,0.7913039393585171,4,9
Reweigh_25,0.6,0.8,0.0,0.841768183930907,0.8050296602752729,3.583820652232661,0.7197197658885559,1,0.27947859982849516,0,0.8433210812923111,6,0.8825155000034077,6,13
Reweigh_25,0.6,0.8,0.4,0.850167003556257,0.8050296602752729,2.743938689697667,0.6950221790863598,3,0.18969057103028233,0,0.7961269835428715,5,0.810989187397824,6,14
Reweigh_25,0.6,0.8,0.8,0.8362392312431767,0.8050296602752729,4.136715921005695,0.6371910112359551,2,0.16681405561335672,0,0.7546773132734996,4,0.7884229128371321,4,10
Reweigh_25,0.6,1.0,0.0,0.8465783187227741,0.8050296602752729,3.1028071730459517,0.7078441406250782,1,0.19730487288301132,1,0.7795606627888872,5,0.821325729887075,6,13
Reweigh_25,0.6,1.0,0.4,0.8497454411812394,0.8050296602752729,2.786094927199423,0.6923309666659094,3,0.18969057103028233,0,0.8025433999551833,6,0.8093147475736636,6,15
Reweigh_25,0.6,1.0,0.8,0.8372174721390507,0.8050296602752729,4.03889183141829,0.6395325491734322,2,0.16937577300786705,0,0.7669313116758537,4,0.791953900114124,5,11
Reweigh_25,0.7,0.0,0.0,0.761655118740069,0.8050296602752729,11.595127171316467,0.8746052095403509,4,0.6668306612935342,0,0.9864435785841884,4,0.9418131711349055,5,13
Reweigh_25,0.7,0.0,0.4,0.8281700950136738,0.8050296602752729,4.943629543955986,0.8802871197301819,3,0.7009404945315988,0,0.8576834323439277,5,0.9507438472029652,6,14
Reweigh_25,0.7,0.0,0.8,0.8369580491390399,0.8050296602752729,4.064834131419371,0.7111961699491606,3,0.26707954141155266,0,0.7491037441429128,4,0.8525856926474161,6,13
Reweigh_25,0.7,0.4,0.0,0.8046598856376942,0.8050296602752729,7.294650481553944,0.9478206902725906,4,0.7040330551121844,0,0.9844169387331386,5,0.9861087897414913,6,15
Reweigh_25,0.7,0.4,0.4,0.8486645120145276,0.8050296602752729,2.8941878438705992,0.8066899314868473,3,0.28513157623124785,0,0.8248500604006958,6,0.8738527246812998,6,15
Reweigh_25,0.7,0.4,0.8,0.8349907580556246,0.8050296602752729,4.261563239760902,0.6201917564778721,2,0.1649377375982953,0,0.7372620826216635,4,0.7824868458380477,4,10
Reweigh_25,0.7,0.8,0.0,0.8436976424934874,0.8050296602752729,3.390874795974619,0.7248740203503515,1,0.2765327320913695,0,0.8186063083000032,6,0.8885601563278438,6,13
Reweigh_25,0.7,0.8,0.4,0.8490536465145438,0.8050296602752729,2.8552743938689784,0.6862571990627144,3,0.18969057103028233,0,0.8012450737169747,6,0.8060832630208867,6,15
Reweigh_25,0.7,0.8,0.8,0.8334396247013933,0.8050296602752729,4.416676575184031,0.634210542147702,2,0.1621311375556114,0,0.7493234633441259,4,0.7858013952735735,4,10
Reweigh_25,0.7,1.0,0.0,0.8480159545145006,0.8050296602752729,2.9590435938733006,0.726692393875445,1,0.1960897116062884,1,0.7839896717960702,5,0.8172655258659733,6,13
Reweigh_25,0.7,1.0,0.4,0.8476592478894858,0.8050296602752729,2.9947142563747864,0.6805441792932645,3,0.18969057103028233,0,0.8113375851512101,6,0.8025108569220458,6,15
Reweigh_25,0.7,1.0,0.8,0.8334666479305611,0.8050296602752729,4.41397425226725,0.634210542147702,2,0.1622056501552131,0,0.7495081066244375,4,0.7859108095805101,4,10
Reweigh_25,0.8,0.0,0.0,0.7709348956362889,0.8050296602752729,10.667149481694471,0.9033432327320533,4,0.7295934830155222,0,0.9865491121748449,4,0.95186517488927,5,13
Reweigh_25,0.8,0.0,0.4,0.837152616389048,0.8050296602752729,4.0453774064185595,0.7639383180411368,1,0.5381885026962387,1,0.9026157670392592,6,0.9083688115346518,6,14
Reweigh_25,0.8,0.0,0.8,0.8347637629306152,0.8050296602752729,4.2842627522618475,0.7265499752488159,3,0.23093959173022818,0,0.7451087938144398,4,0.8478477787118585,6,13
Reweigh_25,0.8,0.4,0.0,0.8158799303881616,0.8050296602752729,6.172646006507199,0.8583423669385654,3,0.5339619639555785,0,0.9752253010103628,5,0.9747061033729271,6,14
Reweigh_25,0.8,0.4,0.4,0.8470052857436252,0.8050296602752729,3.0601104709608418,0.8182975329009711,5,0.2516696968002706,0,0.8248327998428197,6,0.8652234817755028,6,17
Reweigh_25,0.8,0.4,0.8,0.8345529817431063,0.8050296602752729,4.3053408710127306,0.6295467060762346,2,0.16259912303957802,0,0.740273519848038,4,0.782474794786226,4,10
Reweigh_25,0.8,0.8,0.0,0.84440024645185,0.8050296602752729,3.3206144001383664,0.7377385877799686,1,0.25762587915756385,0,0.8064361534904099,6,0.8821761129324059,6,13
Reweigh_25,0.8,0.8,0.4,0.8454973895560624,0.8050296602752729,3.210900089717128,0.6872825236148403,3,0.1898748797856557,0,0.8143296163568954,6,0.799523202887478,5,14
Reweigh_25,0.8,0.8,0.8,0.8333531503680564,0.8050296602752729,4.425324008517729,0.634210542147702,2,0.1618337704804126,0,0.7485857990743786,4,0.7854171750487021,4,10
Reweigh_25,0.8,1.0,0.0,0.8496967993687373,0.8050296602752729,2.790959108449631,0.7568457028851128,2,0.1937499867996717,1,0.7944349387962163,5,0.8091439467294477,6,14
Reweigh_25,0.8,1.0,0.4,0.8444542929101856,0.8050296602752729,3.3152097543048042,0.6691273368193159,3,0.18969057103028233,0,0.820499559059884,6,0.7974567208174116,5,14
Reweigh_25,0.8,1.0,0.8,0.8333963875347249,0.8050296602752729,4.4210002918508735,0.634210542147702,2,0.16194928352144072,0,0.7488724958651607,4,0.7855340662902119,4,10
Reweigh_25,0.9,0.0,0.0,0.7806146163241923,0.8050296602752729,9.699177412904136,0.9371415674259096,3,0.8257649061970567,2,0.992748576930229,4,0.9594243541594475,5,14
Reweigh_25,0.9,0.0,0.4,0.8365472960556894,0.8050296602752729,4.105909439754418,0.7541379409929888,1,0.4944218981019056,0,0.9009327705737441,6,0.9424086499005121,6,13
Reweigh_25,0.9,0.0,0.8,0.833650405888902,0.8050296602752729,4.3955984564331585,0.7177709819162468,3,0.22071151235746397,0,0.7476303698455428,4,0.844603040365117,6,13
Reweigh_25,0.9,0.4,0.0,0.8271594262427983,0.8050296602752729,5.044696421043538,0.7298514517627717,1,0.38060881414641573,0,0.8866873872961193,6,0.9219672072906725,6,13
Reweigh_25,0.9,0.4,0.4,0.8438814004518284,0.8050296602752729,3.3724990001405275,0.8075982150707451,5,0.24739983672842142,0,0.8275657129941603,6,0.8539349098698196,6,17
Reweigh_25,0.9,0.4,0.8,0.834055754326419,0.8050296602752729,4.355063612681464,0.6365224508276377,4,0.16186786443596013,0,0.7429919018117955,4,0.782170981962098,4,12
Reweigh_25,0.9,0.8,0.0,0.8455730545977322,0.8050296602752729,3.203333585550139,0.7306918385047688,1,0.25356533475476245,0,0.8089122108376132,6,0.8786077302639089,6,13
Reweigh_25,0.9,0.8,0.4,0.8443461999935145,0.8050296602752729,3.3260190459719174,0.700024449512401,3,0.19009605029210375,0,0.8130420590101731,6,0.796600385653687,5,14
Reweigh_25,0.9,0.8,0.8,0.833272080680553,0.8050296602752729,4.43343097726806,0.6215069316978423,2,0.1616114600350821,0,0.747970208511213,4,0.7850317698263803,4,10
Reweigh_25,0.9,1.0,0.0,0.8501832174937576,0.8050296602752729,2.742317295947605,0.8132804224618455,5,0.19281432557222905,1,0.7981497709951675,5,0.8078101287355187,6,17
Reweigh_25,0.9,1.0,0.4,0.8443894371601829,0.8050296602752729,3.3216953293050744,0.666779521602406,3,0.18969057103028233,0,0.8152033351311554,6,0.7965755727218942,5,14
Reweigh_25,0.9,1.0,0.8,0.8332828899722201,0.8050296602752729,4.432350048101352,0.6217342776262182,2,0.16164435636810026,0,0.748051971760941,4,0.7850803019749893,4,10
Reweigh_25,1.0,0.0,0.0,0.790607806470442,0.8050296602752729,8.699858398279158,0.9968473242212281,3,0.9962697489171454,2,0.9994904955137497,4,0.9741063497210936,5,14
Reweigh_25,1.0,0.0,0.4,0.8299212002637467,0.8050296602752729,4.768519018948691,0.7615740380887046,1,0.38906148490941994,0,0.9087489702560811,6,0.9459337373931264,6,13
Reweigh_25,1.0,0.0,0.8,0.8334882665138953,0.8050296602752729,4.411812393933834,0.7219339484260863,3,0.21539277769676848,0,0.7506991592264123,4,0.8405841882282716,6,13
Reweigh_25,1.0,0.4,0.0,0.8294239728470594,0.8050296602752729,4.8182417606174255,0.711855490856063,1,0.2975108867257449,0,0.9100396610410054,6,0.9437236834966561,6,13
Reweigh_25,1.0,0.4,0.4,0.8411412450142142,0.8050296602752729,3.6465145439019464,0.8079809132998095,5,0.24479888888692283,0,0.8254890888272881,6,0.8466883893621125,6,17
Reweigh_25,1.0,0.4,0.8,0.833823354555576,0.8050296602752729,4.378303589765764,0.6525211160556815,3,0.16176307932757603,0,0.7445702106253727,4,0.7831855538321253,4,11
Reweigh_25,1.0,0.8,0.0,0.8470701414936279,0.8050296602752729,3.0536248959605716,0.743895921543524,1,0.24896804413431617,0,0.8135287526588226,6,0.8725970813750148,6,13
Reweigh_25,1.0,0.8,0.4,0.8439408515559975,0.8050296602752729,3.3665538897236114,0.7152803604121046,3,0.19024349729640244,0,0.8059352979004932,6,0.7961905919579219,5,14
Reweigh_25,1.0,0.8,0.8,0.833272080680553,0.8050296602752729,4.43343097726806,0.620033226251044,2,0.16139795980842123,0,0.7474391827501596,4,0.7847164570596576,4,10
Reweigh_25,1.0,1.0,0.0,0.8507182774312799,0.8050296602752729,2.688811302195371,0.8148186527474177,5,0.19193410097930888,1,0.7972531403151805,5,0.8083866667589829,6,17
Reweigh_25,1.0,1.0,0.4,0.8441246095143385,0.8050296602752729,3.348178093889509,0.6700323637098194,3,0.18969057103028233,0,0.808279347553588,6,0.7963597347335327,5,14
Reweigh_25,1.0,1.0,0.8,0.8332666760347195,0.8050296602752729,4.433971441851414,0.6202029124103902,2,0.16142256565654733,0,0.7475004164689465,4,0.7847528263743572,4,10
Reweigh_50,0.0,0.0,0.0,0.7039226919459968,0.7991908160526082,17.368369850723685,0.7717330574414588,1,0.4256491489216523,0,0.9998307031082303,5,0.9026796789112284,5,11
Reweigh_50,0.0,0.0,0.4,0.7460681201560861,0.7991908160526082,13.153827029714748,0.7750300529291291,1,0.5207769960911084,0,0.9221487736416001,5,0.9508681359850951,6,12
Reweigh_50,0.0,0.0,0.8,0.8024493854917687,0.7991908160526082,7.5157004961464935,0.7661811152785798,3,0.5793381419107727,0,0.82838911203324,6,0.9648273088662488,6,15
Reweigh_50,0.0,0.4,0.0,0.7419281614475803,0.7991908160526082,13.567822900565329,0.7911376854082328,2,0.48963482086619936,0,0.9604377601259318,5,0.9359710078355402,6,13
Reweigh_50,0.0,0.4,0.4,0.7936073849080669,0.7991908160526082,8.39990055451667,0.7839642351939944,3,0.5932145700786244,0,0.8587989870123808,6,0.9856283033045323,6,15
Reweigh_50,0.0,0.4,0.8,0.8588792926399533,0.7991908160526082,1.8727097813280302,0.5833319792495559,4,0.2326538038659562,1,0.7157290609427776,4,0.8267212151410744,6,15
Reweigh_50,0.0,0.8,0.0,0.7867164614702798,0.7991908160526082,9.088992898295379,0.8096696164602236,3,0.5970755975021104,0,0.9012966784868945,5,0.9995180288441141,6,14
Reweigh_50,0.0,0.8,0.4,0.850350761514598,0.7991908160526082,2.7255628938635645,0.7460568820224719,3,0.23667935886747649,1,0.8253772747594398,6,0.809852142634661,6,16
Reweigh_50,0.0,0.8,0.8,0.8505885659312745,0.7991908160526082,2.701782452195911,0.6089095969215912,4,0.20725836201008888,0,0.7831683729166374,4,0.8045788162443648,6,14
Reweigh_50,0.0,1.0,0.0,0.8111562699296315,0.7991908160526082,6.645012052360211,0.7919734805609399,4,0.40194454609814423,0,0.807207121317766,6,0.8954616466622991,6,16
Reweigh_50,0.0,1.0,0.4,0.854144822889756,0.7991908160526082,2.3461567563477614,0.6821858645236502,3,0.20418670131811756,1,0.7747223511631006,4,0.8147062311563333,6,14
Reweigh_50,0.0,1.0,0.8,0.8498805573270783,0.7991908160526082,2.7725833126155286,0.6047641008440942,4,0.2037646103938231,0,0.789548469935985,4,0.80006052317998,6,14
Reweigh_50,0.3,0.0,0.0,0.7263141396344297,0.7991908160526082,15.129225081880392,0.8062490926774667,3,0.4918922157199071,0,0.9922524633499757,5,0.9136835582736982,5,13
Reweigh_50,0.3,0.0,0.4,0.7725238615113552,0.7991908160526082,10.50825289418784,0.8185642557976398,3,0.6289785874035453,0,0.9107699873998956,5,0.9729369408804285,6,14
Reweigh_50,0.3,0.0,0.8,0.841033152097543,0.7991908160526082,3.6573238355690596,0.7426417068047688,3,0.43134246194581316,0,0.8088439879379484,5,0.9031766553217765,6,14
Reweigh_50,0.3,0.4,0.0,0.7665247046361052,0.7991908160526082,11.10816858171284,0.8358976555950008,3,0.5890933344665361,0,0.9572553122065469,5,0.9569724856757245,6,14
Reweigh_50,0.3,0.4,0.4,0.8391090981807963,0.7991908160526082,3.8497292272437367,0.8128986517789872,5,0.54657070329933,0,0.8433119053569608,6,0.9356114628192744,6,17
Reweigh_50,0.3,0.4,0.8,0.846432393285268,0.7991908160526082,3.117399716796565,0.6166197453080255,4,0.19102298812486934,0,0.7165444815965789,4,0.8000795382871101,6,14
Reweigh_50,0.3,0.8,0.0,0.8107941586587831,0.7991908160526082,6.68122317944505,0.9284048472772418,3,0.5207331249709055,0,0.9181776016732934,6,0.9595950635379065,6,15
Reweigh_50,0.3,0.8,0.4,0.853496265389729,0.7991908160526082,2.411012506350463,0.6889904953429774,3,0.2001960152515068,0,0.7953997239797628,5,0.8193938349425491,6,14
Reweigh_50,0.3,0.8,0.8,0.8412979797433874,0.7991908160526082,3.630841070984625,0.6269372548440598,4,0.17550168192305732,0,0.7362747161144141,4,0.7900077797599925,5,13
Reweigh_50,0.3,1.0,0.0,0.8379687179099153,0.7991908160526082,3.963767254331829,0.7704689271653511,2,0.24564247228215477,1,0.8610920938241884,6,0.8132884267151533,6,15
Reweigh_50,0.3,1.0,0.4,0.8517073276188212,0.7991908160526082,2.5899062834412456,0.6874722871200661,3,0.19903114046210818,0,0.809700274709892,6,0.8095311343228498,6,15
Reweigh_50,0.3,1.0,0.8,0.8398549393058273,0.7991908160526082,3.77514511474063,0.626169285505726,4,0.17390578787313216,0,0.7396174596457373,4,0.7816559921529495,4,12
Reweigh_50,0.5,0.0,0.0,0.7419281614475803,0.7991908160526082,13.567822900565329,0.8336575713961762,3,0.5488616109798986,0,0.988133479217522,5,0.9252590418518004,5,13
Reweigh_50,0.5,0.0,0.4,0.7954341551998098,0.7991908160526082,8.217223525342387,0.8740460508107071,5,0.7182749351635236,0,0.900216307291679,5,0.9943011850012189,6,16
Reweigh_50,0.5,0.0,0.8,0.8443894371601829,0.7991908160526082,3.3216953293050744,0.683724214981879,3,0.3125499992597893,0,0.7746336579544549,4,0.8655910802586508,6,13
Reweigh_50,0.5,0.4,0.0,0.7861111411369213,0.7991908160526082,9.149524931631237,0.8963111578792268,3,0.7214790026120419,0,0.9629446735148967,5,0.9726661093042739,6,14
Reweigh_50,0.5,0.4,0.4,0.8510047236604585,0.7991908160526082,2.660166679277509,0.7873895959949757,2,0.34321818702814794,0,0.8056265617327482,6,0.9024960126423013,6,14
Reweigh_50,0.5,0.4,0.8,0.8416168538475673,0.7991908160526082,3.5989536605666284,0.6162896063803657,4,0.18105321206260278,0,0.7250146280756582,4,0.7945523363905445,5,13
Reweigh_50,0.5,0.8,0.0,0.8392442143266352,0.7991908160526082,3.8362176126598424,0.8001558778157887,3,0.3230271942764646,0,0.9024519957062449,6,0.8720645123928458,6,15
Reweigh_50,0.5,0.8,0.4,0.848134856722839,0.7991908160526082,2.9471533730394683,0.6830029592116775,3,0.19903114046210818,0,0.8207602949527012,6,0.7999514420120823,5,14
Reweigh_50,0.5,0.8,0.8,0.8396819906391534,0.7991908160526082,3.7924399814080245,0.6273139841559308,4,0.17346302132043975,0,0.7385607181180115,4,0.7811279042534339,4,12
Reweigh_50,0.5,1.0,0.0,0.8471566158269649,0.7991908160526082,3.0449774626268744,0.7084330522841106,1,0.20730239397515904,1,0.7815898661120925,5,0.8338795162174942,6,13
Reweigh_50,0.5,1.0,0.4,0.8482807821603451,0.7991908160526082,2.932560829288855,0.6826047666753233,3,0.19903114046210818,0,0.8195312656862533,6,0.7998563438357827,5,14
Reweigh_50,0.5,1.0,0.8,0.8387956287224498,0.7991908160526082,3.8810761730783794,0.644870672625311,4,0.17346302132043975,0,0.7449468540837798,4,0.7848485798960063,4,12
Reweigh_50,0.6,0.0,0.0,0.7499594651562483,0.7991908160526082,12.764692529698529,0.8497067289116745,3,0.5864365751311413,0,0.9876401887907786,4,0.9319337144105319,5,12
Reweigh_50,0.6,0.0,0.4,0.8109022515754543,0.7991908160526082,6.670413887777937,0.8842729201842436,5,0.7384464311801663,0,0.8897681051040179,5,0.9846418258213128,6,16
Reweigh_50,0.6,0.0,0.8,0.8431139407434631,0.7991908160526082,3.44924497097705,0.6861191588098264,3,0.27669826133635317,0,0.747405586168674,4,0.8497429245796182,6,13
Reweigh_50,0.6,0.4,0.0,0.796336731054014,0.7991908160526082,8.12696593992196,0.947674971833988,3,0.8905012123921836,2,0.9838199908250725,5,0.991277187148305,6,16
Reweigh_50,0.6,0.4,0.4,0.8487563909936982,0.7991908160526082,2.884999945953548,0.800158722331429,3,0.2999193520404659,0,0.8180029409616209,6,0.8892992439080487,6,15
Reweigh_50,0.6,0.4,0.8,0.8413141936808881,0.7991908160526082,3.629219677234552,0.6115089091724296,4,0.1778664511628612,0,0.7256448963875163,4,0.7916484776944638,5,13
Reweigh_50,0.6,0.8,0.0,0.844167846681007,0.7991908160526082,3.343854377222666,0.7378912136155076,1,0.28081906495835113,0,0.8233553479840213,6,0.8744849875671983,6,13
Reweigh_50,0.6,0.8,0.4,0.8481510706603397,0.7991908160526082,2.9455319792893953,0.6859911909102481,3,0.19903114046210818,0,0.8131310752287744,6,0.7986840915895007,5,14
Reweigh_50,0.6,0.8,0.8,0.8395793023683158,0.7991908160526082,3.8027088084917837,0.6296400461063649,4,0.17345382099046622,0,0.7404572395247068,4,0.782182203250776,4,12
Reweigh_50,0.6,1.0,0.0,0.8483618518478484,0.7991908160526082,2.924453860538523,0.7273395666852376,1,0.2063707456213614,1,0.7890042054730868,5,0.8363282393083494,6,13
Reweigh_50,0.6,1.0,0.4,0.8482861868061786,0.7991908160526082,2.932020364705501,0.6852854386562253,3,0.19903114046210818,0,0.8115985046282534,6,0.7983259371404732,5,14
Reweigh_50,0.6,1.0,0.8,0.8388010333682834,0.7991908160526082,3.8805357084950254,0.6419527057808525,4,0.17345382099046622,0,0.7449308054204578,4,0.7848069301093423,4,12
Reweigh_50,0.7,0.0,0.0,0.7580123874482505,0.7991908160526082,11.959400300498313,0.872364495459684,3,0.6298122066150645,0,0.9873736767770345,4,0.9362116925406745,5,12
Reweigh_50,0.7,0.0,0.4,0.8291375266178808,0.7991908160526082,4.846886383535287,0.8451829175941344,5,0.6840356809651457,0,0.8547003746223766,6,0.9452913383180163,6,17
Reweigh_50,0.7,0.0,0.8,0.8411358403683806,0.7991908160526082,3.6470550084853004,0.7010428960659856,3,0.2335055752915546,0,0.7217888381647167,4,0.8411707818987825,6,13
Reweigh_50,0.7,0.4,0.0,0.8051354944710473,0.7991908160526082,7.247089598218636,0.947106554479301,3,0.7013249734745717,0,0.9899648910860871,5,0.9897347148285871,6,14
Reweigh_50,0.7,0.4,0.4,0.8454109152227255,0.7991908160526082,3.219547523050814,0.8049371358655341,3,0.2595878156533131,0,0.8177595680323051,6,0.8660637750761342,6,15
Reweigh_50,0.7,0.4,0.8,0.8406764454725282,0.7991908160526082,3.6929944980705454,0.6158865107342372,4,0.17345382099046622,0,0.7306989035766678,4,0.7894639916079706,4,12
Reweigh_50,0.7,0.8,0.0,0.8456433149935685,0.7991908160526082,3.1963075459665147,0.7403894809548879,1,0.2615891559889797,0,0.8093544902899866,6,0.8892377683624373,6,13
Reweigh_50,0.7,0.8,0.4,0.8477349129311557,0.7991908160526082,2.987147752207797,0.6931011244303339,3,0.19903114046210818,0,0.8015800328155445,6,0.7969479070132508,5,14
Reweigh_50,0.7,0.8,0.8,0.8388334612432847,0.7991908160526082,3.8772929209948903,0.6386337310320862,4,0.17345382099046622,0,0.7447702734294189,4,0.7846789936149273,4,12
Reweigh_50,0.7,1.0,0.0,0.8487888188686995,0.7991908160526082,2.881757158453413,0.7218510878416053,1,0.20531321194195587,0,0.8019300362339213,6,0.8405843297888244,6,13
Reweigh_50,0.7,1.0,0.4,0.84768086647282,0.7991908160526082,2.9925523980413593,0.6924451562497719,3,0.19903114046210818,0,0.7999468281807881,5,0.7971665566257303,5,13
Reweigh_50,0.7,1.0,0.8,0.8388064380141169,0.7991908160526082,3.8799952439116714,0.6390347389363941,4,0.17345382099046622,0,0.7449147567571357,4,0.7847652803226783,4,12
Reweigh_50,0.8,0.0,0.0,0.7673029736361376,0.7991908160526082,11.030341681709599,0.8947141548329339,3,0.6889918076583015,0,0.9864461172943413,4,0.9457431075594016,5,12
Reweigh_50,0.8,0.0,0.4,0.8350934463264622,0.7991908160526082,4.251294412677142,0.7524737922709077,1,0.5286062810560325,0,0.9128271948144775,6,0.9188117174841912,6,13
Reweigh_50,0.8,0.0,0.8,0.840935868472539,0.7991908160526082,3.667052198069465,0.6917080908167802,3,0.22727562017713435,0,0.7295292007502676,4,0.8369938375016649,6,13
Reweigh_50,0.8,0.4,0.0,0.8184255185757677,0.7991908160526082,5.91808718774659,0.8335962305758348,3,0.5242291724143673,0,0.9689283537839776,5,0.9733043049405831,6,14
Reweigh_50,0.8,0.4,0.4,0.8450704225352113,0.7991908160526082,3.253596791802238,0.8031931737484033,5,0.25223781347915486,0,0.8117504812780869,6,0.8470594601036902,6,17
Reweigh_50,0.8,0.4,0.8,0.8401251715975052,0.7991908160526082,3.7481218855728415,0.6153084403714446,4,0.17345382099046622,0,0.7354213659885378,4,0.7834789751247455,4,12
Reweigh_50,0.8,0.8,0.0,0.8458757147644115,0.7991908160526082,3.173067568882215,0.7352772259658016,1,0.25580857037746174,0,0.8199739522300407,6,0.8932802804448173,6,13
Reweigh_50,0.8,0.8,0.4,0.8461243284727552,0.7991908160526082,3.1482061980478426,0.6910964599410144,3,0.19903114046210818,0,0.7843973521035931,4,0.7950665221599558,5,12
Reweigh_50,0.8,0.8,0.8,0.8388118426599505,0.7991908160526082,3.8794547793283174,0.6361167720919357,4,0.17345382099046622,0,0.7448987080938136,4,0.7847236305360143,4,12
Reweigh_50,0.8,1.0,0.0,0.8496211343270675,0.7991908160526082,2.798525612616609,0.7124582655275068,1,0.20360888490066895,0,0.8120609384106783,6,0.8300986007027843,6,13
Reweigh_50,0.8,1.0,0.4,0.8455784592435658,0.7991908160526082,3.202793120966785,0.6895776500735544,3,0.1981398570708422,0,0.7807581423183889,4,0.7957255634792982,5,12
Reweigh_50,0.8,1.0,0.8,0.8388118426599505,0.7991908160526082,3.8794547793283174,0.6361167720919357,4,0.17345382099046622,0,0.7448987080938136,4,0.7847236305360143,4,12
Reweigh_50,0.9,0.0,0.0,0.7779717445115821,0.7991908160526082,9.96346459416515,0.9277002231226826,3,0.7842085845940878,0,0.9913974768646163,4,0.9557741661833905,5,12
Reweigh_50,0.9,0.0,0.4,0.831153459513798,0.7991908160526082,4.645293093943559,0.7373671319940983,1,0.4725672196819165,0,0.8829069768061222,6,0.9293534371623783,6,13
Reweigh_50,0.9,0.0,0.8,0.8394982326808125,0.7991908160526082,3.810815777242116,0.6854979774139806,3,0.2221047039636321,0,0.7414481080795797,4,0.8365462976308567,6,13
Reweigh_50,0.9,0.4,0.0,0.8307751343054489,0.7991908160526082,4.683125614778472,0.7069450664212815,1,0.35192637620994216,0,0.9332780613162841,5,0.9061400908368131,6,12
Reweigh_50,0.9,0.4,0.4,0.8402927156183455,0.7991908160526082,3.731367483488812,0.7809576854070007,3,0.2331631831065207,0,0.7797544329830598,4,0.8293211557717372,6,13
Reweigh_50,0.9,0.4,0.8,0.8397090138683212,0.7991908160526082,3.7897376584912434,0.6100166848787467,4,0.17345382099046622,0,0.7383638140767342,4,0.7808718348787899,4,12
Reweigh_50,0.9,0.8,0.0,0.8467242441602801,0.7991908160526082,3.0882146292953494,0.7519122375586413,1,0.24985399049508616,0,0.8252580310127122,6,0.8803879356235464,6,13
Reweigh_50,0.9,0.8,0.4,0.8408115616183671,0.7991908160526082,3.679482883486651,0.6758873508224217,3,0.1846061722243438,0,0.7533511205922149,4,0.7907580323816524,5,12
Reweigh_50,0.9,0.8,0.8,0.8388064380141169,0.7991908160526082,3.8799952439116714,0.6273628715585604,4,0.17345382099046622,0,0.7448505621038474,4,0.7846526572214987,4,12
Reweigh_50,0.9,1.0,0.0,0.8479889312853329,0.7991908160526082,2.9617459167900706,0.6919482081484504,3,0.2008718127622431,0,0.8366887914482242,6,0.8111924742243651,6,15
Reweigh_50,0.9,1.0,0.4,0.840200836639175,0.7991908160526082,3.7405553814058634,0.6758873508224217,3,0.181360821925147,0,0.7507577989472595,4,0.7949302778272955,5,12
Reweigh_50,0.9,1.0,0.8,0.8388064380141169,0.7991908160526082,3.8799952439116714,0.6273628715585604,4,0.17345382099046622,0,0.7448505621038474,4,0.7846526572214987,4,12
Reweigh_50,1.0,0.0,0.0,0.7893052868245544,0.7991908160526082,8.830110362867927,0.9912549017512334,3,0.9881348588581057,2,0.9976611205849917,4,0.9743139462128387,5,14
Reweigh_50,1.0,0.0,0.4,0.8276836768886535,0.7991908160526082,4.992271356458011,0.7510097165830165,1,0.37077011714560915,0,0.8605138163300752,6,0.9278154453406092,6,13
Reweigh_50,1.0,0.0,0.8,0.839784678909991,0.7991908160526082,3.7821711543242653,0.6876333623202842,3,0.21693186445504517,0,0.7431272593961005,4,0.8319571085595329,6,13
Reweigh_50,1.0,0.4,0.0,0.8323478862430145,0.7991908160526082,4.525850421021915,0.7161153339901667,1,0.2990771001605858,0,0.9144592603285541,6,0.9547392862996747,6,13
Reweigh_50,1.0,0.4,0.4,0.8398549393058273,0.7991908160526082,3.77514511474063,0.7794016297772071,3,0.22440455318417826,0,0.7710080314276521,4,0.828539319615381,6,13
Reweigh_50,1.0,0.4,0.8,0.8395793023683158,0.7991908160526082,3.8027088084917837,0.6118220950740736,4,0.17345382099046622,0,0.7401168658187006,4,0.7818937581955011,4,12
Reweigh_50,1.0,0.8,0.0,0.8447515484310313,0.7991908160526082,3.2854842022202346,0.8004781813678522,3,0.24290282560655602,0,0.8427711111830942,6,0.859104058397014,6,15
Reweigh_50,1.0,0.8,0.4,0.8401846227016744,0.7991908160526082,3.7421767751559254,0.6758873508224217,3,0.18143125331230237,0,0.7503074725499765,4,0.7950188339407464,5,12
Reweigh_50,1.0,0.8,0.8,0.8388010333682834,0.7991908160526082,3.8805357084950254,0.6244449047141021,4,0.17345382099046622,0,0.7448345134405253,4,0.7846649838675944,4,12
Reweigh_50,1.0,1.0,0.0,0.8471998529936333,0.7991908160526082,3.0406537459600314,0.6880979602697307,3,0.1999889914314197,0,0.8329144256277107,6,0.8047115203925795,6,15
Reweigh_50,1.0,1.0,0.4,0.8399306043474971,0.7991908160526082,3.767578610573652,0.6758873508224217,3,0.17978550527510997,0,0.7522820332035098,4,0.7929913452376254,5,12
Reweigh_50,1.0,1.0,0.8,0.8388010333682834,0.7991908160526082,3.8805357084950254,0.6244449047141021,4,0.17345382099046622,0,0.7448345134405253,4,0.7846649838675944,4,12
