N,Rep,DI_RACE,SPD_RACE,EOPP_RACE,EOD_RACE,TI_RACE,PP_RACE,CAL_RACE,DI_SEX,SPD_SEX,EOPP_SEX,EOD_SEX,TI_SEX,PP_SEX,CAL_SEX,DI_ETHNICITY,SPD_ETHNICITY,EOPP_ETHNICITY,EOD_ETHNICITY,TI_ETHNICITY,PP_ETHNICITY,CAL_ETHNICITY,DI_AGE_GROUP,SPD_AGE_GROUP,EOPP_AGE_GROUP,EOD_AGE_GROUP,TI_AGE_GROUP,PP_AGE_GROUP,CAL_AGE_GROUP
1000,0,0.641025641025641,0.1866666666666667,0.16666666666666663,0.1694915254237288,0.04760509711901518,0.16901408450704225,0.6115437543263261,0.709015169117403,0.1523820284287694,0.06927803379416275,0.06927803379416275,0.01377625111337414,0.03535669586983736,0.12451374389489767,0.8006467187880667,0.08988820148698512,0.001993957703927518,0.028046811945117017,0.005305465716550238,0.011165644171779121,0.20993236060688447,0.2527444143096991,0.48426514897890865,0.2867063492063492,0.2867063492063492,0.047806271255514066,0.0902868318122555,0.6273593156812994
1000,1,0.5333333333333333,0.35,0.16666666666666663,0.21428571428571427,0.009752656969358162,0.375,0.5832628805251637,0.6969070854127595,0.16809463366476274,0.08039275230286469,0.08039275230286469,0.0006415750275452284,0.006517805740603677,0.25615678308816686,0.9439455926890176,0.025363625435749493,0.01714015151515147,0.023201338538761843,0.008657641778688906,0.020550330895158453,0.2639551908705702,0.28964108745145306,0.4410285191652116,0.22262383964511623,0.22262383964511623,0.0251662035625762,0.13754498200719711,0.788170965231918
1000,2,0.0,0.47692307692307695,0.25526315789473686,0.25526315789473686,0.015955931855765576,0.14022140221402213,0.5030276446816343,0.8010326387608335,0.0934377110791666,0.02356132780792075,0.04766666666666666,0.002700537300062582,0.014460784313725439,0.18028667795006809,0.7642890334572491,0.10318400724169668,0.02580081537565515,0.0819327731092437,0.0171941250763468,0.07708333333333339,0.2691733375825891,0.25626086956521743,0.44165031498502527,0.30434782608695643,0.30434782608695643,0.04906250341365897,0.19999999999999996,0.8414216361598547
1000,3,0.4678362573099415,0.25277777777777777,0.25,0.25,0.018199192022357494,0.2435897435897436,0.5086708458450921,0.7405594290329492,0.13696722880662737,0.05475095785440609,0.05475095785440609,0.009242979042701813,0.07327304538459911,0.280603064207798,0.7866832349590971,0.10004856726566291,0.015516133814300614,0.06011976427349344,0.006758611897199764,0.0456905503634476,0.3379680309597449,0.23878794065605008,0.4707745404421436,0.22592592592592597,0.22592592592592597,0.028363274300519506,0.17142857142857137,0.6867256982915629
1000,4,0.0,0.5042016806722689,0.057720057720057616,0.18181818181818182,0.02204396259176148,0.11666666666666659,0.8634804641240463,0.8328475315771141,0.0789587627080483,0.03324213406292742,0.03324213406292742,0.006347945934254889,0.005195591901400176,0.17130487495673946,0.8203572270943672,0.08009713378840894,0.06443682104059467,0.06443682104059467,0.007621891606312707,0.07084444704985782,0.16575806192739734,0.3012418300653595,0.4252585521081941,0.22051886792452835,0.22051886792452835,0.039293266310383934,0.09511889862327905,0.5493411610088478
1000,5,0.0,0.5,0.08708708708708712,0.14285714285714285,0.07181551300525475,0.07592752372735123,0.8370068130383009,0.7435453024145351,0.12788722319911777,0.09547792086361506,0.09547792086361506,0.012709661802210052,0.00950999355254678,0.13360570534407762,0.9261569872958259,0.03161728994657598,0.009874608150470143,0.01560102301790281,0.0027176190026236627,0.005377574370709404,0.154674118890212,0.3458532198934772,0.3875819672131148,0.199107683000605,0.199107683000605,0.010851333589588077,0.19999999999999996,0.6046501497952225
1000,6,0.0,0.5333333333333333,0.2432432432432432,0.2432432432432432,0.026091051954965756,0.13888888888888884,0.37198281014983803,0.7856594824579759,0.10777918069584735,0.06454640250260679,0.06454640250260679,0.008150369074264883,0.003200035310734428,0.2864326479373793,0.7157700524373666,0.13334244453555644,0.11284838350055748,0.11284838350055748,0.006879788109245895,0.011985090932459364,0.1980333565908306,0.26758938869665516,0.4293441514536849,0.3914053426248547,0.3914053426248547,0.035417212922254915,0.23363095238095233,0.8445509210970735
1000,7,0.7253891147020917,0.15662991235510326,0.2666666666666667,0.2666666666666667,0.035893245597114765,0.12177121771217714,0.6256016663715456,0.6664234686122511,0.1848426655885722,0.09060390097524385,0.09060390097524385,0.0020364519119326144,0.012492282362626006,0.12898426512283545,0.8196208913087315,0.0834772059166628,0.00631573384070605,0.04019591285255869,0.00739466543107354,0.01594896331738438,0.3391280654025116,0.2774979854955681,0.45177137458667926,0.2159420289855073,0.2159420289855073,0.03630227636870614,0.03898635477582846,0.7171808789773602
1000,8,0.0,0.5230769230769231,0.8837209302325582,0.8837209302325582,0.019969027926525967,0.14743589743589747,0.3502563830667007,0.8083510932196701,0.10254460986168301,0.029823785298237926,0.07193375884077971,0.00620347910980832,0.030184685013504686,0.17287114054790342,0.7101223470661673,0.14830029993204263,0.027968532112505606,0.08462878584829805,0.013895560562871105,0.038240549828178705,0.16054555578188234,0.31109440267335003,0.453436709556802,0.23318450237649435,0.23318450237649435,0.010558309117553538,0.05690312738367653,0.6466199162884727
1000,9,0.0,0.5263157894736842,0.1694915254237288,0.1694915254237288,0.0631658945486758,0.14035087719298245,0.44366247232194367,0.800862812769629,0.09701555275325768,0.009708121827411209,0.030205853521915696,0.010701818474885286,0.014462627156125563,0.17730560646505128,0.706233876498057,0.13660729199884591,0.03646884272997042,0.08481023988542785,0.013402767954937556,0.07122733750952892,0.2345627981847921,0.22878228782287824,0.4837962962962963,0.249441170493802,0.249441170493802,0.012655456043339973,0.11511701454775458,0.8183927588191074
1000,10,0.5122655122655122,0.29264069264069265,0.2168674698795181,0.2168674698795181,0.029680755208960317,0.1387900355871886,0.6305411073077152,0.8023365878455363,0.09800581438299316,0.025465430984991322,0.06735213091062368,0.0070175856894683294,0.0362634941617096,0.41137460653472113,0.6583999842788925,0.1649272282206493,0.0894161072030385,0.0894161072030385,0.0021289528797975507,0.00037091988130566467,0.18185049735083358,0.28783398184176395,0.4178691019786911,0.20331882034009696,0.20331882034009696,0.020246030470817633,0.15546218487394958,0.42578712841998856
1000,11,0.7166666666666667,0.13178294573643412,0.16666666666666663,0.16666666666666663,0.03363705301319642,0.20833333333333337,0.85250119881727,0.7343865192206426,0.1411297786157349,0.029646748101683773,0.029646748101683773,0.011738739816355627,0.07854251012145752,0.2510335189727067,0.9834576400841462,0.0073423308717426305,0.009648991784914185,0.014041601218525407,0.0012368527019924122,0.02814895947426066,0.16791573255475356,0.21463710492620797,0.49020453230979544,0.20879120879120883,0.21987202275151083,0.041093435008439566,0.09698996655518399,0.5662807909039331
1000,12,0.3616438356164384,0.35303030303030297,0.33333333333333337,0.33333333333333337,0.02282343103122323,0.19999999999999996,0.6427613407353112,0.7653957728968089,0.12212274835508574,0.03655549659141932,0.05440250625056481,0.003883781822768863,0.007738714374869948,0.19437115671568694,0.8441851257121488,0.07204572846688606,0.019083571986461934,0.07293336386535379,0.009696255528822063,0.07238658777120321,0.3706289146403682,0.2688005772898304,0.42694194480392456,0.3125,0.3125,0.07940996517442707,0.2028985507246377,0.44138394772704875
1000,13,0.3873015873015873,0.35154826958105645,0.33333333333333337,0.33333333333333337,0.013082173079795985,0.16049382716049387,0.8209257129743563,0.7516508756818835,0.12135241301907967,0.07285714285714295,0.07285714285714295,0.00863065307526533,0.01074848544068785,0.47821629753470307,0.8938871757663704,0.04491707616707613,0.013655462184873901,0.013655462184873901,0.00023316905316893982,0.036553211888782355,0.29632365640267716,0.30304267919134165,0.38792907478972494,0.1597222222222222,0.17098445595854922,0.022369956721123234,0.16981132075471694,0.47514745011919673
1000,14,0.0,0.47058823529411764,0.0314330257447436,0.15625,0.03646941463765987,0.09962406015037595,0.6443091491528146,0.7113239822100582,0.145122454595487,0.07220410265213295,0.07220410265213295,0.006722315754720702,0.036426692178904596,0.2093209407487121,0.7714078977023356,0.09991238030060295,0.0038699690402476117,0.04704532415375788,0.015712177213102536,0.0267379679144385,0.19620245163509198,0.18578497525865945,0.4869518428840463,0.1937116399267793,0.1937116399267793,0.05769315030389864,0.10504201680672276,0.49621420250104675
1000,15,0.6694866647548036,0.15708055063377402,0.21875,0.21875,0.06472398928499702,0.19444444444444442,0.5320730631990342,0.749462715727776,0.13794463568559956,0.038972030931404666,0.040372778801683065,0.0035908638345743815,0.036259617281515166,0.14318948285051852,0.7808447391631006,0.10649713478419609,0.09503515874707003,0.09503515874707003,0.017468724355295735,0.026170798898071612,0.20540635800967572,0.22640921345863135,0.49925572787801986,0.33591331269349844,0.33591331269349844,0.027739723972166362,0.22242647058823528,0.897423870019803
1000,16,0.3229166666666667,0.34946236559139787,0.18644067796610164,0.24615384615384617,0.07218595418192733,0.25,0.45845175170003105,0.6983565633451216,0.16739997691034803,0.0855450374586213,0.0855450374586213,0.0012325883906135413,0.011629987475398118,0.14931604037958174,0.8178896066624226,0.08636946332143797,0.021118012422360333,0.07680722891566265,0.022305245901589422,0.06443541661061636,0.13803342906488758,0.2971014492753623,0.44700460829493094,0.33333333333333337,0.33333333333333337,0.02971144704789335,0.1913696060037524,0.4466399442972288
1000,17,0.0,0.5092592592592593,0.07756813417190767,0.21818181818181817,0.03764441342682154,0.12095959595959593,0.574557992298002,0.73845233942897,0.1399509411827441,0.01873325679295834,0.030926216640502366,0.0031378782176692196,0.04840269020596888,0.1939608413875522,0.782057181729057,0.10335110723163626,0.04729333593902685,0.04729333593902685,0.003621873497939687,0.030804920155373283,0.27791709715610935,0.24606060606060606,0.47662835249042146,0.2571724853093674,0.2571724853093674,0.035545510269167885,0.12982456140350873,0.6167342390230465
1000,18,0.5,0.3333333333333333,0.1428571428571429,0.1428571428571429,0.0289618426894159,0.10996563573883167,0.567634003500721,0.833245009715598,0.08495065542790292,0.017132697591724533,0.0400772430184195,0.006767936604759078,0.013732833957553092,0.2653626594568817,0.9689254471863167,0.01429257746817203,0.03288987435328905,0.037623171095849506,0.019616208035391977,0.04094338240679707,0.35249456744240526,0.3795224689813366,0.3791049530179965,0.08479532163742687,0.10518204584858408,0.04150695348896693,0.09027777777777779,0.5137601552344799
1000,19,0.47619047619047616,0.275,0.1797752808988764,0.1797752808988764,0.02954436871215168,0.25,0.5651855181791066,0.7675791733762749,0.12149270482603813,0.06439393939393934,0.06708211143695016,0.0021193831161542623,0.0259197324414715,0.19885628155232177,0.7983860692291357,0.09481153037634005,0.01355042016806729,0.06816995015428437,0.017574958059599147,0.05169683257918545,0.25409613563526445,0.28477336686425964,0.45164095583787056,0.2524717514124294,0.2524717514124294,0.022072277047687626,0.14833929909264965,0.826036107788799
1000,20,0.11764705882352941,0.8823529411764706,0.6666666666666667,0.944954128440367,0.040234322699088935,0.41666666666666663,0.5592069989132343,0.7191868332917526,0.1578184815537116,0.06903299025554732,0.06903299025554732,0.005495465271982421,0.014103211566877993,0.16569760323560112,0.7988608489585499,0.09864611369382592,0.04980237154150202,0.051826775259215654,0.0032507819052922104,0.026157315293805605,0.3787918864706442,0.33699633699633696,0.42093023255813955,0.14425770308123254,0.15868090633569057,0.031220725422675292,0.08571428571428574,0.8027644854799456
1000,21,0.4612476370510397,0.30470420527441194,0.23655913978494625,0.23655913978494625,0.02153230854169881,0.16666666666666663,0.3502906519244151,0.6985074626865672,0.16160000000000002,0.03189166411277966,0.06221781036856769,0.01034736357231255,0.0016583747927032544,0.10803506694507448,0.8141378194758978,0.08530531234068667,0.06414676821737342,0.06414676821737342,0.004627872657312432,0.05541125541125547,0.19257241478148157,0.2565092674315975,0.4361812297734628,0.2642140468227425,0.2642140468227425,0.039180288423453315,0.10530303030303023,0.5623512969618087
1000,22,0.0,0.4781297134238311,0.07901387630537404,0.11428571428571428,0.023008584555544373,0.12618296529968454,0.46112591197000175,0.8031352892034006,0.10510573542530305,0.06381205001894652,0.06381205001894652,0.0014965766910635114,0.009779764292399684,0.22211071075191668,0.950198854945151,0.023515330365111886,0.015002213059379876,0.02253313696612666,0.008527830165042896,0.018994739918176573,0.3699905582215791,0.3048263292558971,0.43175584483434193,0.23333333333333328,0.23333333333333328,0.05916348618763443,0.17948717948717952,0.4078787322332591
1000,23,0.625,0.2,0.09765004763416962,0.2578616352201258,0.01824322874051862,0.9375,0.6951143405519011,0.7190311198703073,0.155824695014456,0.07911617961511042,0.086073500967118,0.003661128386951186,0.016978876046233604,0.11965365277683704,0.7329594925162735,0.1304066127081024,0.10270458068309363,0.10270458068309363,0.0002760207005800125,0.02449901540600019,0.39932351839144137,0.2722434497816594,0.4669315209420932,0.39743589743589736,0.39743589743589736,0.023294886962046624,0.22052238805970148,0.6671952824754852
1000,24,0.65015479876161,0.15826330532212884,0.2857142857142857,0.2857142857142857,0.017370736799599086,0.1457627118644068,0.3279144129199915,0.8170762827450877,0.08832464447928484,0.0018066847335139746,0.022456140350877188,0.0031299922942882932,0.022638563622170205,0.16531384045778866,0.7883189708030011,0.09611305989603108,0.010761492572230691,0.058864099796089725,0.010047234983447208,0.038901174198772925,0.1682449214923365,0.2390717754991905,0.43800608859527407,0.21524390243902436,0.21524390243902436,0.021718330300696094,0.15000000000000002,0.5909775359093867
1000,25,0.6111111111111112,0.2121212121212121,0.1558441558441559,0.1558441558441559,0.0324794633327751,0.1384083044982699,0.465625494774099,0.7121172838051241,0.15667611632053569,0.08025118101163731,0.08025118101163731,0.008406428626725297,0.00873725394798186,0.30786997922937176,0.8605390314613981,0.06470834412802168,0.02692249355376919,0.0414959349593496,0.017566461493291878,0.02025010084711576,0.4517263965174618,0.31025039123630677,0.40706534287693374,0.19725962674226316,0.19725962674226316,0.026310154111034115,0.16666666666666663,0.6346744821727693
1000,26,0.14285714285714285,0.8571428571428572,0.1282051282051282,0.2033898305084746,0.01962530923454163,0.16901408450704225,0.3313461004870181,0.7922907826798221,0.10469895507195959,0.016122364613476714,0.07835497835497834,0.027902631552471246,0.037122375832053245,0.24810548338604566,0.8477214464191067,0.06967961631170222,0.030316949931097903,0.05297888386123681,0.006911623254338674,0.04182816987814064,0.3313291728536579,0.26204783786968305,0.4353386855732805,0.0766009852216748,0.17715273412947832,0.03935252778461601,0.15625,0.6087432941548652
1000,27,0.6429080541696365,0.20031987205117957,0.17142857142857137,0.17142857142857137,0.020947695369946312,0.25,0.5419491813144055,0.7762474095329188,0.11821979650966918,0.01899767571409361,0.07763857538895032,0.016850045197385866,0.02462345738995242,0.21733472628876555,0.8858868238846375,0.053784811679548516,0.0375384024577573,0.0375384024577573,0.0006950128485169807,0.0004239084357778866,0.202891003688147,0.27315566260013613,0.4622248859587787,0.28883183568677784,0.28883183568677784,0.02270683096745474,0.1702702702702703,0.5979834790867513
1000,28,0.33055555555555555,0.33753501400560226,0.23529411764705888,0.23529411764705888,0.052071915746222365,0.1216216216216216,0.42661524300005566,0.7602235204470409,0.1221874662927408,0.06046301213587457,0.06046301213587457,0.0020420333230412036,0.0018358248098609975,0.13455050248942962,0.8014121011707928,0.09061251121441971,0.03876773970231917,0.03876773970231917,0.0004677074743679316,0.007454478797507047,0.1470828381778767,0.24934706549056326,0.4454961980892962,0.2930555555555555,0.2930555555555555,0.04385193791720046,0.16666666666666663,0.6970596815112551
1000,29,0.75,0.125,0.22943722943722944,0.2424242424242424,0.02547643940278395,0.24102564102564106,0.7478857142528776,0.8330751046932687,0.08097440720841437,0.00033370875568339287,0.039601363755573035,0.0028207234300934164,0.004666447584620426,0.17115013545803903,0.8050220627916574,0.089673397281474,0.023742386645612457,0.023742386645612457,0.009900141895947102,0.036554345651490516,0.18075604250592425,0.36809284600727527,0.3731969309462916,0.12103174603174593,0.13480392156862747,0.03136005409333962,0.07756813417190767,0.8514841880715635
5000,0,0.7408023279983372,0.12348979996038817,0.1921171171171172,0.1921171171171172,0.01753800552718015,0.2450980392156863,0.7988831515807402,0.7949878427999604,0.10284438248978883,0.03610707232004029,0.05352836505818172,0.004450081096316595,0.014096263116419983,0.11687717151949187,0.8257793702041281,0.07982507465115857,0.04958391047325106,0.04958391047325106,0.007597820146779788,0.027759406146659615,0.1566568263322134,0.28519593856393016,0.43779236564992663,0.2097532314923619,0.2097532314923619,0.018824878077099844,0.11780821917808215,0.4323121994921378
5000,1,0.47884012539184956,0.27209492635024546,0.18844221105527637,0.18844221105527637,0.017346637784368568,0.15909090909090906,0.8656844277458898,0.7693465111692478,0.12007620907450983,0.029845741113346702,0.051614487415592394,0.004760490007654973,0.002015353208585813,0.13258109558602316,0.8028811941334723,0.09280293125539313,0.037600877877881134,0.037600877877881134,0.0019435280065366045,0.00032142344669250367,0.11809898872439606,0.29891699703280533,0.4321039343666556,0.18942101062196848,0.18942101062196848,0.012475759710180882,0.06355604559253114,0.30700196428776716
5000,2,0.7440865384615385,0.13241293532338305,0.096551724137931,0.17755775577557756,0.018885930890698475,0.40064102564102566,0.7767722746706293,0.7819271678323804,0.11123977348146191,0.034619964518411206,0.037104018912529554,0.0012027344417886512,0.015228159813514774,0.07289252699425808,0.7707522747661155,0.10756862624830349,0.027453527517564358,0.03791183084562097,0.006932211393956035,0.008107725017717948,0.10857356362255521,0.3037368388295414,0.43672892701609656,0.1836371480962139,0.1836371480962139,0.03097753354859316,0.09738955823293172,0.36867617237267314
5000,3,0.4076923076923077,0.29056603773584905,0.20833333333333337,0.20833333333333337,0.04855748747851712,0.27243589743589747,0.9068069596597722,0.7463344889777686,0.1308394547592882,0.04827103779669817,0.04827103779669817,0.005177271989356656,0.009338105121522777,0.08715521541660143,0.8966812773951159,0.0460893854748603,0.03245560318432328,0.03245560318432328,0.006192327801723123,0.04162844946951583,0.11906345328251794,0.28149779791789253,0.44036125416392646,0.2137128535624776,0.2137128535624776,0.021174854440272832,0.1136862790428852,0.35526177301525963
5000,4,0.4331569664902998,0.29080709373868985,0.16981132075471694,0.16981132075471694,0.019229305029085993,0.3979591836734694,0.8656844277458898,0.7771765281517284,0.1141801114716709,0.05650365881177266,0.05650365881177266,0.00019022885717085575,0.009024572359489613,0.13711153889344418,0.8462134554420572,0.0705559146735617,0.01395442235573141,0.01986645517319985,0.006590944902018579,0.014110415532571308,0.08290419251419862,0.313873552983081,0.420458785053491,0.158970385258009,0.158970385258009,0.013282651767738608,0.067037037037037,0.2768808681799897
5000,5,0.6059546925566343,0.20158940397350994,0.18575949367088607,0.18575949367088607,0.030750721888510996,0.14895057549085988,0.4072057967203512,0.7925845479852449,0.10635246996958414,0.041955382411082764,0.05271952563707852,0.003924108656843173,0.00757318949057062,0.10801174589606116,0.8628640988346744,0.06347907024805066,0.002312767838922536,0.03055801957301993,0.006949712524749886,0.0039995808299567726,0.09356514620816841,0.30900069190739415,0.42623881429312527,0.18146446973416785,0.18146446973416785,0.016142964507100732,0.04385964912280704,0.3144157044758946
5000,6,0.7981325207063603,0.0967983663987711,0.14840085287846483,0.14840085287846483,0.02666034347513519,0.10810534912209069,0.679940926450759,0.7841116386527176,0.10939471837586257,0.02982691447914676,0.032546904085431566,0.003963315203045263,0.012908361707558713,0.1134753344883438,0.8604990868136438,0.06318948927470891,0.0008839330473398022,0.01852727296211623,0.0024287958129305606,0.007949585480880872,0.09814038063589148,0.31337036011531505,0.4136283359497645,0.19142406667042056,0.19142406667042056,0.012493632070678398,0.09459459459459463,0.6401799577047643
5000,7,0.7236964186305437,0.13475113122171944,0.23166023166023164,0.23166023166023164,0.03562226916979168,0.16666666666666663,0.5582099759564298,0.7419450573555788,0.13758255365987893,0.047917934672347395,0.047917934672347395,0.003114498688194113,0.043082568807339516,0.1342477193344177,0.771431448454877,0.10861058832285986,0.021191292489965763,0.05785905219354694,0.00927730311083616,0.029208605392105125,0.12888142536578107,0.27229739420149157,0.4495030461211361,0.21310160427807479,0.21310160427807479,0.021425875949322777,0.04586260733801717,0.16058970363613978
5000,8,0.6758974358974359,0.15983813859382906,0.21621621621621623,0.21621621621621623,0.014848098942978068,0.16307692307692312,0.4197706125653252,0.7643022312982373,0.12248449143615148,0.04149757918468411,0.0449359254405126,0.003529881977617111,0.013309843890980777,0.08507998211758933,0.861394755163611,0.06358458426487812,0.011530246824364543,0.047362081853090265,0.01587737121565802,0.029343130319492094,0.1349719083534967,0.2799674859523819,0.4488382791600771,0.20467490418924272,0.20467490418924272,0.021582461766712663,0.07293046357615884,0.18798329070553144
5000,9,0.7089382940108894,0.14157241379310342,0.14603174603174596,0.14603174603174596,0.020892077950469663,0.06666666666666665,0.8324050797518515,0.775318051745947,0.1148565284357147,0.04504616589198207,0.04790561275068282,0.0018854772352581914,0.005722957156078179,0.07517522277120159,0.8408960137370843,0.07302044902520122,0.013753600481370754,0.04454023343115164,0.006937733676650085,0.020851970109681983,0.12511581274974265,0.27951617573293425,0.4488714822347535,0.208674384024236,0.208674384024236,0.019078114584174057,0.09001920284764187,0.22525522295061817
5000,10,0.5407537248028046,0.24264876128733504,0.19354838709677424,0.19354838709677424,0.034339707291251784,0.15184049079754602,0.5459620089749246,0.7857694870086609,0.11060814529444135,0.024132787397181277,0.04154593651531874,0.006926252397911087,0.008394777896379102,0.10395817563944987,0.8345597443022577,0.07721743131806114,0.037028736490861136,0.037028736490861136,0.0013574319645369773,0.02482063215047503,0.14265926253981864,0.2969877674458845,0.4388989213330969,0.17874110733065263,0.17874110733065263,0.022231367657968557,0.07418091901916335,0.2673559593331548
5000,11,0.6507832422586521,0.16694531522117728,0.15320512820512822,0.15320512820512822,0.045008104166821605,0.09661948221270256,0.6282057736391344,0.77129636558657,0.11967914996932472,0.013376737060947552,0.059518600682157224,0.008836181799615282,0.006068871074506488,0.1009423919010422,0.838652831451893,0.07541747889150502,0.028056291095177266,0.040580310880829015,0.006655057473584115,0.01836831898751401,0.1547947744735386,0.24273972214145398,0.47359037020938766,0.26642079381805406,0.26642079381805406,0.025772637590026494,0.0648198481322303,0.553088889221854
5000,12,0.3317757009345794,0.335680751173709,0.1724137931034483,0.1724137931034483,0.017463057160607538,0.4221183800623053,0.7822178895300885,0.7550471796731558,0.12805268116921692,0.048579196275223224,0.06591979765996062,0.002326033609711689,0.017297847308340497,0.14246604831918086,0.828780206914576,0.07942496956793865,0.037874857320742916,0.037874857320742916,0.0008125742415584017,0.002446190442502938,0.0873012289997811,0.24535880976349542,0.47169371890864886,0.2511983279941068,0.2511983279941068,0.03399860888490477,0.09476883004124159,0.18578208775836502
5000,13,0.31524752475247525,0.347537688442211,0.2564102564102565,0.2564102564102565,0.024366810353233608,0.1376811594202898,0.679940926450759,0.7892382945303318,0.10835709020747064,0.022372065316850542,0.04452563617699498,0.005525899560880516,0.00220670797004785,0.12319227345998218,0.8487739000397304,0.07060292551513558,0.027210884353741416,0.03360471682008588,0.0005090564021918292,0.011136355812592535,0.1451541689164324,0.3236175288646329,0.4168918128166117,0.18409364075093193,0.18409364075093193,0.007375057266343861,0.12464329392580509,0.3489163388294698
5000,14,0.44402810304449647,0.2683092224231465,0.375609756097561,0.375609756097561,0.029574349623746603,0.21052631578947367,0.5606578984912326,0.7405589450557578,0.1357010567298918,0.025017227679027698,0.05769498316592003,0.008444402366510763,0.0017218702238346317,0.0538419260860441,0.8250107243291336,0.0802434356877107,0.004545896044110487,0.030212575503697048,0.0027366989737304948,0.0032896924137593153,0.0838802817981632,0.28738499505516196,0.4357284614937231,0.20034027053904124,0.20034027053904124,0.018552570533163615,0.10765398550724636,0.2618043302321934
5000,15,0.6153609476558594,0.19292052469135806,0.06730769230769229,0.13779904306220095,0.006894621115836781,0.25460209572359105,0.6634710035934539,0.801026163594358,0.09877979412592836,0.03172905525846703,0.03172905525846703,0.0009111425281348728,0.018513731148274037,0.09724485522713633,0.8212963756931344,0.08143332551839116,0.021888246628131047,0.021888246628131047,0.0016879521333563047,0.01832939935417499,0.14622098385655558,0.32396524714807357,0.4010058543208383,0.17413080339372966,0.17413080339372966,0.012990687743197588,0.08530068620875197,0.2971934004038978
5000,16,0.21319966583124475,0.38846724962877416,0.38607594936708856,0.38607594936708856,0.012764222265025563,0.1182943603851444,0.7272739031690281,0.8093336117325929,0.09481564150539895,0.021054776488615534,0.029722071501778496,0.003574300957251593,0.007755300471725679,0.16467205224804093,0.9100374973724716,0.04033142083795144,0.01297957625501045,0.01297957625501045,0.003964730227144227,0.006415370296503076,0.21426711836067003,0.3047077146200372,0.4248094370210752,0.1597480533650747,0.1597480533650747,0.013556560444069242,0.06829331267751093,0.6323977182328967
5000,17,0.4203821656050955,0.29027113237639557,0.2875055978504255,0.2875055978504255,0.03067280305787943,0.15508021390374327,0.40495636030332743,0.7358480861070482,0.13929080855224774,0.04936089945645439,0.05283274421867805,0.008361821702342141,0.010400875576976665,0.12105681956681963,0.8602190262567622,0.0636771415450973,0.006666083139773127,0.0402658277821992,0.0010408572136761524,0.022053872053872103,0.1441366184677535,0.31163247145316486,0.4173694680392409,0.13819879427026482,0.149109304579022,0.03152725928462512,0.04383931453387713,0.2787232473105814
5000,18,0.1974848625989753,0.4277557100297915,0.45439560439560434,0.45439560439560434,0.009601948115426834,0.14960629921259838,0.6372801951473872,0.7601718447822879,0.12265306211134241,0.06011005823709403,0.06011005823709403,0.005502004103894523,0.014260885377871513,0.07053578491318435,0.842031029619182,0.07157555525630027,0.02251673812490751,0.02251673812490751,0.0014620395819004775,0.013555144793592211,0.05082124053252901,0.3049325175854009,0.4177573898056802,0.21502571904658407,0.21502571904658407,0.020604588974495838,0.07078137430132969,0.2555689684266718
5000,19,0.7350230414746545,0.12875055978504252,0.16770186335403725,0.16770186335403725,0.031160795091424748,0.0784119106699751,0.6882454646947522,0.8000952241869435,0.10252351042502417,0.038392481306587234,0.0432154036089738,0.0034082461365389435,0.002086613981288732,0.06891666052169348,0.882108860141567,0.054638009049773784,0.014056402456996686,0.030579854900566444,0.002491784611925188,0.011643204701206389,0.11620580703997596,0.29751841565028375,0.43367812878576095,0.20617760617760617,0.20617760617760617,0.018740134036104743,0.11283595922150147,0.4397468260671529
5000,20,0.7487684729064039,0.1278195488721805,0.16383928571428574,0.20833333333333334,0.016617201124742367,0.2232142857142857,0.6457192553126417,0.7657997797593912,0.12204077230072274,0.02727061960238808,0.02727061960238808,0.005125041543943908,0.03928071394129218,0.09669724493062692,0.7778900702052256,0.10502204551826083,0.026534948791046342,0.033270246651741886,0.006515954533456242,0.008350582502930859,0.1115821204544808,0.28092923947499415,0.44815562863086117,0.17505699088145898,0.17505699088145898,0.017776234009099744,0.08228780907492617,0.26670358338810374
5000,21,0.673279624034911,0.1671475184612743,0.03954170842676774,0.08181818181818182,0.019612139984123388,0.12009063444108758,0.5651402242221409,0.7616176967240796,0.12112398112398115,0.04551229285937097,0.07283632058091828,0.01013500522274298,0.028165744506309598,0.12540113983549034,0.8088646376098576,0.08713912429675003,0.03892782808247208,0.03892782808247208,0.002672782595549962,0.012573276733373828,0.10595162957106974,0.3155394402737911,0.41640430854993626,0.15623458509363874,0.15623458509363874,0.019805473845544097,0.09819121447028423,0.3479488721571826
5000,22,0.6447922937989162,0.17528223410576355,0.02094320736450017,0.09581040098843087,0.019274215387422564,0.07619047619047625,0.7088449668044653,0.7693654323990896,0.12015171436783034,0.0417955945981382,0.0417955945981382,0.0026827801891463054,0.019688466040397423,0.0797336914660412,0.8657521775287783,0.061844087634569944,0.0014613445646277645,0.037458680602808506,0.009565204402316743,0.018472344161545196,0.09778809282157108,0.3013335061232424,0.4354902158767342,0.1887958630879093,0.1887958630879093,0.009840304510674247,0.07133903133903141,0.1601834888124825
5000,23,0.6127565982404692,0.20108116339272114,0.1911357340720221,0.1911357340720221,0.021475309482875175,0.20184331797235022,0.5778651292008714,0.732828368875496,0.14094313369797,0.057638909234139724,0.057638909234139724,0.004007236240370714,0.004537392063474699,0.13102013117399064,0.7645562807446796,0.11009912203594768,0.051720441633615666,0.051720441633615666,0.0027601108396369603,0.02265254379970494,0.15191616995694246,0.31434218441178996,0.41739903745553464,0.2041152731199909,0.2041152731199909,0.008156126920294472,0.09445757196674043,0.23471481119566562
5000,24,0.6670247046186896,0.15764047800661074,0.029999999999999916,0.05134196022046489,0.01281328413612734,0.08974358974358976,0.5936602694763475,0.7790282265113815,0.11320663127869801,0.017146081516593692,0.02021152584433697,0.0048528190366555896,0.03495172413793102,0.0778001299616291,0.8806047966631908,0.05452380952380953,0.002137716321438443,0.016136276837226307,0.0031418408419222887,0.008616293492024307,0.10990596759175753,0.3079722150262969,0.4246386455214225,0.13021204410517384,0.13021204410517384,0.02255461702351047,0.12370370370370376,0.4526338562541429
5000,25,0.5788257050392973,0.2078959379278868,0.1945408281286144,0.1945408281286144,0.030535706521500276,0.39473684210526316,0.8139313781191252,0.7523370015382794,0.1251559002921529,0.024083463989058362,0.041196013289036534,0.006096637449046566,0.008839091192032411,0.08876650445108913,0.8705423689943813,0.05728056823947236,0.016176028439036427,0.01769192056056676,0.0016298596134878066,0.002822100500119107,0.11704363028288434,0.27797648581598533,0.4317183912493873,0.21162931556632347,0.21162931556632347,0.019404893312075573,0.15261143351030992,0.24150601306631359
5000,26,0.7617996604414261,0.115198292142212,0.05641025641025632,0.14111498257839722,0.019560532518104842,0.34962406015037595,0.5524144200903971,0.7692666452453487,0.11798429429623564,0.040307698670361214,0.042972084556692935,0.0050834841900494684,0.007420657898364991,0.07265979635168429,0.8277292556940343,0.07874561618138815,0.006535800283086424,0.03310291834688439,0.009919898057524433,0.002099713396784497,0.09045743444723298,0.3154246241365299,0.4189679612052887,0.12950912628925848,0.15263595794569246,0.025410553223027973,0.07048054919908464,0.21648090515937368
5000,27,0.692477375565611,0.16675867991657461,0.08036565977742449,0.10733062196210695,0.022078082652007273,0.16390374331550805,0.5363039250763796,0.7884159593294293,0.10857751684062061,0.0313533695046998,0.03156121525149533,0.0007415265643202773,0.016044853032114448,0.10246853174674952,0.8161717609079963,0.08617583473456641,0.024534744573739387,0.037309067902748905,0.006621819113920326,0.008806762379243271,0.10758613705722508,0.3258538881257422,0.4115573641779177,0.17956647823214156,0.17956647823214156,0.01221781909311262,0.05612699764474194,0.19815893066931822
5000,28,0.6436781609195401,0.1845238095238096,0.1923076923076923,0.1923076923076923,0.01248711395294614,0.13131313131313127,0.6696658558852095,0.734404721786898,0.13933338013342833,0.03434309628869059,0.03885428955526901,0.0026906913595685852,0.02848044294230534,0.04566180839759848,0.9041751927689619,0.04297135486087422,0.0018726290316521954,0.007887973846311458,0.0031829133754927574,0.015457629384535654,0.0898665686063824,0.30601996696213013,0.4163232224340162,0.14955710955710955,0.14955710955710955,0.026224405570770597,0.10409698996655514,0.2485230225343038
5000,29,0.7757064751992623,0.11249504427117746,0.061728395061728336,0.0824742268041237,0.004758474670232715,0.10092879256965936,0.7571817704045329,0.775974915235028,0.11433088476295139,0.022399641130767867,0.045508969896020046,0.008224299651023552,0.005740757933361151,0.08592421287010599,0.7972055915726814,0.09410647603457978,0.039022621681903624,0.039022621681903624,8.605507162279258e-06,0.00815936010131113,0.10582744206768724,0.2890256597061119,0.43509886548866894,0.20661764705882357,0.20661764705882357,0.012586541967449141,0.08187079559547517,0.4303184492031581
10000,0,0.47371535997771896,0.2842022146603749,0.06813186813186811,0.08098244229631091,0.021371084979814332,0.2021390374331551,0.6844568800914859,0.7706350185576882,0.12035615814531686,0.034434236685965236,0.053180945494439746,0.005598998163086302,0.001641032111334706,0.052024486181001584,0.8448125834702344,0.07283646853948128,0.030458511707897484,0.030458511707897484,0.0024999895533292515,0.0032050667893018803,0.06616671009676572,0.28667375147632423,0.4446153456772715,0.20764374330877255,0.20764374330877255,0.016482628134438508,0.07569300197982276,0.1516313417860139
10000,1,0.7026240505080399,0.15018059534188566,0.21549295774647892,0.21549295774647892,0.04781915982460829,0.25966082846816796,0.35824480078416815,0.7432932903698943,0.13659106326999587,0.036163386872287595,0.06262043058083931,0.00330357758380094,0.0027034677409429886,0.0730941783023315,0.8154464276783117,0.08646298290539123,0.005064226540537953,0.039805859421232465,0.009703335819503708,0.007359763212567927,0.07979120548703378,0.31364487503052996,0.4252092140453801,0.16112230977541586,0.16112230977541586,0.017906931399939603,0.11652754052921654,0.22759734526157835
10000,2,0.6977149834292691,0.15404444444444448,0.044117647058823484,0.08468705207835643,0.02844374712893765,0.11141304347826086,0.31719384631381364,0.7520323919041301,0.12890590785670492,0.03936764031659923,0.049567256130249676,0.004381603312022336,0.003620388655161455,0.06856339906851572,0.8518643920100765,0.06774407617683637,0.003783287906128474,0.027324529960580116,0.0035112375796025885,0.0018054214438192329,0.08404579099552723,0.298598984450093,0.4305777057811076,0.1879670554603423,0.1879670554603423,0.011408915464145145,0.05671051992291043,0.1214349984601194
10000,3,0.2167605393411845,0.4014873140857393,0.24242424242424243,0.24242424242424243,0.028484155509430047,0.13403508771929828,0.4097844796664053,0.7612192480478168,0.12168570502104847,0.027821849760307993,0.04903806526544528,0.007392958211530722,0.0018556856506760644,0.03790922372506805,0.8184641547230448,0.08234513505739616,0.020242417095543308,0.0327948933325683,0.005681107779790841,0.004272446721788836,0.0807366126309339,0.2818810173135415,0.4357145176346442,0.17910941897036914,0.17910941897036914,0.019416656864282074,0.10050366300366298,0.22863880173737483
10000,4,0.6401937390932726,0.1829855828443092,0.10355029585798814,0.10355029585798814,0.019358674357895837,0.24075694596368402,0.760886613070204,0.7527708093100759,0.12988877027067824,0.045898909004795874,0.045898909004795874,0.0021819995964027436,0.02126120102197071,0.05432072285811901,0.8605997720009001,0.06438045970099354,0.004624778660428541,0.021084757345638208,0.0019280607022863772,0.007269536846737146,0.03810674692004934,0.29518398514879046,0.43555479659418167,0.16996809744779584,0.16996809744779584,0.016084417174282786,0.05834006146413373,0.17578458775065375
10000,5,0.5624465355004277,0.22227050516023905,0.18666356336553014,0.18666356336553014,0.006926836287449882,0.07647058823529418,0.4712701313017114,0.7556356318387517,0.12718533385978764,0.032945229373800844,0.0491090111532753,0.003958975697344248,0.007276515979200648,0.07122357657953637,0.7988247075187129,0.09366383120304667,0.027287410159089087,0.02793811515903344,0.0010811920575350478,0.013037482873706652,0.05374240900679417,0.27453652519468835,0.44589297449590215,0.18453077299526932,0.18453077299526932,0.015752438186063616,0.12203551046290428,0.18621195492112685
10000,6,0.5029303530053155,0.2578296217744786,0.1350877192982457,0.1350877192982457,0.024760048893430774,0.14393939393939392,0.5366453407989724,0.7637621893677258,0.12454052619823353,0.022598801816600567,0.06330084448930738,0.005977012079025033,0.008203124999999978,0.05972776488313625,0.8290462328131546,0.08040150877521118,0.006951662149867088,0.02072437434830786,0.0011036613100033482,0.020234801595806595,0.06583960279211731,0.27233825104527465,0.456060136227449,0.1922135936511027,0.1922135936511027,0.02036423316493227,0.09641025641025647,0.2396593057020493
10000,7,0.7105835776239837,0.15047807606791275,0.07643784786641927,0.07643784786641927,0.024402593770349357,0.053169734151329195,0.6882454646947522,0.779412790682871,0.11261300530993446,0.011421436803688012,0.0364095839922567,0.007415634871424055,0.016338871771244268,0.07111549352758267,0.7938438973393425,0.09581663659709705,0.028929196864418305,0.028929196864418305,0.0006082400495780391,0.019899419211142133,0.07990392133538354,0.29390518008023647,0.43238020790890885,0.18183198609468798,0.18183198609468798,0.020172740976582726,0.07955112879623982,0.16757178914707144
10000,8,0.5489864864864865,0.22203742203742205,0.1446862996158771,0.1446862996158771,0.0353757405090058,0.027937336814621405,0.7822178895300885,0.743524341279216,0.13329430455970648,0.04062167277889506,0.0508430656494438,0.005173051066480805,0.00020361725626172333,0.05343882835489955,0.8253748736591541,0.07974045021154125,0.026696941768560967,0.026696941768560967,0.0023379051701873516,0.013772202367584474,0.09808479311986651,0.2864167890461711,0.4338612642307623,0.16374369428570945,0.16374369428570945,0.016898663236004648,0.06890092982808216,0.18667621360219977
10000,9,0.4527272727272727,0.2747353048557868,0.2109181141439206,0.2109181141439206,0.014997321727243385,0.03628843537414972,0.675049673363153,0.7786763224383394,0.1137906253288472,0.03034855899027411,0.031403333222639454,0.0007878703967963141,0.015701778032783165,0.06639891408633791,0.8121229558313907,0.08737216947097198,0.019309928706222057,0.02192895825143998,0.0014539047230827315,0.013741139016316017,0.11058787971452722,0.2923716703916755,0.4366975837633237,0.17080607476635523,0.17080607476635523,0.02204230506536648,0.03150440668384635,0.24335383324970566
10000,10,0.6029194382852919,0.20882324361092214,0.14179737176769813,0.14179737176769813,0.018335160111376966,0.10796221322537103,0.8324050797518515,0.7630576117022573,0.12341562619462326,0.0366489122787812,0.03859992280569022,0.004374751544358332,0.01976732470134357,0.07077619391204448,0.8675886158008852,0.06071484823620038,0.006817238992683272,0.026800512934698345,0.0033188504346610484,0.0027398769120623445,0.0406265767400219,0.2734172829058391,0.4548831591967677,0.19972415737123994,0.19972415737123994,0.018173612216641273,0.05708240716590818,0.2935848424189067
10000,11,0.729995053460675,0.13531913270657336,0.08504398826979465,0.12366412213740459,0.04141535599983616,0.2954758190327613,0.5227596824365122,0.7691584381487738,0.12066575246699468,0.036615568682573985,0.05191533682334022,0.005130232545247866,0.002627170808885748,0.10366739314280837,0.8602887309907324,0.06479031401822649,0.001087626264885233,0.03673506709985157,0.007125690515738373,0.016615714455870068,0.07406769626062865,0.2863121524558005,0.4421600386032671,0.17975464050549372,0.17975464050549372,0.02166970052557428,0.051865000796522676,0.3996971355985014
10000,12,0.7543081050380055,0.12626889957799098,0.06587615283267456,0.11428571428571427,0.024801546403282068,0.20076459684893422,0.5840611433256543,0.7686763352941078,0.12004514384184062,0.027165163336623888,0.05069696984468991,0.008634799798712678,0.00020237865024541613,0.06295959766638731,0.7810382286272375,0.10301601301474222,0.023172570286081218,0.03254802701899963,0.0025854433511619257,0.010103956519334267,0.080408696246132,0.2827169334315001,0.44696812577904865,0.17838737771258695,0.17838737771258695,0.019601893496914297,0.10508103584246697,0.33226542360979305
10000,13,0.6941638608305275,0.16021165576541485,0.04343620856414321,0.05429774911149138,0.004315247530825864,0.021155620075912318,0.6255818880087927,0.7615612903557408,0.12452018777610996,0.02760268422911516,0.055357551734363325,0.006886423687451418,0.00444630468536833,0.09307560763989792,0.7877314392313223,0.09978112062554056,0.02205677510002868,0.03663362564372845,0.0018974095971387994,0.0002383575084929923,0.0644558169107316,0.3064089955804116,0.42771445272541286,0.15357155670362,0.15357155670362,0.014623895041865391,0.07337189714903214,0.28634769194788956
10000,14,0.5342701462575279,0.23773971600058563,0.25911789652247663,0.25911789652247663,0.016068523747698543,0.0808457711442786,0.728904350712734,0.7573049945138615,0.12850481572468314,0.04461298316405493,0.05967099164393602,0.0036112665414810563,0.007755202181633614,0.06783134614340419,0.8546821746032958,0.06797384662108208,0.024596353952832106,0.024596353952832106,0.0014043097591617398,0.008734031822660637,0.08241582987875384,0.2956740081222064,0.43529229696273963,0.1972157349292074,0.1972157349292074,0.01277501431286044,0.10593630358870798,0.35891096697736
10000,15,0.7462462462462462,0.12866387514274835,0.14438502673796794,0.14438502673796794,0.04279708481436951,0.06471004243281475,0.6806682954882195,0.8146600354585434,0.09418254999005465,0.014998926512084454,0.03401321020314209,0.0034512395023880427,0.006980989787388592,0.053552449710812855,0.8489851497828901,0.07067053949407942,0.018626723109304688,0.022616803443980052,0.0020668641146319652,0.005627230638604375,0.047033289392959976,0.30387163862459754,0.42863310976543423,0.18703212841985095,0.18703212841985095,0.018618972868461363,0.11819746518541696,0.3327251295369691
10000,16,0.7298810924881296,0.1353973839988608,0.13909774436090228,0.13909774436090228,0.012025646226764698,0.04577984975063287,0.7643023205593883,0.7560338248751447,0.12476075457688074,0.02140246824826264,0.06294949429959797,0.009306900747153082,0.012815490819782616,0.0953963694078489,0.8313493225090908,0.07634658904353636,0.011459276018099485,0.020118996095880318,0.0018465624338879424,0.014977097917206805,0.07527486634131725,0.2886993828494489,0.4333017464589132,0.17240434866710375,0.17240434866710375,0.02719004150327573,0.08011170695705194,0.19220271879924988
10000,17,0.5182533733133433,0.25562848050914877,0.169047619047619,0.169047619047619,0.010587784988927804,0.06782106782106778,0.6114975841745245,0.771617363906879,0.11826957940536625,0.027083162055018928,0.05468109667847132,0.0073091516033734,0.005566887060638015,0.06380803808215482,0.8266893215161907,0.08066181756934526,0.028079904764669927,0.03508602811177919,0.004077897855932627,0.00803947482876377,0.05772698775393398,0.28463654403272687,0.4409014730893184,0.18563534292431638,0.18563534292431638,0.01538709258367358,0.08373373373373383,0.17358265259197098
10000,18,0.42280783582089554,0.29862451737451734,0.33507642799678206,0.33507642799678206,0.031230950615832538,0.03390191897654593,0.809241304349882,0.7588879276479052,0.12588153749801523,0.040463990306985664,0.040463990306985664,0.0006640086030995987,0.01663054348833759,0.0756474962225373,0.8557763508003808,0.0664013855859319,0.012158968299496031,0.015940564962010628,0.002304058303289537,0.013960864317388633,0.07315498462906056,0.2855738864937822,0.44257833916352474,0.21050070731553483,0.21050070731553483,0.01469397483767327,0.07819463476661359,0.18095335731575232
10000,19,0.7038522012578615,0.14726348709929638,0.15430622009569372,0.15430622009569372,0.04386099698621838,0.3463796477495108,0.6593800328995326,0.753932921216433,0.12888909266716075,0.04012373330295571,0.04328682372579498,0.00161788994967893,0.016433011410161624,0.05786606798854556,0.8427024295944817,0.07265854895991886,0.008780572119954977,0.01380650033922605,0.0004463409603415666,0.02554309119823739,0.050652157069267956,0.309491044819305,0.4262892811235539,0.17676290047918897,0.17676290047918897,0.015345271693159565,0.1053849902534113,0.16836112661038305
10000,20,0.7637397750511247,0.11922729618163058,0.03269230769230769,0.038295208831227945,0.019653860582008485,0.048166670645246046,0.6372801951473872,0.7271969239237885,0.14437692851355782,0.04996466344257744,0.04996466344257744,0.0009992749825604441,0.012971089313371209,0.06362978984749057,0.849963128402403,0.06842025597710688,0.015882085149029557,0.015882085149029557,0.002381161690051939,0.031835186541261384,0.05361881187022177,0.30699779167923336,0.4218133019462392,0.1644956291695422,0.1644956291695422,0.012070442717576478,0.10782922540642259,0.18087361812765324
10000,21,0.7365859449192783,0.1375441641356226,0.07789473684210535,0.07789473684210535,0.016241158990052088,0.02124970882832511,0.49570882057498605,0.7256092231659742,0.14899795059864085,0.04501302319802891,0.04653224978732702,0.004863368387634848,0.02075110849766204,0.08222260588168168,0.7971989270012957,0.09645623616851162,0.015353406071665465,0.04175789214996366,0.005133063594163448,0.007385750811666036,0.11000223749824511,0.28566009135324355,0.4541687364778041,0.18023050185986955,0.18023050185986955,0.01694525876218496,0.07070649461752332,0.21583868326458738
10000,22,0.5285965942454491,0.240100490489293,0.23711901306240923,0.23711901306240923,0.03424493362866963,0.1925845147219193,0.44823357591388413,0.734107342661355,0.1421112637135411,0.04827447880879665,0.04827447880879665,0.0022516171791425663,0.019109132962739528,0.04289774737674351,0.868954984973035,0.060367022906868406,0.013784437577701647,0.015271961896366038,8.623691917637732e-05,0.012784509621551088,0.047280832404079653,0.3213802471274372,0.41087141886786493,0.15273969939139398,0.15273969939139398,0.016998821271025706,0.088103662039977,0.1268842996045681
10000,23,0.7471278408379062,0.12928190773881965,0.1883353584447145,0.1883353584447145,0.03527777976339453,0.03185209329277128,0.5400032276882627,0.7517183103281772,0.12825862163579754,0.049105479015530196,0.049105479015530196,0.002667909124962238,0.01438739414728274,0.05727363054625012,0.8120510701197811,0.0862975317937415,0.035843796468943645,0.035843796468943645,0.001023766756845089,0.004410910758394837,0.08980911961459948,0.30818982180957216,0.41714002026138197,0.18882021422344009,0.18882021422344009,0.014202577646092375,0.07201887311305055,0.12152559871566404
10000,24,0.7016192733017378,0.15061802232854865,0.0886963696369637,0.0886963696369637,0.012494195532985579,0.20981437598736175,0.6462737116986883,0.7748985243824014,0.11483155524615674,0.028723764680279595,0.043154509142115105,0.00383172183366174,0.007145956708188739,0.054755894602066535,0.8169881469278802,0.08434108929937101,0.011497868761204177,0.030097999255701863,0.00939812748022538,0.004519864508530036,0.09722461527024112,0.2855816227933034,0.4413999064559893,0.20871592990378907,0.20871592990378907,0.014231348456922158,0.10029570270996813,0.13533512651018234
10000,25,0.49396135265700486,0.25611246943765276,0.1368494101318528,0.1368494101318528,0.01555458239532765,0.06772288005369054,0.5502733788590228,0.7363316744384273,0.14191411109973384,0.05499211365165502,0.057828904994465885,0.0030867533840358355,0.0009744329192853396,0.059754331969195607,0.8401337643503665,0.074921464440458,0.021638778340804743,0.0241160462676972,0.00036260980455665726,0.006812266544698242,0.12109645217042309,0.2892336514139297,0.44501741722542143,0.17356744533862223,0.17356744533862223,0.014505470714720997,0.11654834347532117,0.27087199311190724
10000,26,0.5798051704758337,0.21315214292502133,0.11499402628434885,0.11499402628434885,0.019136569269566264,0.0688311688311688,0.33696534120268895,0.7513402941376068,0.131749537702897,0.038476881125043105,0.05490371526025177,0.004881970883711791,0.00360933536275998,0.0527431186055245,0.8528660333608556,0.06859858491759857,0.00020661898056528738,0.03336156097820507,0.005323717781176768,0.007004772482350652,0.06262053349412378,0.28218256178996104,0.44593969431776703,0.20422812192723694,0.20422812192723694,0.02162696093353962,0.07580035680672037,0.14723330739627016
10000,27,0.6575415995705851,0.17360544217687074,0.051877384668747806,0.0607273155231258,0.016485171273398734,0.023251569572200315,0.5086594342340598,0.7944286247378671,0.10264438203905235,0.011993987781019233,0.04597788482259137,0.008354265416384933,0.0035692593394165417,0.0752129965911803,0.8420391859136879,0.07174639982790038,0.01624456216728254,0.03488181794443443,0.0029201637117353893,0.01324748858291569,0.11584688744824856,0.301728780697975,0.41975848225848233,0.16643570637336025,0.16643570637336025,0.018686938359645487,0.12014538601332703,0.3542021356279569
10000,28,0.4091276905648163,0.31226479644201166,0.27801204819277114,0.27801204819277114,0.027222961908320152,0.4977544910179641,0.8656844277458898,0.7743249399451648,0.11537905377023322,0.010368875782503006,0.052839665546380574,0.010071168323202283,0.0016271762208067697,0.06614695278531635,0.8329030719692099,0.07685901235110987,0.010464439035867579,0.016313940181362452,0.0002861901222493829,0.023143084048437235,0.08796124654725512,0.30165622256167235,0.4270255251512836,0.1261833320136061,0.13826617826617826,0.020723296584029043,0.06888287635246948,0.19395630661744023
10000,29,0.5320701913622268,0.2480503598564584,0.11742633263436697,0.11742633263436697,0.007435710615205746,0.1690801823545186,0.45401316821633364,0.7552904135290017,0.12998289755192677,0.03120276588548887,0.060851648714032064,0.010839971205328619,0.004705211682645705,0.08735525635998886,0.8209571392267896,0.08437595327134478,0.01882978928454404,0.027956538184144814,0.004321208241030487,0.008134722931397498,0.061490104123749334,0.2782812471393787,0.4520238504758628,0.2051983381876784,0.2051983381876784,0.015592040132619556,0.044474463843186984,0.14242096872832444
25000,0,0.6955359472975166,0.1524713096369243,0.04941963494595081,0.06444531598958504,0.014349476108003363,0.19741611485733956,0.3614217568569352,0.7751239822868219,0.11502122792342723,0.03203143146073928,0.04283589113775621,0.0037604276210003243,0.006535634919052291,0.03588923104518216,0.8415074498376756,0.07263586087379614,0.03396936087093949,0.03396936087093949,0.0020350423086322594,0.003980908603665956,0.062358320251645116,0.28930579399344464,0.4358748085233317,0.21096232481193622,0.21096232481193622,0.01294798423740312,0.08079044826788062,0.09439590960142719
25000,1,0.6301744867131142,0.191628435970506,0.045049347341610924,0.050948168111866254,0.013079013900212738,0.13338368580060422,0.6830574208066033,0.7711564954355121,0.11808194024686225,0.0332121182388061,0.04391414845622525,0.00445347493635391,0.006034817560357619,0.06214256212082753,0.8340200215625393,0.07666807514639623,0.014930252077895001,0.03214625591907842,0.0034469232696258956,0.00509160811491971,0.08614207461737,0.29404344549565437,0.4319643732507443,0.1739649294762341,0.1739649294762341,0.018453873326843007,0.08656900726392258,0.13715037197866142
25000,2,0.6872832805668627,0.1608600399387347,0.027459989997499323,0.06793439427624967,0.00863649341895309,0.14523809523809517,0.3511112547404063,0.7683629210806658,0.1191082681390288,0.0479337363495429,0.0479337363495429,0.0021237566664748797,0.0030615172911897526,0.04514565192384454,0.8240638012566545,0.08120207136555141,0.015913872145859598,0.028461069368555483,0.0027270325381514096,0.003926922335815375,0.052880101481491804,0.2930076609413051,0.4329933549759585,0.17918450395624486,0.17918450395624486,0.015570889162703327,0.07351417150318451,0.16689611016079253
25000,3,0.6059156285731481,0.1943708584700548,0.11979166666666663,0.11979166666666663,0.0179155857264807,0.19839911397503018,0.436081201338173,0.7354643570410894,0.13913776651750465,0.0461035735974924,0.05775309427446085,0.003127036769901455,0.002496314100960517,0.06219650507029889,0.8650205347770781,0.06151951591777993,0.013652597182054138,0.028604088335356104,0.00249729233779631,0.006495110136507165,0.05139674015784279,0.2939586299429114,0.43072756118226097,0.18786842364623868,0.18786842364623868,0.01947024731911181,0.04841275494455921,0.1267442444910376
25000,4,0.7811217886940001,0.10964742882365924,0.03945968092494789,0.04633333333333334,0.010763077781299889,0.10569277320385617,0.35700901702912624,0.7673201596722746,0.11964582317559574,0.04088941594320539,0.04505939740628355,0.0029393563276426185,0.006730565644391562,0.04191588448612389,0.8570525297745555,0.0652507405194826,0.017008056243353886,0.025232096712703364,0.001206605906284089,0.0003372371358973947,0.029597432560995146,0.2949878324938307,0.4313054663170981,0.19443277755792776,0.19443277755792776,0.01754599995327147,0.06512207573801021,0.1301903307540936
25000,5,0.5584477388094139,0.22462439110276428,0.13879041787517454,0.13879041787517454,0.006789333495148486,0.038807106598984786,0.548660442472822,0.7517313141793719,0.12950900754361167,0.03527202097583104,0.0525928249797003,0.004275362676337623,0.003638666743796981,0.032936578858914684,0.823302219993922,0.08153494009160583,0.02591916751622736,0.026788623562817124,0.0021929806838015403,0.006676336708870356,0.03748455043387233,0.28336141418069677,0.43906400620411923,0.19678347986273537,0.19678347986273537,0.01384135439407759,0.06633053849976756,0.1234750041702295
25000,6,0.7491640785825628,0.12824568661329183,0.040617469786227156,0.040617469786227156,0.016843907054842074,0.05923661293311089,0.3469199871319074,0.7599153871412558,0.12473507361166775,0.029537469858045617,0.04888618547754453,0.0055567115139097956,0.006319338284664799,0.041256903526492916,0.8231346214038795,0.08183075688884006,0.025695144719895313,0.025695144719895313,0.0003280715264860623,0.012759331909914184,0.04721657706968174,0.2994482998207345,0.43001103609051133,0.17768966147502685,0.17768966147502685,0.013399529729567032,0.08199901230545215,0.07052093032013096
25000,7,0.7012729205096568,0.14459815449387542,0.015941560579127323,0.039186507936507936,0.017970408503369763,0.09903911901248785,0.3632080004657058,0.7575353438046043,0.12465200851928804,0.037072707608532984,0.047761474374023366,0.005893901871318788,0.0053247601346260165,0.05598478892464903,0.8461036466444708,0.06985216434179575,0.01891176853266774,0.026963074423899766,0.0034383584851861854,0.0009288826481468337,0.05493854604127335,0.28251453882507727,0.43926992234756446,0.1903236986206418,0.1903236986206418,0.018114363676259716,0.07553914124844552,0.1316138600982427
25000,8,0.5872405692430155,0.210139269158158,0.05102040816326536,0.05102040816326536,0.009476874583294867,0.10269065090806762,0.5512077246136585,0.7695040492184068,0.11942795377284621,0.042063552485086975,0.04991037491706271,0.00325481901502931,0.0015760627409990846,0.06650351916701058,0.8313673109531415,0.07813803167794525,0.021481624184392256,0.03128698451173026,0.004361813609210917,0.0031518396302361307,0.05863600086941767,0.29699565058804217,0.4327540982544308,0.18985887822314884,0.18985887822314884,0.015320655946143243,0.09518418318335975,0.21120796046702084
25000,9,0.6368699986487907,0.18563972676337404,0.06920634920634916,0.06920634920634916,0.0066379701751013084,0.026653140274831788,0.32554528268033067,0.7692176396512082,0.11985672503317746,0.04872511565517379,0.04872511565517379,0.0015225853768105896,0.0024694562115666896,0.04282162890401359,0.8261723400786967,0.08105149381576926,0.016996666040689612,0.03204667162279652,0.0023980663300143604,0.0011339504782045262,0.03924070196503471,0.30626108547993336,0.4286469698581845,0.17362855105074937,0.17362855105074937,0.01626788365039266,0.06919940696812454,0.17059856428690723
25000,10,0.7864488271479754,0.10567480718450706,0.0465448450079089,0.0465448450079089,0.011803641265646946,0.04515861742424243,0.43725185651632464,0.7598647164844128,0.12407951098446807,0.04176234744885421,0.04654677644408671,0.003350938633762901,0.005092100578125813,0.05051801772472436,0.8220189592789648,0.08191755321651067,0.026193140699712902,0.0282373458724738,0.0002567142458253374,0.003093020352266662,0.0741940803419987,0.28746616274445436,0.43746356363541017,0.21533196354514628,0.21533196354514628,0.01803791601326913,0.08833750742299451,0.1193078443315011
25000,11,0.6637159705293548,0.1671483981019556,0.05416219783846221,0.05416219783846221,0.020805338285636875,0.10778566710700133,0.5686189468067873,0.7590990772386842,0.12441412038093974,0.03265328512976129,0.04604664151102138,0.0046869120886535096,0.00864516142216909,0.028847080926010127,0.8321359124168843,0.07696961984117245,0.032008295013913,0.032008295013913,0.0009788033670620894,0.004247454928071215,0.03746292502974474,0.29043652633281225,0.4331482512055522,0.19779596554392243,0.19779596554392243,0.015223765524551923,0.07458835209710957,0.13329243933701307
25000,12,0.6129234123299285,0.19692721652237316,0.018120805369127524,0.04894476874719353,0.010248265808521492,0.17856477166821993,0.33777272092747385,0.7801360941066091,0.11427467782640494,0.036155518893676075,0.036155518893676075,0.0013283943155448577,0.016611877042363554,0.04122370948174621,0.8330362246123313,0.07826684971197129,0.02054811836891901,0.030002717389063308,0.0026769894702514813,0.0008077268429124151,0.04532955358205237,0.29527213651803813,0.43785211631825693,0.17225735692482524,0.17225735692482524,0.013872596719952404,0.07344237777316809,0.15332721722781778
25000,13,0.5914929015084295,0.20965777130106106,0.11767151767151762,0.11767151767151762,0.01161459164731092,0.03774205334307634,0.22179614928786268,0.7718117323425263,0.11814861659101483,0.030857843230596704,0.04992680080798571,0.003689412548697861,0.0018505336707611564,0.048232178990668784,0.8479451176628535,0.07033397777897787,0.013050356360613802,0.02267400860551351,0.0023327710815308766,0.00600339529832461,0.037944246954256244,0.2787635799344682,0.44908320945797026,0.19871530599039122,0.19871530599039122,0.013913011695153105,0.06690852413200044,0.0812581905765633
25000,14,0.7363215233964056,0.12969994426635606,0.016901289009497944,0.05946661739344665,0.009591695890798918,0.13680465717981893,0.1846986037230861,0.7624097189491975,0.1218471132413384,0.03056577824962836,0.04674598209531923,0.005011118067109403,0.0036028817296628324,0.04962424527830245,0.8168503084841667,0.08398034542044391,0.019226499219810234,0.03276247239354593,0.005431091880078877,0.003497050407977431,0.04561373619459996,0.2906632997045736,0.43203789502731793,0.175234348610249,0.175234348610249,0.017084521580459776,0.06229172007177641,0.1883999283474439
25000,15,0.487469806763285,0.26285227624651597,0.24444444444444446,0.24444444444444446,0.021173601838240887,0.21917111619628782,0.7727129304195655,0.7590883966917046,0.12539045448413094,0.03641487839261526,0.04159443871711804,0.0034313282623993843,0.014383056706580355,0.030662346943601426,0.8437908986588704,0.07192188283701467,0.02262710026877124,0.02262710026877124,0.0006101675012631924,0.009594927953267551,0.03490315344901773,0.2893056891477592,0.43920814748611126,0.18388013692759186,0.18388013692759186,0.014426302666333685,0.08664215686274512,0.2850076127497675
25000,16,0.5414341806158297,0.2352629346904156,0.12289562289562295,0.12289562289562295,0.009556576719118325,0.09502762430939227,0.4420113603411619,0.7592806581790418,0.12474792159599185,0.0378856676050453,0.04991221729643777,0.004698433515311698,0.0025159740105811235,0.04720044865984219,0.8268294763801742,0.07974658382580391,0.019866390099894105,0.028449589024781452,0.003164439971865836,0.002639013755094899,0.06417655773117448,0.2969913558016017,0.43175660129639387,0.16739204758639847,0.16739204758639847,0.019512373771366477,0.06369049533181126,0.10727856371227829
25000,17,0.6552440290758048,0.17538298996302165,0.19936224035343997,0.19936224035343997,0.05871931366839202,0.26204569055036353,0.6631408882870966,0.7614980205730824,0.12144976067346835,0.025856078760329804,0.0454364877891819,0.00510766413044917,0.005719088277734818,0.037981557676662336,0.8261415788964024,0.07897860204038648,0.02467931099922971,0.02467931099922971,0.00028900587309273196,0.008505106279691699,0.045895105526600366,0.2882188282275536,0.4310646206443909,0.16446491197945023,0.16446491197945023,0.01638871392219681,0.08985449677068158,0.1252534859882959
25000,18,0.6506064356435645,0.17721908349026988,0.10054039458656705,0.10054039458656705,0.013173900859498218,0.05313485259140438,0.3773401658155577,0.768565818203133,0.11989963635259376,0.03602728537053801,0.04120604813710292,0.0017085921118234482,0.011210929018059312,0.0401478548840032,0.8242853317702644,0.08156042504122879,0.025220658282797737,0.029475766582843996,0.0011421885210454105,0.0017092163170201458,0.04466139723961893,0.29570293386727103,0.4350788360928638,0.18384682320231704,0.18384682320231704,0.01238489597873229,0.07749465653244902,0.12266801464174754
25000,19,0.7216568047337277,0.13885208265004922,0.17206609094993264,0.17206609094993264,0.03239910110980799,0.12573964497041423,0.3696017353873108,0.7746539972783608,0.11629336247632355,0.03623134290833441,0.041713802715065376,0.0014314998822556324,0.009092847231622736,0.055172377445134146,0.8232437884492063,0.08218074190717495,0.018162524773966404,0.041098908035126294,0.006468613472677923,0.015137327993397509,0.06597437857088384,0.28872203741739594,0.4382362416874769,0.1834096383061392,0.1834096383061392,0.015756376582980215,0.061229994605286886,0.15232332913287366
25000,20,0.6484122479462285,0.17898812565394068,0.06254653760238271,0.06254653760238271,0.016067455604323926,0.058932126696832565,0.6126637894631211,0.7755791227651572,0.11697339802760803,0.03376988874171838,0.04686394042350489,0.004059225611076078,0.0027383689310950254,0.057766270622665816,0.8436489534410568,0.07301181634794918,0.017243164410193024,0.031304684083467885,0.0027531788533328577,0.005156326658869892,0.09185485079057765,0.27859553961696043,0.4497901256053095,0.19759225077401044,0.19759225077401044,0.0154258120124873,0.0618518590109115,0.11474233554512725
25000,21,0.7117453743303471,0.14613287949033954,0.05613472333600644,0.08128932387895736,0.012342091747350216,0.20823456019962572,0.41252446194799897,0.7707697188525345,0.11988407604052209,0.03959152080456929,0.044048334116369006,0.0020787692438807986,0.007919248418907898,0.05612333179771861,0.8347680257342932,0.0772410802144266,0.026229410964349165,0.026229410964349165,0.00011277629961067848,0.007639961207064561,0.08349670661910158,0.3014082632396075,0.4335520951320603,0.18172762147923016,0.18172762147923016,0.014713936755912413,0.07709523623701064,0.146124637452563
25000,22,0.7890031614083676,0.10621656088583636,0.08806146572104012,0.08806146572104012,0.015000858037055823,0.08562280890033624,0.675049673363153,0.7543500912716132,0.1288473392233409,0.04031793411953766,0.04519733862436508,0.0032264969962446377,0.010510612189186919,0.038976647601623615,0.8511298687883738,0.06886034382055517,0.013050945065572694,0.028200780700959133,0.0035315149567883355,0.002576051254818079,0.032848283826520275,0.2995565685648672,0.4316483453702441,0.1867990878870298,0.1867990878870298,0.01496904946484054,0.06974964422221175,0.1504492867187584
25000,23,0.6485934200667529,0.18400684809359064,0.1546964304971422,0.1546964304971422,0.03897971578533046,0.22803850782190138,0.5517642276792205,0.7581636402056566,0.12657347871768332,0.026443721791915564,0.047807002356599404,0.006192162936274552,0.006497759640015532,0.04223177417527618,0.8278792091292503,0.0800416908015038,0.011474358712842858,0.03355012995340741,0.00294171569194112,0.005425264831534493,0.0671807133642156,0.305206940399699,0.4284449481014321,0.16956327580986974,0.16956327580986974,0.015319144465512712,0.07822289316426878,0.17835748015597208
25000,24,0.670937355905408,0.16778624928626612,0.04419560748674667,0.04419560748674667,0.02315671604237219,0.06246590289143483,0.35700901702912624,0.7475200997775059,0.13295791023796377,0.037190317074030865,0.05381580261712118,0.004544711319682024,0.0044257680871624405,0.048796563887515965,0.8378551214550105,0.07513374057599342,0.016799705013084032,0.020481193848028018,0.0013773614577912222,0.014289531229500385,0.04292263254580886,0.29268445802884824,0.43534745538667863,0.18194593335503828,0.18194593335503828,0.016138241109797537,0.05833991049093212,0.13326973860180225
25000,25,0.6822619047619047,0.1600887715930902,0.029090280179868477,0.04188741896936435,0.013720520326203418,0.03595959595959597,0.6069295570658764,0.7439390367354002,0.13440853668018893,0.03650289825106834,0.05879635508676405,0.0072524001860325635,0.0024866205657062546,0.04235241247923571,0.8445708443629472,0.07149398426877446,0.022170488288741463,0.034509600494173315,0.0036743320486970696,0.01202729174573991,0.04788662382955028,0.29566754517405675,0.4330466662998602,0.18374099019260304,0.18374099019260304,0.020216484804067708,0.07399473588966854,0.11833453043652964
25000,26,0.7163265306122449,0.140804051915163,0.05644816530103314,0.05644816530103314,0.009367266912913959,0.13338414634146345,0.31001548253062483,0.7586121593407467,0.12402815272636708,0.03630165160510712,0.04658328261710104,0.003735640259472893,0.005075868619393686,0.043939171038551494,0.8052025304904796,0.08962695498672252,0.02519842046097709,0.03356669515997074,0.0028282849598583737,0.0014059161054091884,0.05566026207430852,0.28224224754837,0.441142312874065,0.19366838148001575,0.19366838148001575,0.01761340194204951,0.07848259470977526,0.09942440158220772
25000,27,0.6176878758568485,0.1943185704514364,0.12309941520467838,0.12309941520467838,0.013918637860867875,0.2332730560578662,0.3353005252377724,0.7399952088396647,0.1375861053507389,0.044402383544763224,0.05538359184104989,0.0033139092835400494,0.00096410089889154,0.05419702148419821,0.8450412187520377,0.07151353298278185,0.03583684145648691,0.03583684145648691,0.0033251514212463903,0.027542479868061354,0.04610417788991644,0.29732419712159086,0.43169866297280757,0.18577668076267118,0.18577668076267118,0.014274820784971672,0.053985488759697775,0.06704427997498896
25000,28,0.7436587176973594,0.1323843583675942,0.045234923532095905,0.045234923532095905,0.010518972912750217,0.09245982694684796,0.22888164783597714,0.7719123920998507,0.11655381140245152,0.030650984581043206,0.04664324188438461,0.005274257939584956,0.0024922540910937707,0.03708326361714609,0.8471157950779514,0.06977956263928892,0.028236952370490065,0.028236952370490065,0.000713727566554842,0.007161657163854196,0.05458731147751644,0.31027229503929743,0.4154656444808162,0.16975707252874472,0.16975707252874472,0.01763279750377582,0.07636575616255836,0.09480003225854194
25000,29,0.7294252873563217,0.13601218615400784,0.03496226890022458,0.03496226890022458,0.016408671109160014,0.08150470219435735,0.34807586750502983,0.7629364103318657,0.12454777605376383,0.033846424207001014,0.05566616792359927,0.0042081298937623884,0.0027523405865458317,0.039458422377459446,0.8302572417108288,0.07937101703243304,0.024509096135270525,0.028914488926530715,0.0025814946878143785,0.0020746472450673403,0.05283051574227604,0.2948121481535657,0.43746063221858567,0.20592652481105878,0.20592652481105878,0.020081081889035866,0.08330983665106495,0.10238296164447741
50000,0,0.6395346401212283,0.183656986714675,0.09822328052019424,0.09822328052019424,0.012147427458488805,0.07591993313473788,0.3662209279806595,0.7549732077637749,0.12673891964642792,0.03483096303445088,0.05231483891569902,0.0061784729710572805,0.0003515577566103323,0.05117741191619052,0.8153718004399515,0.08490871081550322,0.030557217295279826,0.03254126788862223,0.0020306285806594854,0.0026688683710456296,0.04048876036014648,0.28938622297887645,0.4341421616695672,0.1940873683633404,0.1940873683633404,0.013849836129160797,0.07439362919405401,0.15511851720681646
50000,1,0.5722217631992068,0.2164030629305156,0.09157185976317617,0.09157185976317617,0.00810325743253646,0.04935064935064937,0.38043655773241813,0.7575144044907762,0.12551483075003744,0.03429985156556792,0.049123290457808735,0.003894869195097163,0.0033264068272274017,0.03945972821895144,0.828270511064696,0.07897318327264868,0.017295723570932453,0.0331638763136063,0.004826493225135835,0.005940713665498976,0.043589445488986245,0.2771978888369511,0.4401091815642454,0.20078068877748045,0.20078068877748045,0.015062946458164701,0.07338773561623324,0.08391541848002171
50000,2,0.6920884853168471,0.1598866372391653,0.07637362637362632,0.07637362637362632,0.010154205352244608,0.028734628049190247,0.22852059098433092,0.7507491762022945,0.13040868264710015,0.03950181868452207,0.048693781231193056,0.0036561422964632925,0.005673889180275116,0.02827892372128704,0.8218869445729559,0.08253683986275429,0.02394153178833891,0.030369681049329134,0.002609621276437331,0.0002801546191715243,0.05549018702034436,0.2865908239786356,0.44153241101551766,0.18186520605607448,0.18186520605607448,0.018223887375673202,0.07417500532254628,0.08454390008278284
50000,3,0.607630144189522,0.1965289473866606,0.07562532569046376,0.07562532569046376,0.009445511231002998,0.08630762935346004,0.49902722459080096,0.7617695237058645,0.12306705213574198,0.0423336230251492,0.04486775816653686,0.0026040507725185597,0.007688567968870297,0.05657603981095305,0.8307183835283318,0.07783968955808013,0.025518161205872247,0.02877336872217015,0.001952627829913789,0.0006541265407586927,0.043321377308262354,0.2984756675929767,0.4300486691472649,0.19021667577342394,0.19021667577342394,0.014679880168852938,0.08462332301341591,0.09725809719047512
50000,4,0.6590062772635386,0.1724787428694436,0.05128205128205132,0.05128205128205132,0.003785334973955966,0.10107140645321122,0.16209584912872066,0.7471395941137449,0.1332513537290716,0.037588905051055166,0.0477092906138703,0.004746145943688267,0.010827900222064923,0.04467475316532954,0.853516274724777,0.0675251484750159,0.01274604346129915,0.024370324045750263,0.00200951879409772,0.002775879948981097,0.02238739126717504,0.29664764841288943,0.43484726392350226,0.17333223169320666,0.17333223169320666,0.01493320042885437,0.07850975944805194,0.10200151512382749
50000,5,0.784134210917009,0.10714953809641681,0.018568632456812173,0.03992092119866815,0.007414359057169313,0.09446916719643983,0.4825981424454107,0.7721094196599682,0.11759690509371168,0.03401091632336095,0.048082288985155805,0.00351227591212782,0.0015323077669366914,0.034792513686878024,0.8317309225046049,0.07783994856826126,0.023188164436712344,0.023188164436712344,0.0005130290982614388,0.016477163988120824,0.02765841114057288,0.2947734249401063,0.43396791011714475,0.189987411051605,0.189987411051605,0.018108064456806884,0.06798726822664758,0.11885863226462456
50000,6,0.7354813508024498,0.13417135898206223,0.03820895522388057,0.049404325980293526,0.018454553137752884,0.11812153097013656,0.33021625109780905,0.7604757369011754,0.1252011104494729,0.036908101857476616,0.0468531009483146,0.0041418503811143995,0.008239923042737463,0.04797530651653781,0.8337675095602431,0.07721926803340695,0.014302270165848507,0.029848027366723887,0.003302323422122347,0.0006509362804937302,0.035112821455779764,0.29811294445735537,0.4328525484845531,0.18069364868194893,0.18069364868194893,0.015257081178592043,0.07477671369642269,0.10516519578589006
50000,7,0.5985074167986809,0.20090640189863418,0.0293993595251113,0.039679563005491275,0.007789298903059523,0.06174527104056016,0.21692583445148822,0.7638833088969199,0.12222254810246802,0.03076301673316606,0.04888002424344927,0.005511276110984155,0.0032340042911913613,0.04480098704120994,0.8345159881433658,0.07635898600586244,0.02160005404302423,0.025489488722282835,0.0025702872951076094,0.00511031287826369,0.05162267939651799,0.2968410794455653,0.42977538446748076,0.17926056312034555,0.17926056312034555,0.017768072824719615,0.06838869680219395,0.12875148634716693
50000,8,0.5568974771873322,0.22486118386589843,0.15312100788511518,0.15312100788511518,0.01466495785464271,0.12124089901867674,0.26505590153783265,0.7476450155452176,0.13224939767807242,0.034923518620444405,0.05345079241763996,0.005283450645351018,0.003404021565768467,0.04034458646942729,0.8402142437228712,0.07360584959568084,0.019900455654547122,0.027267088611615878,0.0025343864473258496,0.0010958834769624337,0.06499086542467747,0.2908148636228989,0.437732443853559,0.1827385743654929,0.1827385743654929,0.016465406483981704,0.07330320897852716,0.08284220322417968
50000,9,0.7023809523809524,0.15065913370998113,0.041393800480244436,0.0457561907712965,0.014057511046161743,0.024036077711040216,0.35369259801915987,0.756575651242613,0.126834595612141,0.03301797807950002,0.05176808885789971,0.0054406312023908415,0.002391193409637671,0.030804554664446274,0.8343958192747729,0.07642117427825063,0.01874470038880094,0.029536661073327627,0.0016118642384679235,0.0007848995619834653,0.06849287100123824,0.2871256684365648,0.43795896638624726,0.1929468697087019,0.1929468697087019,0.014722519850919151,0.04171461141717181,0.07139861710663398
50000,10,0.6506929448444531,0.17539767232206888,0.02532159622444219,0.04894280794230094,0.0062125761040425775,0.19586499819057956,0.5169161868426484,0.7646343532060517,0.12141243585028322,0.03786551209629829,0.042225346996209015,0.0035974078609427654,0.010265983788151245,0.027544017800636256,0.8262508088911555,0.08003294605322037,0.020924266972407457,0.0243789822411154,0.002356132268069411,0.00936149440106493,0.045238480804466186,0.2928341002947499,0.4341540856132783,0.19166236877111986,0.19166236877111986,0.015068207688246918,0.07390457643622206,0.0744572548825817
50000,11,0.6330237439968757,0.18573539790073829,0.07057622328894397,0.07057622328894397,0.008917125825903677,0.10753671218787497,0.24921445231145828,0.7614321509986968,0.12361840773024235,0.03993396278604611,0.04724115503710698,0.004430359172209172,0.006209689541440633,0.037402051853110185,0.8293384654993036,0.07865687876838579,0.011941510193483995,0.032306420991447524,0.004149332880209175,0.002290092322775883,0.023100294076098815,0.28554314162260563,0.44168857149605995,0.1929598236158746,0.1929598236158746,0.014913284501968431,0.06726361068376285,0.10022022611702153
50000,12,0.6896775346673564,0.15827491930676013,0.04501798232246268,0.04501798232246268,0.008566988682873956,0.10348936552902566,0.24758610923882174,0.7498433693559663,0.13101432767429716,0.04350811358581097,0.052107210964774955,0.003851115110183864,0.00251293407183506,0.0504143972978498,0.8308107576425143,0.07824850470245592,0.028913535217183317,0.028913535217183317,8.801791342012699e-05,0.0020320344250537303,0.06796164344404027,0.29447207844598927,0.4354083219548902,0.18342046626203956,0.18342046626203956,0.015678730498557288,0.061653667879965623,0.08815835594798827
50000,13,0.7073655823360863,0.14844391244870042,0.05151511965344657,0.05151511965344657,0.010980720467658661,0.10104853314961826,0.22143684806892183,0.7622836413167494,0.12420899992894718,0.03251063890481132,0.05313848883086747,0.005921343451900769,0.0007592709545954923,0.03665340613806051,0.827173704199916,0.08052658990877948,0.02565728525340416,0.027790572393536675,0.0014054691819204435,0.0038007135619038124,0.045490665608354464,0.28757409335388506,0.4416306059173144,0.17324888562316032,0.17324888562316032,0.019498044809196598,0.05283328109572616,0.061669532487634515
50000,14,0.711240369147405,0.14624530674062675,0.06410593703411382,0.06410593703411382,0.007473240953318257,0.11553414032201192,0.3880579041960029,0.7486877851223646,0.1309767370222239,0.038519809873799105,0.04800328059394862,0.005067969992737266,0.007622339054202065,0.042055774167463866,0.8348606600543886,0.07579054345154917,0.015601067855653628,0.029397042173354218,0.004024761797623587,0.0014340267523281769,0.08211007163141182,0.28668744287334424,0.43891247392548194,0.19059868917712242,0.19059868917712242,0.014036678339582137,0.07827850521117352,0.11006189360979313
50000,15,0.6883996212121212,0.15795410906298007,0.08717173625543173,0.08717173625543173,0.018211288249312438,0.1160436064193141,0.2587353404474203,0.7610618130523038,0.12352066539999323,0.036486096906519605,0.0477496147646298,0.004333881506759965,0.0033616691892554007,0.03856980201088478,0.8309745890186612,0.07770877552727817,0.013640595718486748,0.02703039864173651,0.004502810089920636,0.003482853562630117,0.034435497013308614,0.2826088504353614,0.4423721965676626,0.195048172735921,0.195048172735921,0.013723111540817616,0.08585186625592323,0.12451118247675774
50000,16,0.6930133079847909,0.15504080652904462,0.058786866644825686,0.058786866644825686,0.01296793022219854,0.09258555133079849,0.24987752246591055,0.7670995129891423,0.11995217317308354,0.0289578762919791,0.048650583498715066,0.005762280252480094,0.0037313799082692167,0.054066411707824,0.8308219193090013,0.0778940067467449,0.015360229215035992,0.026253617811956995,0.0036077582362354227,0.0066563886575797815,0.02828991489319005,0.28338606547788153,0.4412442321863502,0.1932742599497007,0.1932742599497007,0.014814759718132536,0.08570273444268317,0.06540179246459327
50000,17,0.6927404148334381,0.15523975865354078,0.07304460245636712,0.07304460245636712,0.010014902056498971,0.10334919637245221,0.47789369161905515,0.7602705553754529,0.12437328682078436,0.029039042471133647,0.04495700002148535,0.004938100928393606,0.009928957613069667,0.028300799877363225,0.8279379515634625,0.07942675654541648,0.021294652918032453,0.030205777262533484,0.0021025317612185512,0.000578854771806081,0.07818764057327388,0.288230929414299,0.43621123907344905,0.17385426146968175,0.17385426146968175,0.01621383568466967,0.08082330846149943,0.08009707373032504
50000,18,0.6056043613109735,0.20148956617854663,0.033575166260137124,0.06427662753942814,0.019519948570112106,0.018212736060722046,0.16416710973921175,0.7569554997711367,0.12655571609550276,0.04115217724341058,0.057307972059416915,0.004630068864528138,0.006125605595246886,0.05422342892983645,0.8306398493921163,0.07827632673243656,0.019973743389743337,0.025267752254097123,0.002216754478974077,0.007203503427697822,0.04192206110868546,0.2861092184739336,0.44021873911546583,0.20134398098117579,0.20134398098117579,0.014851319152669816,0.0751390619775677,0.07822168429849108
50000,19,0.6419078475082179,0.18221427558644482,0.010807888440100721,0.03267696909272183,0.011055493401701491,0.06428089454405239,0.1835705299467027,0.7618778624085489,0.1240483257197787,0.032294391183372295,0.04918184758844468,0.005343417446500347,0.0037548795504058763,0.026913551760478827,0.841692600244468,0.07324163347993601,0.011218111132056396,0.022885560600476126,0.00412035244735777,0.008624540981278517,0.0249176839551406,0.2925913355965709,0.4355073922100239,0.16851641415711205,0.16851641415711205,0.01745195734546099,0.08124118590482154,0.10671936211513747
50000,20,0.7050498552589258,0.14874290348742897,0.016696577361876686,0.03771692588155348,0.012065950533614138,0.12887483917658415,0.4480181153786001,0.758820694371434,0.12464269631885022,0.028751733561547255,0.047673833525403025,0.006259770886147806,0.0056245125125804485,0.04129696808009098,0.8371812821600749,0.07460233018253837,0.007352227518065191,0.028036913544883926,0.003947925213889994,0.000952357446388441,0.0617770024518296,0.28415609052477264,0.4397394018528529,0.1914478453939915,0.1914478453939915,0.014813560852317338,0.06894208393516288,0.0898794620197155
50000,21,0.6706139272635554,0.1696312007760733,0.02461055620858421,0.04389467592592591,0.003441079938414686,0.13976417078435632,0.4870009002837312,0.7549154266678006,0.12869640444143077,0.03850254659572716,0.05389551234177879,0.004952094527017767,0.000969528610740622,0.03133914268014887,0.8358843209922945,0.0762897969527645,0.023959827290252367,0.027840799338698707,0.0017382897930733887,0.0019607442477773684,0.027919957150929486,0.2974543612054132,0.43261589254187327,0.18445402680717626,0.18445402680717626,0.013996235406375124,0.09553614750121298,0.10311671228042352
50000,22,0.5935738872820113,0.2041567198713099,0.040063835748831544,0.04560543821399046,0.016619967315375177,0.05957185944434906,0.2559225087047204,0.7646588488682147,0.12115544726113564,0.03219184642101358,0.04264353176543233,0.003975730097896063,0.010638572832833315,0.044080204500346665,0.8420718040686734,0.07232657399255021,0.005967424595457627,0.025003913875001574,0.0048467571402474735,0.005486629577749258,0.04232876379725736,0.2861173080876294,0.43738190401699784,0.18008391676815727,0.18008391676815727,0.01703348791376509,0.07040982787688355,0.10475317284377184
50000,23,0.6826356633057664,0.15837602911557896,0.09553806517369268,0.09553806517369268,0.019875774226252786,0.07561523112736945,0.33825383258904407,0.7555751982971459,0.12661270699814237,0.03570274237166282,0.045736876086423836,0.0028094044858032116,0.009314033524737919,0.032029661243601626,0.8288713789378249,0.07867587772286583,0.0246614073626944,0.03007152044577381,0.0031206228590264368,0.0011596465833281222,0.023898531044898863,0.2880391076895149,0.4345082376023865,0.19138195521190104,0.19138195521190104,0.01596841634506537,0.08117355147614713,0.09099941599478356
50000,24,0.6850478620670211,0.16013834381664066,0.027844012542325602,0.027844012542325602,0.010952994304295527,0.08721212611810425,0.26718912126135497,0.7600262412468817,0.12479473882968695,0.044319449817680656,0.04839829201105787,0.0030511260949925706,0.003467606858663985,0.045878184925285115,0.8401154178098956,0.07374268484686447,0.017815032207752157,0.026826463261517178,0.002558420677090549,0.0019500761108308673,0.036941885755935044,0.298239762485047,0.43073829379636663,0.1783746185654751,0.1783746185654751,0.013810933860605723,0.05811895717599136,0.15144312343982308
50000,25,0.7848805123413305,0.10850460661652744,0.06730769230769229,0.06730769230769229,0.022365700671929313,0.11117004433185562,0.31083733843177874,0.7722211954553418,0.11803468273540546,0.03192779747405872,0.04433579718104272,0.0034597977160283483,0.007329120289751079,0.03395016158929534,0.834836569055326,0.07668984080940561,0.02191179784895947,0.025048191393330824,0.0011456426589900245,0.00664741884811082,0.04326683527702013,0.28975921781317987,0.4415234505963953,0.17766635226603356,0.17766635226603356,0.016051374226538705,0.06901895743391573,0.10042801137941815
50000,26,0.6462702606687686,0.18140420395800594,0.03329119694960214,0.04260154107352748,0.009156358941862931,0.0629950800167215,0.5596378841578632,0.7606330024242804,0.12438160104290957,0.02824674176937192,0.05217073269435363,0.00710032523206712,0.0024070214920095534,0.030441799564917105,0.82999552526647,0.07860608991854817,0.020544247835395324,0.025048298911826014,0.0013115779240431766,0.008536426609393244,0.04716717229592726,0.2828174753044951,0.44037582117931495,0.18533085127160875,0.18533085127160875,0.0177630726113948,0.06156191068423156,0.06414549480330334
50000,27,0.6375260781413753,0.18559319696390947,0.032796735347870754,0.03772758332478976,0.009969100503833365,0.08178053830227738,0.3281833303656749,0.7635604248830967,0.12243477643509204,0.0329938321005957,0.045742397733016665,0.004257944502330295,0.0072671294747678195,0.02344676987661143,0.8144449673298229,0.08611663226012511,0.021071090868462594,0.03270628474512366,0.0024047380850514555,0.0003279656075493298,0.050347569417471205,0.2969373646409809,0.4336456484220243,0.18787047446115746,0.18787047446115746,0.014591583195773479,0.08187696152850132,0.06378780188450323
50000,28,0.6192865105908584,0.19601090543836996,0.06056057374099144,0.06056057374099144,0.009006976191362662,0.06736831894461148,0.2501463758353356,0.7575149914105326,0.126422000990847,0.035137623014591335,0.05166599999131878,0.0054390543108884595,0.002311037725827414,0.03213354286661817,0.8164641657866049,0.0853519129340709,0.012931773684173753,0.034350940567689905,0.005385697669504294,0.0019995428222413514,0.03084053509129736,0.28740214007759207,0.4411699492433673,0.16856011118758718,0.16856011118758718,0.01866231644507902,0.06907879259151029,0.11664756819523725
50000,29,0.6440155547192803,0.17984455419101636,0.06797841060136145,0.06797841060136145,0.019306374224060445,0.0847470074171991,0.24785273134965446,0.761645646142496,0.12356547115688093,0.040259373998046244,0.0523204750858965,0.00464514243514557,0.0013557492126418103,0.050687967948645385,0.8274723856336036,0.07963396647719978,0.01948811095250136,0.02599042992136294,0.0030033744398740986,0.006994552064209514,0.029925502742564836,0.290930680047576,0.4369147738182857,0.18609254915577123,0.18609254915577123,0.015750239621563113,0.07082591948067185,0.10332128706786561
100000,0,0.6409568009767717,0.1833796573744107,0.0429544367835456,0.0429544367835456,0.004147384028447679,0.11160155638980129,0.24891029464427716,0.7648049475011891,0.12207320013053663,0.034826208810387116,0.04855824129982471,0.004515150560870644,0.003158881217624865,0.030995121871101275,0.8331912201049834,0.07714863128363464,0.020672696497071152,0.026951766865990587,0.0019116481576895161,0.0034679952741190068,0.042173830840400384,0.2951079726934988,0.4332939917031679,0.18747069376783565,0.18747069376783565,0.014706328975281319,0.0822681662981305,0.07934543242067804
100000,1,0.6433738277398907,0.1819261734645103,0.04711819536936657,0.04711819536936657,0.005488237031914124,0.06958263822688271,0.1572423513166823,0.7578458573691631,0.12560816630036287,0.03729508058434605,0.046974351797086825,0.004198879445659179,0.006285629784506419,0.03310825556960324,0.8407428029192341,0.07315336879644846,0.016276402145083524,0.02332851496990647,0.0021608940899290677,0.006993013556250149,0.043711157126510636,0.28914147723157196,0.43608167727788144,0.18140742346027827,0.18140742346027827,0.016270264281879138,0.07528565435783718,0.12376193481749098
100000,2,0.6058785891961064,0.20286076923646212,0.06363090961611095,0.06363090961611095,0.00515302816454917,0.06822760379245729,0.23179843650927628,0.767021372691631,0.12056036486035926,0.03145409721118353,0.04706594380756708,0.005476528463465233,0.005155484341712313,0.029601500133659087,0.8239052497325489,0.08161447408508826,0.019754307197261123,0.03133872204511727,0.003105103535666058,0.0003242549550672713,0.0431488269373016,0.2930106642830302,0.43335384612080685,0.17810775424859338,0.17810775424859338,0.015844529102475115,0.06474409362032496,0.07264541032549998
100000,3,0.6104902809475092,0.19481762293569632,0.09510125889436227,0.09510125889436227,0.004268844783492896,0.08889604810996565,0.21669766285348163,0.762854949578923,0.12241798017518402,0.03350890880327728,0.04707936138851526,0.0042626645269038185,0.004391770557309216,0.030640212692286742,0.827054250439896,0.0796369846997117,0.022067478754813408,0.028309934183267035,0.00272593583470139,0.0019066666429266022,0.039516656027100305,0.2871907952236605,0.43660752447402296,0.18086141396182598,0.18086141396182598,0.015985132619670293,0.0815629859811633,0.09214461015803965
100000,4,0.6491888291004333,0.17715063459899494,0.025324925652604913,0.031344659232667396,0.0055322245056630345,0.10093246068684869,0.2204111480595019,0.7578518418432773,0.1260364577715457,0.03458953912591811,0.04865073854765595,0.005342220047080168,0.004741762223521073,0.02783021184097423,0.8382412515279406,0.07455332680907739,0.013943023246712705,0.029715972513490493,0.003239020035597638,0.0022395218083837154,0.033949205226532664,0.292690018162119,0.43483845329865645,0.18000762718081242,0.18000762718081242,0.015509424239059239,0.07771198495973675,0.08330933422395637
100000,5,0.6697161483737419,0.16749166704372348,0.047442608045431656,0.047442608045431656,0.00569103012529544,0.10772833723653397,0.18886304695932993,0.7614576290360143,0.12338735373539861,0.03526725337349956,0.05225708385320206,0.005310339749334696,0.0016182098124275512,0.031948682256143224,0.8319402060256638,0.07737172067085513,0.019790893775776253,0.024606378780299587,0.0019394650860718038,0.007028044913552467,0.020692117404941812,0.29307373129519304,0.43320144644545844,0.18442891988186239,0.18442891988186239,0.015993107885358702,0.06423663163847593,0.050310302514597116
100000,6,0.636264516380258,0.18336693167833168,0.045909391694507695,0.045909391694507695,0.006307551805826976,0.11069250688051058,0.19508505654936975,0.7659498071712767,0.12112811046547495,0.0351276270021087,0.050575549921817176,0.004968693504902422,0.00022066645438834076,0.04530032976552212,0.8273012815724696,0.07991197284747326,0.019105212898145707,0.02665839388503348,0.002859042501620085,0.005800717281912893,0.047507400703982516,0.29037469480766104,0.43582921522041207,0.17968340229364166,0.17968340229364166,0.016356221631440175,0.06428642214353508,0.128720389508445
100000,7,0.6346015269188925,0.18476906992086,0.07543489956958394,0.07543489956958394,0.01355714534216821,0.0991729472286027,0.1925255099397209,0.7607028817933549,0.12456937553478842,0.03264510252461916,0.04903331730022775,0.00521896852610608,0.003745846707752354,0.028117461759668783,0.8327657256529674,0.07741414696889182,0.021171937998029633,0.025676567444561968,0.0011011710846538444,0.005150887624735034,0.04312980509447195,0.29551283417548246,0.4342785259022053,0.18011206041683436,0.18011206041683436,0.015086190490522143,0.07257880535254924,0.06441048276016381
100000,8,0.6960276852931138,0.1537448352575409,0.03382879461863941,0.03382879461863941,0.00542604581318893,0.10868193230617251,0.1954333816048029,0.7610757611760167,0.12375710750730073,0.03708911546375537,0.04920860341400454,0.00419432991190951,0.0031224815091347446,0.02810598800291174,0.8351453782258262,0.07589022738928675,0.01397700085727649,0.027814825492065806,0.003487177741675923,0.002285860329639511,0.0452635574343081,0.28854342068366,0.4373188698844944,0.19016000725803173,0.19016000725803173,0.015342794934536032,0.07382737202827161,0.09697804814687572
100000,9,0.6735351166042672,0.1661840851425357,0.03235815602836878,0.03235815602836878,0.010904280053475608,0.0937150156442863,0.11226164531954042,0.7684688756626454,0.11968339232940767,0.03240500881628783,0.045857418888112234,0.003936767625631318,0.006901336406231806,0.030769611066192026,0.8306328342147871,0.07833881520118563,0.018864825420538023,0.02874005994078875,0.00326606485867946,0.002619745254062056,0.016732988625046907,0.29093803595402523,0.4354461025584251,0.1850830300299139,0.1850830300299139,0.016986734912888928,0.07825670699766019,0.10013843798968391
100000,10,0.6841358993090068,0.16130204739369347,0.025327071452532657,0.03378908396221751,0.009024890808353302,0.08401546624984568,0.238580947840891,0.7618510371834418,0.12395937309697314,0.037597942574631116,0.044196489680259826,0.0033076472375722227,0.009337861607795928,0.037500935022365345,0.830308534096592,0.07873385980630765,0.021987095352598907,0.028483862026752696,0.002077535031028331,0.0018376867661701324,0.040024503253149435,0.2931041698329438,0.43623692440262796,0.18186618162161372,0.18186618162161372,0.01559632025364839,0.06877898253070536,0.05287415233310988
100000,11,0.6666820864866866,0.1691059123936839,0.04183998415382972,0.04183998415382972,0.005832867050778949,0.10477727477877918,0.2147602151157541,0.7617657446998815,0.12344552582915858,0.03358295864648264,0.04590120294848095,0.0041910822769733735,0.008064440709830478,0.028478444109760748,0.8332170277153925,0.07687353354019516,0.0186840692670186,0.028302181709517385,0.002701455577043106,0.0017183727386136383,0.03368395750912012,0.29064855818757807,0.4355745434818865,0.18199968547727963,0.18199968547727963,0.014880327931006701,0.06848330130260993,0.06975829473310324
100000,12,0.6695096396656937,0.16917259188656653,0.0687567235285077,0.0687567235285077,0.004809345672105003,0.08679674904064638,0.46550852230327494,0.7609255566633433,0.12425553860157079,0.033614667777329355,0.049918205100315444,0.005351144162235408,0.0026597929674663234,0.03248539749991586,0.8290647367679131,0.07907593463863449,0.020017303180717816,0.02899581763799039,0.002705429282861424,0.0012774679738977168,0.03364361398405202,0.2883935439863356,0.4369422908896836,0.18740217394017922,0.18740217394017922,0.016090392457999543,0.06804875671866684,0.06560071404566636
100000,13,0.703765680080223,0.14978458667081418,0.03181084848021998,0.03451755374254949,0.007372710745273223,0.1152715298500151,0.2448222387598301,0.7629382132462621,0.12324913535228255,0.03607074934769727,0.04910771427639783,0.004991028288235486,0.0023418018444207878,0.03444905268896098,0.8332891080988052,0.07718092600556575,0.01648434430098278,0.027757211131703666,0.0034903175917457493,0.0023018508098795465,0.0320406485476773,0.2928279841777581,0.4340972596774677,0.1827282922521034,0.1827282922521034,0.016434845077468827,0.07034018344363169,0.12982328744491844
100000,14,0.6676539618631143,0.1680329665156432,0.06867916058803725,0.06867916058803725,0.008217610769167882,0.09405748717143902,0.19263296903370203,0.7614758837308522,0.12362217638895617,0.0312501771269007,0.05127007017430196,0.005846297094271959,0.0010762113127578132,0.028566485266855457,0.840242694298639,0.07352901066416001,0.01648497104912683,0.027049542477888794,0.002323118653728508,0.001564877539550591,0.03348720675476258,0.2854141102654084,0.4398119731783948,0.18414677482156838,0.18414677482156838,0.0165288961912103,0.07106981416373681,0.08386575437424881
100000,15,0.6581613902451829,0.17312805786002977,0.03087727899494408,0.03716804396804227,0.007021915333975608,0.09317569996597408,0.16249222435509714,0.7610024700323259,0.12389821548891228,0.032311404973050295,0.04917810749245828,0.005530257901883939,0.004688208205708144,0.023344029508275355,0.8250680296684202,0.08077445379386827,0.020652738049080854,0.0321203352580017,0.002696509050246869,0.0020637631066103834,0.039471968416985304,0.28686394970349127,0.4366254692320525,0.18697547905518663,0.18697547905518663,0.015453198373516074,0.07219857920875439,0.07906300322701731
100000,16,0.622671396749443,0.19062908606862938,0.05693237492400671,0.05693237492400671,0.00960977404638369,0.1140309467610805,0.31934994540646816,0.762794652685972,0.12312216018851901,0.03097656568323859,0.04686243358750282,0.0052923240763401574,0.006525071285657602,0.02318637119742023,0.836518642680942,0.07551215284643403,0.017643977993664683,0.026416575030109204,0.0022600345457332582,0.0036999905432686386,0.03734926189521548,0.2956150050907438,0.4320195141793437,0.18016108950389875,0.18016108950389875,0.014584226455668932,0.07249630714983446,0.05748106763167518
100000,17,0.6679358511897711,0.16653900183781528,0.056445543489947236,0.056445543489947236,0.010740946140543849,0.09910878517094468,0.2362231422740606,0.7630609675446686,0.12321813723660002,0.03557414430072103,0.04762512473743752,0.004261586867293693,0.0048652812634317755,0.03259398157362148,0.832560524853165,0.07755625761675516,0.018039578471991002,0.026108690217614514,0.002377229988322953,0.005386365976579044,0.0339019072684551,0.29256415834639465,0.4358981425963712,0.1817584000995437,0.1817584000995437,0.016049862949311586,0.06825380035661388,0.07548719316374719
100000,18,0.6431035739885069,0.18167471519173467,0.053927584598270295,0.053927584598270295,0.008695357311607983,0.09563162096899824,0.14696263042663066,0.7611094148813121,0.12352536899476596,0.03312763517418549,0.04856180533234483,0.004751798201709019,0.004001471050823491,0.034141665996574366,0.832206157796451,0.07722055573516695,0.01839525382392515,0.030512684447632735,0.002620234787378925,0.00211810560427228,0.053530970119099686,0.29030940360333796,0.43517186030302074,0.18604526326104764,0.18604526326104764,0.015669700682264552,0.06799679158061145,0.0446853296714769
100000,19,0.6620051653589679,0.17107150102049684,0.019288922702139777,0.03510711738551399,0.008472487777275613,0.11285532767225814,0.20980997097968312,0.7569545689696251,0.1262686357542866,0.03510684491886462,0.05199380325026,0.005406648423833746,0.0015257617415774805,0.02600581907213051,0.8372555530781647,0.07487885272033046,0.013945329961343345,0.02613441401605708,0.002339425858439173,0.004434966540473262,0.03466770181868828,0.29099513304796154,0.43504789669812716,0.1848140312890434,0.1848140312890434,0.014763017857072,0.069686720580455,0.06216429353255115
100000,20,0.6129439336578331,0.1958048335613315,0.049530516431924854,0.049530516431924854,0.008179209271548638,0.07733744660654962,0.1707885769495185,0.7662103863611353,0.12052760717274846,0.03090151533282881,0.0470574036314899,0.00562765852775747,0.004391205240967255,0.030448866730102997,0.8330245500627295,0.0768716038005946,0.019843416900756083,0.026194523700364167,0.0018729634743014784,0.004405849559801611,0.034464643054719524,0.28933027722212834,0.4361579102712252,0.17596216591209735,0.17596216591209735,0.017622667583985077,0.06351867029342706,0.06567455558687796
100000,21,0.6348991319133883,0.1862640647318613,0.04117507955357458,0.04117507955357458,0.004578957688463864,0.12022909763331968,0.1534325962957755,0.7631769156736616,0.12254968405209032,0.03270137022887043,0.04813601299356014,0.005426045045140153,0.003919900843094237,0.029486212375945953,0.8276523029367485,0.07955877222195501,0.019005886591432097,0.027934415264447426,0.0023537324806514603,0.00331517216000643,0.04845697175850883,0.29190811800773714,0.4351874886457916,0.1808164707069687,0.1808164707069687,0.01667658898698774,0.07056190240510352,0.10526648504545955
100000,22,0.627992216002698,0.19084292050415635,0.038427864684971724,0.038427864684971724,0.009464122495894157,0.11821067459696355,0.27481436918728075,0.765408304254175,0.12157030146128611,0.03490114158920887,0.04929704958243791,0.004101793018321649,0.0025019464797654267,0.03114636532466125,0.8382940523510564,0.07468574988136878,0.01753902950428554,0.027918170802338674,0.0018950810298086276,0.0013043230033029651,0.03657615140286086,0.294841773401324,0.43238623202439214,0.1771004943159441,0.1771004943159441,0.01581562597358542,0.06690578817733994,0.04504259412739006
100000,23,0.5648234886945518,0.21982785391165666,0.0875702899250489,0.0875702899250489,0.0037214630580121866,0.11541911966544649,0.15633682926395953,0.75814199901048,0.12602317582895345,0.03555548664797137,0.051388849101941844,0.005294693197997927,0.0014692891632065441,0.03653876229815006,0.8342609860904271,0.07662425550723184,0.018642755248737375,0.026220313470139534,0.002597029203596113,0.004359155850659158,0.038335611924031676,0.2917625881556567,0.4366230407404934,0.18233787767831822,0.18233787767831822,0.015537986706132725,0.07809145709301535,0.0707422738454615
100000,24,0.6803690757255958,0.16204003674461648,0.049899971490645956,0.049899971490645956,0.010653782745247795,0.11544582713541096,0.22947135407217456,0.7635812483862514,0.12259343550713464,0.033516350566859754,0.047003004682019164,0.0039005674313016617,0.005392154247593317,0.02682593052265353,0.8327514455489557,0.07733617422372707,0.018133611744527545,0.027211950704292054,0.002128438757430573,0.0033536052874688638,0.03588985875588513,0.2970587557825079,0.43284486467571587,0.17833115018053147,0.17833115018053147,0.015317646281805847,0.07639885460081519,0.06527174837084404
100000,25,0.6792349726775956,0.1638662850762082,0.03777895425893418,0.03777895425893418,0.007479347253456017,0.11700787401574808,0.24239007329735301,0.7656386955724418,0.12129744081465382,0.03623425755685539,0.047380003291722775,0.00394772717228236,0.0047768557352462215,0.02889188667784498,0.8305173117030037,0.07837209494621306,0.019218374435966856,0.027863127118255185,0.0021027128936443526,0.0036320097788732353,0.034536984076055655,0.2943450694006806,0.43282210302208934,0.18512447290972844,0.18512447290972844,0.015478257968215996,0.08067361253298622,0.07821756151221959
100000,26,0.6436141246240039,0.18121941848917367,0.05940860215053767,0.05940860215053767,0.010836514251104247,0.10608436568919555,0.2825231230188006,0.757644963704939,0.1261936530297802,0.03992383933907717,0.047073193860853624,0.003594660537746576,0.0069406835653842425,0.028098569859843436,0.823894679842935,0.08154410913401056,0.020882787477429776,0.02756756879371361,0.0013318235372857049,0.005370574248471205,0.035377594580546456,0.28607095995792586,0.44018021858476547,0.1947580182851606,0.1947580182851606,0.015283324934659129,0.07254609648826083,0.06709567179193388
100000,27,0.6515243960531067,0.17737066982077782,0.060646403408159855,0.060646403408159855,0.004656556644807006,0.0455923001409555,0.330535902370511,0.7536062147102442,0.12848529224198874,0.038737889370290435,0.051119089317480174,0.005049383359456337,0.0031333684703418463,0.03719844805263628,0.8295928036907744,0.07867763975866487,0.014901769884847704,0.031788309621050684,0.003756959233339588,0.0026722296071840512,0.05136805109115683,0.2917728452193744,0.4354660105758372,0.18684543103358286,0.18684543103358286,0.016756570820197873,0.07304286512275304,0.07127684889573604
100000,28,0.6447366168908494,0.17986694221287597,0.06886393567616267,0.06886393567616267,0.003653771389482613,0.09223053701581307,0.18964483395200793,0.7607190878414057,0.12412676985042836,0.03557190260187615,0.0484295685777774,0.004909011350438142,0.004852315103551996,0.024681201639283112,0.8275437210538721,0.07970200853883469,0.021113777290500013,0.028145474818316057,0.0023825742495296107,0.0034299465440996713,0.0426224996579343,0.28904773065452677,0.4362431185765639,0.18734590956684272,0.18734590956684272,0.014138166704588638,0.07208880914918747,0.06856895576532418
100000,29,0.6518323127649552,0.17662126642771803,0.050606266581884274,0.050606266581884274,0.0076772907303828755,0.1135439300239568,0.28467159823550076,0.7636459194954225,0.12261721806523601,0.03159439467133873,0.0497502376198589,0.005672606343099552,0.0032638276683303324,0.025675878265286556,0.8312073185838104,0.07805373500069718,0.021012090998749344,0.027268246426008835,0.0014500031662888907,0.00407891494544288,0.029596003926063097,0.28813073494252783,0.43799573032355005,0.18874565665603094,0.18874565665603094,0.01571607075565986,0.07476859938138936,0.1142432740994428
185026,0,0.6544165607499193,0.1750373181573635,0.04885667182373199,0.04885667182373199,0.005030839755385,0.09419197866293716,0.19161130567604728,0.7621560583200926,0.12335089543153499,0.035053438162021555,0.04836476587169211,0.0046629915690038215,0.0041757339753409894,0.025500078717358265,0.8318995300145732,0.07762284936157182,0.01893774972020046,0.027698004141714458,0.0025047816462097985,0.0028415399031442856,0.035817994105511564,0.2914071258666016,0.4354350041166579,0.18409338690176047,0.18409338690176047,0.015685291621209844,0.0722234797930501,0.07199886062161076
185026,0,0.6544165607499193,0.1750373181573635,0.04885667182373199,0.04885667182373199,0.005030839755385,0.09419197866293716,0.19161130567604728,0.7621560583200926,0.12335089543153499,0.035053438162021555,0.04836476587169211,0.0046629915690038215,0.0041757339753409894,0.025500078717358265,0.8318995300145732,0.07762284936157182,0.01893774972020046,0.027698004141714458,0.0025047816462097985,0.0028415399031442856,0.035817994105511564,0.2914071258666016,0.4354350041166579,0.18409338690176047,0.18409338690176047,0.015685291621209844,0.0722234797930501,0.07199886062161076
185026,0,0.6544165607499193,0.1750373181573635,0.04885667182373199,0.04885667182373199,0.005030839755385,0.09419197866293716,0.19161130567604728,0.7621560583200926,0.12335089543153499,0.035053438162021555,0.04836476587169211,0.0046629915690038215,0.0041757339753409894,0.025500078717358265,0.8318995300145732,0.07762284936157182,0.01893774972020046,0.027698004141714458,0.0025047816462097985,0.0028415399031442856,0.035817994105511564,0.2914071258666016,0.4354350041166579,0.18409338690176047,0.18409338690176047,0.015685291621209844,0.0722234797930501,0.07199886062161076
