{
  "method": "AFCE + Hospital Calibration",
  "accuracy": 0.878519775599105,
  "f1": 0.8645335486942739,
  "auc": 0.9535538442373911,
  "precision": 0.8685590418639573,
  "recall": 0.8605451971300362,
  "base_accuracy": 0.8786765103282782,
  "base_f1": 0.8637698749848283,
  "overfit_gap": 0.024844895757005436,
  "n_features": 48,
  "global_threshold": 0.49000000000000016,
  "age_alpha": 0.0,
  "alpha_config": {
    "RACE": 1.0,
    "ETHNICITY": 1.0,
    "SEX": 1.0,
    "AGE_GROUP": 0.0
  },
  "fairness": {
    "RACE": {
      "DI": 0.803319849140476,
      "DI_before": 0.6128471428931115,
      "WTPR": 0.8579216807393125,
      "WTPR_before": 0.8181818181818182,
      "SPD": 0.09900668705458271,
      "EOD": 0.06415624133860953,
      "PPV_Ratio": 0.8231600963912931,
      "fair": "True"
    },
    "ETHNICITY": {
      "DI": 0.8514023362481951,
      "DI_before": 0.8336962608690319,
      "WTPR": 0.8557635175282234,
      "WTPR_before": 0.8409090909090909,
      "SPD": 0.0691325545790652,
      "EOD": 0.006310908441689467,
      "PPV_Ratio": 0.9886102856681415,
      "fair": "True"
    },
    "SEX": {
      "DI": 0.8024493997670887,
      "DI_before": 0.7895346044331653,
      "WTPR": 0.8572111686313645,
      "WTPR_before": 0.8470238466496185,
      "SPD": 0.10077401037333289,
      "EOD": 0.007883733062396647,
      "PPV_Ratio": 0.9758022273701646,
      "fair": "True"
    },
    "AGE_GROUP": {
      "DI": 0.2572074811295952,
      "DI_before": 0.2518069744960501,
      "WTPR": 0.7381596162232883,
      "WTPR_before": 0.7262102049716529,
      "SPD": 0.5792492636310425,
      "EOD": 0.20145478901498015,
      "PPV_Ratio": 0.916098762387585,
      "fair": "False"
    }
  },
  "per_attr_thresholds": {
    "RACE": {
      "Asian/PI": 0.4746260977166769,
      "Black": 0.5539210403834902,
      "Hispanic": 0.49000000000000016,
      "Other/Unknown": 0.2923037676716906,
      "White": 0.49000000000000016
    },
    "ETHNICITY": {
      "Hispanic": 0.49000000000000016,
      "Non-Hispanic": 0.49000000000000016
    },
    "SEX": {
      "Female": 0.49457630247635637,
      "Male": 0.4747456584121461
    },
    "AGE_GROUP": {
      "Elderly (65+)": 0.5036457533978437,
      "Middle-aged (45-64)": 0.36900712883040127,
      "Pediatric (0-17)": 0.22440813977562873,
      "Unknown": 0.832421621979627,
      "Young Adult (18-44)": 0.05
    }
  },
  "pareto": [
    {
      "alpha": 0.0,
      "acc": 0.8786657010366111,
      "f1": 0.864525628492463,
      "race_di": 0.7991955496313398,
      "sex_di": 0.801905230178073,
      "eth_di": 0.8502679412805962,
      "age_di": 0.255960159926757
    },
    {
      "alpha": 0.05,
      "acc": 0.8786494870991104,
      "f1": 0.8649077945910171,
      "race_di": 0.8030501183610833,
      "sex_di": 0.8044093751459181,
      "eth_di": 0.8534953315514802,
      "age_di": 0.26670660926352696
    },
    {
      "alpha": 0.1,
      "acc": 0.8785143709532715,
      "f1": 0.8651411704004127,
      "race_di": 0.8041354230991659,
      "sex_di": 0.8064742847768849,
      "eth_di": 0.8580498922995553,
      "age_di": 0.27800088337570655
    },
    {
      "alpha": 0.15,
      "acc": 0.8782765665365948,
      "f1": 0.8652603618263617,
      "race_di": 0.8048661707260876,
      "sex_di": 0.8084591647898363,
      "eth_di": 0.8616621731938839,
      "age_di": 0.2891764217494795
    },
    {
      "alpha": 0.2,
      "acc": 0.8776982694324041,
      "f1": 0.8649909612137628,
      "race_di": 0.8053006267025205,
      "sex_di": 0.8108923362651748,
      "eth_di": 0.8651686735582278,
      "age_di": 0.30096100024157574
    },
    {
      "alpha": 0.25,
      "acc": 0.8773469674532228,
      "f1": 0.8649906003855031,
      "race_di": 0.8063517580544428,
      "sex_di": 0.813906310413947,
      "eth_di": 0.8686204114201893,
      "age_di": 0.3124611368001444
    },
    {
      "alpha": 0.3,
      "acc": 0.8764714148281864,
      "f1": 0.8644365361803085,
      "race_di": 0.8095721682271865,
      "sex_di": 0.8170254756319164,
      "eth_di": 0.8731560541355632,
      "age_di": 0.3258426042496192
    },
    {
      "alpha": 0.35,
      "acc": 0.8756228854323176,
      "f1": 0.8639403094496243,
      "race_di": 0.8110357404171884,
      "sex_di": 0.8195238915169263,
      "eth_di": 0.877336885583856,
      "age_di": 0.33964191990701564
    },
    {
      "alpha": 0.4,
      "acc": 0.874736523515614,
      "f1": 0.8634534603533702,
      "race_di": 0.8158122170253812,
      "sex_di": 0.8222505019691131,
      "eth_di": 0.8812725014621346,
      "age_di": 0.3559912520806376
    },
    {
      "alpha": 0.45,
      "acc": 0.8736555943489023,
      "f1": 0.8627522354060131,
      "race_di": 0.8163615353899706,
      "sex_di": 0.8248209346892587,
      "eth_di": 0.8844578694487395,
      "age_di": 0.3722825594302483
    },
    {
      "alpha": 0.5,
      "acc": 0.8721206749321717,
      "f1": 0.8616275329688002,
      "race_di": 0.8218688054015885,
      "sex_di": 0.8288530129939452,
      "eth_di": 0.8890312670426376,
      "age_di": 0.39138202940484307
    },
    {
      "alpha": 0.55,
      "acc": 0.8703101185779296,
      "f1": 0.8601843543519048,
      "race_di": 0.822673916805615,
      "sex_di": 0.8315542805341186,
      "eth_di": 0.8939941494917913,
      "age_di": 0.40904162423149765
    },
    {
      "alpha": 0.6,
      "acc": 0.8682617578070109,
      "f1": 0.8585767746801659,
      "race_di": 0.8257153340439789,
      "sex_di": 0.8364457140396553,
      "eth_di": 0.9004062834579181,
      "age_di": 0.4314684812158578
    },
    {
      "alpha": 0.65,
      "acc": 0.8657594067860733,
      "f1": 0.8565222916690736,
      "race_di": 0.8312438359556378,
      "sex_di": 0.8416492309136362,
      "eth_di": 0.9048950382239516,
      "age_di": 0.45554398764323933
    },
    {
      "alpha": 0.7,
      "acc": 0.8628841352026202,
      "f1": 0.8541702592400988,
      "race_di": 0.8322945008500713,
      "sex_di": 0.8470506822453862,
      "eth_di": 0.9101760772787099,
      "age_di": 0.481763127696142
    },
    {
      "alpha": 0.75,
      "acc": 0.8596845848691536,
      "f1": 0.8515625893357422,
      "race_di": 0.8383682605150993,
      "sex_di": 0.8533868274845068,
      "eth_di": 0.9173395944437264,
      "age_di": 0.5129410915472504
    },
    {
      "alpha": 0.8,
      "acc": 0.8554527471814772,
      "f1": 0.8480112748413055,
      "race_di": 0.8457857409512769,
      "sex_di": 0.861912605604931,
      "eth_di": 0.926085766581935,
      "age_di": 0.5490185391419959
    },
    {
      "alpha": 0.85,
      "acc": 0.8498643433895777,
      "f1": 0.8433759394680905,
      "race_di": 0.8535505396142956,
      "sex_di": 0.8724084193016665,
      "eth_di": 0.9386641531461986,
      "age_di": 0.5979833446276399
    },
    {
      "alpha": 0.9,
      "acc": 0.8422546020559273,
      "f1": 0.837005143326241,
      "race_di": 0.8696534660134446,
      "sex_di": 0.8872148348115848,
      "eth_di": 0.9515549002512569,
      "age_di": 0.6616402183412493
    },
    {
      "alpha": 0.95,
      "acc": 0.8332126295763839,
      "f1": 0.829555496641923,
      "race_di": 0.8872884069513673,
      "sex_di": 0.9029813988444592,
      "eth_di": 0.9631508424199936,
      "age_di": 0.7356401702319173
    },
    {
      "alpha": 1.0,
      "acc": 0.8289321500762055,
      "f1": 0.8260687987690956,
      "race_di": 0.887977641661474,
      "sex_di": 0.9031749496776115,
      "eth_di": 0.9630399243067657,
      "age_di": 0.7763258598502621
    }
  ]
}