Attribute,DI,WTPR,SPD,EOD,PPV_Ratio,DI_Fair
RACE,0.5957490590771837,0.7445887445887446,0.21347926507607473,0.11724844734553475,0.9082844017684444,No
ETHNICITY,0.8107618866528236,0.809863339275104,0.09173439804450179,0.03479224267263947,0.9972643295446731,Yes
SEX,0.7831159756237926,0.8243206719474417,0.11555875397216075,0.028149041787060458,0.975767934320827,No
AGE_GROUP,0.5176608604894914,0.803339768993666,0.36933396968233223,0.12088690113890488,0.9265196118329955,No
