Feature,Mean,Std,Min,Median,Max
PAT_AGE,12.971650409456853,4.733393964102812,0.0,14.0,21.0
TOTAL_CHARGES,36610.167312361096,50641.10539086959,-3346933.0,23055.485,3940927.55
LENGTH_OF_STAY,5.349063048572738,13.202160349179511,1.0,3.0,9999.0
PAT_STATUS,1.896384067934383,4.354613003176251,0.0,0.0,22.0
TYPE_OF_ADMISSION,1.0054608659558462,0.9200357869316608,0.0,1.0,4.0
SOURCE_OF_ADMISSION,3.746266462586799,2.8928132424595048,0.0,2.0,9.0
