Attribute,Unique_Values,Overall_LOS_Rate,Min_Group_Rate,Max_Group_Rate,Base_Rate_Ratio
RACE,5,0.4504533426725815,0.33448474381116866,0.522662569871194,0.6399630719559654
SEX_CODE,2,0.4504533426725815,0.41116175064864124,0.5182971398929523,0.7932934971116403
ETHNICITY,2,0.4504533426725815,0.3966575260664252,0.4708732362441208,0.8423870705209947
AGE_GROUP,2,0.4504533426725815,0.39722339911647475,0.6648478853950415,0.5974650861383898
