N,Rep,DI_RACE,SPD_RACE,EOPP_RACE,EOD_RACE,TI_RACE,PP_RACE,CAL_RACE,DI_SEX,SPD_SEX,EOPP_SEX,EOD_SEX,TI_SEX,PP_SEX,CAL_SEX,DI_ETHNICITY,SPD_ETHNICITY,EOPP_ETHNICITY,EOD_ETHNICITY,TI_ETHNICITY,PP_ETHNICITY,CAL_ETHNICITY,DI_AGE_GROUP,SPD_AGE_GROUP,EOPP_AGE_GROUP,EOD_AGE_GROUP,TI_AGE_GROUP,PP_AGE_GROUP,CAL_AGE_GROUP
1000,0,0.641025641025641,0.1866666666666667,0.16666666666666663,0.1694915254237288,0.04800350551395863,0.15714285714285714,0.6021999994750538,0.7128066940859453,0.1495965131084352,0.06519640114110159,0.06519640114110159,0.013488639059456957,0.03590527119938891,0.16866901547230295,0.7822342927168549,0.09849154395793702,0.0010271903323263443,0.03934624697336561,0.005325129744738574,0.005991387380640312,0.26213508914830913,0.26037075447238783,0.477527619685303,0.2658730158730159,0.2658730158730159,0.04723468845278711,0.17948717948717952,0.6177233381998396
1000,1,0.5333333333333333,0.35,0.16666666666666663,0.21428571428571427,0.012087064633141756,0.375,0.5868221830664259,0.7060966257668713,0.16215358578379518,0.06749671019333936,0.07285475260935384,0.0006595186113738105,0.008161089238845176,0.2231392658378642,0.9619443556124081,0.017165524702488277,0.0095643939393939,0.014468966616205878,0.008245714504759395,0.011743317610062864,0.23690240804642204,0.28964108745145306,0.4410285191652116,0.2109158186864014,0.2109158186864014,0.025677200829968543,0.11315473810475807,0.7769192188549767
1000,2,0.0,0.47692307692307695,0.25526315789473686,0.25526315789473686,0.01619604805240149,0.13970588235294112,0.5027958162173878,0.8043702747556702,0.09187031296004439,0.0159567650702781,0.05033333333333333,0.0028849843154496596,0.019111545032950872,0.15472911079494228,0.7619080707361985,0.10455199629778422,0.0199184624344787,0.07937522835221045,0.016636932772659208,0.07352024922118383,0.2997112481291935,0.26464117338920906,0.43492719198595475,0.28260869565217384,0.28260869565217384,0.049438533837972136,0.19444444444444442,0.8303361486513979
1000,3,0.4678362573099415,0.25277777777777777,0.25,0.25,0.01816782720024794,0.24242424242424243,0.5103357658506553,0.7444985749320607,0.13417393271724187,0.049750957854406086,0.049750957854406086,0.009126972314134882,0.07296346528778508,0.27560198443840034,0.7793310551931242,0.10349684312773189,0.023990710085487033,0.06011976427349344,0.006523041612835463,0.04507337526205457,0.32790806687043283,0.2301097046413502,0.47998148089691384,0.2509259259259259,0.2509259259259259,0.031332392622133255,0.1768968456947997,0.4538509211367088
1000,4,0.0,0.5,0.07070707070707061,0.18181818181818182,0.019597149781220874,0.11525423728813555,0.8622354241299941,0.8166597205863699,0.08761842082474586,0.04687642498860012,0.04687642498860012,0.00691831011006179,0.002321424426027785,0.2531363735099149,0.830536912751678,0.07531692766592091,0.06129216695254436,0.06129216695254436,0.007776884367563401,0.07768065268065272,0.23506326482715612,0.30808823529411766,0.4210918854415274,0.23161764705882348,0.23161764705882348,0.0393908351799388,0.11639549436795993,0.5221679225444357
1000,5,0.0,0.5,0.08708708708708712,0.14285714285714285,0.0705102571867041,0.07592752372735123,0.8185176938680276,0.7357185097575399,0.13319226298691622,0.11018317820561851,0.11018317820561851,0.011836052669366388,0.015014809751651814,0.19022303146516661,0.9311475409836066,0.029577464788732355,0.018207941483803447,0.018207941483803447,0.003330486860180712,0.009242509892594786,0.16248346624944354,0.35277028429134677,0.38348360655737707,0.17725347852389595,0.17725347852389595,0.010133711604317426,0.196078431372549,0.5905158826097463
1000,6,0.0,0.5333333333333333,0.2432432432432432,0.2432432432432432,0.025487331135192207,0.15322580645161288,0.3472953790671154,0.7839506172839507,0.10802469135802467,0.0681960375391032,0.0681960375391032,0.008639995232180973,0.0012079455977093145,0.10259515434586486,0.712068591274148,0.13428899721095977,0.10994983277591974,0.10994983277591974,0.006413194201861129,0.004575163398692794,0.1469004615245053,0.2697047198325971,0.4247464503042596,0.3914053426248547,0.3914053426248547,0.03388216466403533,0.23363095238095233,0.7574071894441118
1000,7,0.7360959651035985,0.15052304212609563,0.2666666666666667,0.2666666666666667,0.03432241937185496,0.13090909090909086,0.6124695965690433,0.6632029155748321,0.18836331783572535,0.08657164291072772,0.08657164291072772,0.0016687911977071312,0.0037353580056437297,0.15747227155587917,0.8124937531234382,0.087536745835472,0.009116854288885312,0.045431514946799534,0.007579145849640027,0.020729029424681578,0.3251518590242641,0.27019540692989524,0.45633758463234136,0.2159420289855073,0.2159420289855073,0.035209927205476346,0.019841269841269882,0.7321664987620259
1000,8,0.0,0.5153846153846153,0.8837209302325582,0.8837209302325582,0.02068305715224141,0.15506329113924056,0.33691486781021807,0.8005784865540964,0.10773941505648821,0.04357443043574427,0.06900120752113162,0.0060017636496058,0.024978311162521694,0.18384055185414183,0.7063551197607764,0.15102881289247927,0.030678559212776624,0.08737603859555079,0.013593811046272754,0.04014329076540246,0.15862280906222237,0.3172161172161172,0.45098427361706805,0.23318450237649435,0.23318450237649435,0.010049384074867468,0.07398452611218564,0.6270758043119522
1000,9,0.0,0.5263157894736842,0.1694915254237288,0.1694915254237288,0.06398801605689824,0.14035087719298245,0.4336747865585342,0.8017174082747853,0.09609079445145019,0.013874788494077861,0.03042991177706203,0.010897660260226157,0.011251758087201025,0.19524305378718193,0.7104251754683718,0.13386380777388024,0.039436201780415514,0.07715717866093806,0.012349241004094444,0.06314806788250582,0.24663796227032203,0.22304832713754646,0.48379629629629634,0.249441170493802,0.249441170493802,0.012501058822201545,0.08823529411764697,0.8119801649019533
1000,10,0.5194805194805195,0.2883116883116883,0.20481927710843373,0.20481927710843373,0.029871207338763625,0.13523131672597866,0.6258459083197863,0.7978542605391366,0.10079132970332744,0.036701386041171125,0.06182726903217066,0.006486790024762684,0.029860882900646257,0.2890641152811718,0.6652583174484642,0.16161596994250366,0.08315724717147677,0.08315724717147677,0.0029235834486761245,0.0020496191379363315,0.1760385037724661,0.28783398184176395,0.4178691019786911,0.20331882034009696,0.20331882034009696,0.01988953694732585,0.15546218487394958,0.6801293668502818
1000,11,0.7166666666666667,0.13178294573643412,0.16666666666666663,0.16666666666666663,0.03759746501380805,0.20833333333333337,0.8758381457984743,0.7373597439948152,0.13954999978477123,0.029646748101683773,0.029646748101683773,0.011694889449327395,0.08182382133995048,0.2913467619042509,0.9805043138376471,0.008679229267464561,0.009648991784914185,0.011677535024671976,0.0007360711101031536,0.025580125580125568,0.2035376821422099,0.2138839922773441,0.4924023345075976,0.20879120879120883,0.22502666192676857,0.041206445989545565,0.09698996655518399,0.5532221417110602
1000,12,0.3666666666666667,0.3454545454545454,0.33333333333333337,0.33333333333333337,0.022963897553169813,0.33333333333333337,0.6323361032918832,0.7785693454984793,0.11465861287886958,0.022043515532514157,0.05465855348374854,0.004164571133393899,0.007275132275132323,0.15341312501808435,0.8497110460462106,0.06969624540401448,0.004399895860452974,0.08049003892832608,0.00979726823498607,0.08145488951967494,0.3366142617421555,0.2667564664359154,0.4314162177345733,0.3125,0.3125,0.07951919762098361,0.19999999999999996,0.34031712513851586
1000,13,0.3873015873015873,0.35154826958105645,0.33333333333333337,0.33333333333333337,0.011429880208468579,0.16049382716049387,0.7924591964703949,0.7325573192239859,0.13296156004489335,0.07880952380952388,0.07880952380952388,0.008270344437033339,0.005786924939467308,0.4681139501302647,0.8908975865497605,0.04633753071253072,0.01692343604108304,0.01692343604108304,0.00042887922556732183,0.03696846631629236,0.3120324184886441,0.3043322225070495,0.3855705842236872,0.1597222222222222,0.16580310880829016,0.022247223195682717,0.18181818181818177,0.473150234460499
1000,14,0.0,0.47058823529411764,0.030864197530864113,0.15625,0.03678447995085706,0.09962406015037595,0.6195022975468281,0.7176188847074924,0.14195789763346173,0.05467341859067887,0.05467341859067887,0.0062943366962056255,0.025509720246562395,0.17602124033001204,0.7666607721780135,0.10261874024647577,0.002012383900928838,0.04704532415375788,0.015389361931029612,0.026013986013985968,0.2810616759847039,0.18578497525865945,0.4869518428840463,0.1897275761817594,0.1897275761817594,0.05821737887491716,0.10504201680672276,0.48762985778229595
1000,15,0.6652892561983471,0.16007905138339923,0.22972972972972971,0.22972972972972971,0.06314022062644203,0.19718309859154926,0.5329196689910844,0.756286013619696,0.1334624211130236,0.038972030931404666,0.038972030931404666,0.003118352853427951,0.04407114624505937,0.146555219600743,0.7705881075446293,0.1117883920398326,0.10742062646494788,0.10742062646494788,0.017188018401799385,0.02831116252168886,0.2541876710856277,0.2271845874773253,0.4970530847062137,0.33591331269349844,0.33591331269349844,0.027963407726426304,0.22242647058823528,0.5532527753541787
1000,16,0.328042328042328,0.3413978494623656,0.18644067796610164,0.23076923076923078,0.07159493504057626,0.23809523809523814,0.4596719652496659,0.6988587974791346,0.16631390809463342,0.08943608804227887,0.08943608804227887,0.0020354116026727043,0.01644868811682587,0.13640468812833417,0.8227149140763601,0.0835878221531487,0.024033464317404052,0.07414765444757754,0.021913010987628122,0.06229871992638902,0.1452682583059316,0.29818181818181816,0.4447004608294931,0.29166666666666674,0.29166666666666674,0.029833975693690618,0.18829268292682932,0.6014208307854192
1000,17,0.0,0.5092592592592593,0.07756813417190767,0.21818181818181817,0.03742718443463116,0.12095959595959593,0.5793091382405595,0.742509769865393,0.137026964574557,0.013605051664753232,0.030926216640502366,0.0025481363544709867,0.04780219780219774,0.13126342601038038,0.7844270519767209,0.10191844247518927,0.044386359194840797,0.044386359194840797,0.003922526737220995,0.030411255411255445,0.35048036081832595,0.2469586374695864,0.4743295019157088,0.2533702039405461,0.2533702039405461,0.03538721478736138,0.12982456140350873,0.603133205552402
1000,18,0.5,0.3333333333333333,0.1428571428571429,0.1428571428571429,0.029759104203008785,0.10996563573883167,0.5698169343385993,0.8439518993336266,0.07907558739967169,0.017132697591724533,0.02917409387997623,0.006433417465899788,0.002293759392549277,0.34379395319907935,0.9660244727935433,0.015673792937785258,0.04405025868440504,0.0492352609402475,0.020006101616388907,0.05471982863541203,0.45214294031743296,0.35728307813113463,0.3997557997557998,0.11465721040189125,0.15083798882681565,0.042444537203027086,0.15217391304347827,0.4745226064176933
1000,19,0.47619047619047616,0.275,0.1797752808988764,0.1797752808988764,0.03410848311617522,0.18181818181818177,0.4591391637078898,0.7575575575575576,0.12742003367003363,0.06439393939393934,0.07814027370478983,0.0018454687219653515,0.03741881416300019,0.20331818369176852,0.8007411903773043,0.09342840451188639,0.01355042016806729,0.0655589840968431,0.016811859577994213,0.0491547538007715,0.3804910123036426,0.27877913962989664,0.4538717483363581,0.2524717514124294,0.2524717514124294,0.026327608499798226,0.1325342465753424,0.8469296883589554
1000,20,0.11764705882352941,0.8823529411764706,0.6666666666666667,0.944954128440367,0.03731182247965154,0.4154929577464789,0.5627422551377406,0.7163215471033393,0.15942878751184364,0.06903299025554732,0.06903299025554732,0.005973477502787088,0.010629107981220631,0.14773833991404728,0.8010923038439091,0.09727999347524668,0.04980237154150202,0.04980237154150202,0.002454411204621351,0.023729715349827152,0.37752263729123336,0.3382352941176471,0.41860465116279066,0.14425770308123254,0.15868090633569057,0.02852767582518361,0.07142857142857151,0.8178148991814539
1000,21,0.4612476370510397,0.30470420527441194,0.22580645161290325,0.22580645161290325,0.021018473941649178,0.16666666666666663,0.35177368038619294,0.714572864321608,0.15146666666666664,0.015131780570027509,0.05622978641647186,0.010862464373732332,0.004177003159256176,0.15962471012763602,0.801526390258543,0.091645672370186,0.06991045697818032,0.06991045697818032,0.0049932589526118926,0.0478452270620946,0.17613579888264064,0.2730582524271845,0.4264724919093851,0.2642140468227425,0.2642140468227425,0.03877805811905863,0.09090909090909083,0.5875977972485948
1000,22,0.0,0.4781297134238311,0.09393924943970244,0.11428571428571428,0.023473881114821793,0.12618296529968454,0.46188187142917503,0.7973364784510295,0.10820171065750123,0.07070860174308446,0.07070860174308446,0.0013469198446895564,0.008965848965849066,0.21739626943526552,0.9448614413604934,0.025960759630812458,0.02026696484729895,0.02253313696612666,0.008422351374521062,0.018473361412842726,0.2797718557674105,0.3070432480141218,0.4272715399016065,0.23333333333333328,0.23333333333333328,0.060318425248927776,0.17948717948717952,0.6821494417725605
1000,23,0.625,0.2,0.07637345188948874,0.2578616352201258,0.01787354240316346,0.9375,0.7108553231534873,0.7153247738915943,0.15869825823284683,0.08095747208363036,0.0887330754352031,0.0031916941179636407,0.020023790642347383,0.1839176518797101,0.7405157759442763,0.12671657580773338,0.08383665615479174,0.08383665615479174,0.00047536946298842864,0.012611786287548665,0.22561221294031325,0.2790495360262009,0.462564708715019,0.3782051282051282,0.3782051282051282,0.023669851883344868,0.22616407982261633,0.5493608148418458
1000,24,0.65015479876161,0.15826330532212884,0.2857142857142857,0.2857142857142857,0.01844548795311625,0.1428571428571429,0.3179340703628134,0.8060018903591682,0.09418377882298956,0.007549361207897731,0.025122807017543852,0.003139093742714774,0.020352478081946734,0.16474969251303717,0.8012875873439586,0.08967953877069634,0.0019592934846179855,0.0563452081084323,0.009524805163939755,0.037776812852800656,0.19477013336592286,0.23721129475600614,0.44252076128150436,0.21930894308943083,0.21930894308943083,0.023543726279756205,0.14396887159533078,0.5922100141131841
1000,25,0.6111111111111112,0.2121212121212121,0.1558441558441559,0.1558441558441559,0.03231166749958421,0.1384083044982699,0.46188187142917503,0.7121172838051241,0.15667611632053569,0.08025118101163731,0.08025118101163731,0.009101810956468857,0.00873725394798186,0.2381438377530356,0.870891310903373,0.0597261802746169,0.02692249355376919,0.03273170731707317,0.017184963004806694,0.009677074422583365,0.31078791554561314,0.31148644857190955,0.4047234225022265,0.19725962674226316,0.19725962674226316,0.02665345995827228,0.07843137254901955,0.6617276379983279
1000,26,0.14285714285714285,0.8571428571428572,0.1282051282051282,0.22033898305084745,0.020450131866636537,0.18055555555555558,0.2889106564404692,0.7985788047645827,0.10152938296419411,0.010472647099352361,0.06795183982683983,0.028304067195592163,0.02493438320209973,0.23711747331181976,0.8529062870699882,0.06751171803463685,0.021388378502526395,0.05542986425339366,0.006750650699266829,0.045454545454545525,0.3468094146781705,0.27133984028393965,0.4281096861641122,0.0766009852216748,0.16593337523570084,0.03923875440323908,0.1403162055335968,0.6084265636333164
1000,27,0.633167023045854,0.20578435292549652,0.17142857142857137,0.17142857142857137,0.019461766368860663,0.25,0.5330975203374895,0.7762474095329188,0.11821979650966918,0.02397280009220304,0.07229098180606262,0.016430870927927672,0.01974540860946461,0.17354719656512402,0.8758434547908233,0.05869218500797446,0.04051459293394777,0.04051459293394777,8.02234065096219e-06,0.006418613980543553,0.17194396155384645,0.26577307712445675,0.4669197216395299,0.28883183568677784,0.28883183568677784,0.021729321998226685,0.15000000000000002,0.5721705856388848
1000,28,0.33055555555555555,0.33753501400560226,0.2588235294117647,0.2588235294117647,0.05253719139929651,0.125,0.3024696829446045,0.7684868195823348,0.1167080142379463,0.04988100155386399,0.04988100155386399,0.002016536055166461,0.0030045952633439565,0.167469331250303,0.7956165120344224,0.09297773427942257,0.045264531245839734,0.045264531245839734,0.0007525900226724377,0.008296956750565077,0.14380278821125636,0.24934706549056326,0.4454961980892962,0.24086021505376343,0.24086021505376343,0.04448237603343334,0.16666666666666663,0.6976528190752231
1000,29,0.75,0.125,0.22943722943722944,0.241025641025641,0.023303222952629564,0.2272727272727273,0.7548926478957342,0.8443259317295536,0.07509480800037793,0.00033370875568339287,0.028804965469009527,0.002073704542562116,0.006973287281948126,0.16809979054220958,0.7926504769617484,0.09594654441573103,0.011194450710579673,0.01891891891891892,0.009787180628115205,0.035757297700292456,0.14652238895002512,0.35647038685381716,0.38460358056265986,0.13888888888888884,0.14890945142101786,0.02970672817450112,0.08732394366197183,0.8578938032153675
5000,0,0.6151615575807788,0.18399683105565456,0.19346846846846855,0.19346846846846855,0.016840867762454324,0.08571428571428563,0.7920933035282736,0.7955033951221522,0.10292320872564947,0.035711224103878725,0.05408676921636113,0.004328419178216282,0.013964021926551218,0.07652595338463514,0.8218187976851633,0.08203318947312932,0.048928660018307535,0.048928660018307535,0.0075640141816630466,0.02285542007852459,0.1539024546400909,0.28695015443604216,0.43838865856603215,0.20513833992094865,0.20513833992094865,0.020319693483514624,0.1325477618184353,0.4490730598639424
5000,1,0.48186119873817035,0.26882160392798693,0.19095477386934678,0.19095477386934678,0.02549348853526829,0.15851735015772872,0.7852271433511175,0.7670128008219194,0.12166015838813188,0.03162338226892225,0.05328422344996929,0.004643877226511918,0.0011907509940535244,0.10959814614142849,0.803539417979328,0.09260027978976543,0.03516822982893919,0.03722929433639249,0.001952486052963165,0.0021651015835452148,0.1506733293708692,0.3001306202286052,0.43167712088699156,0.18457358629581877,0.18457358629581877,0.01178300879017008,0.061282467532467466,0.6498401014074092
5000,2,0.6764423076923077,0.16741293532338308,0.096551724137931,0.1108910891089109,0.015037970086981114,0.32921245421245426,0.7716114542492094,0.7831643943637607,0.11060865956540006,0.03539575970848097,0.03550827423167849,0.0009236673081496408,0.017369110080477368,0.06311098507072266,0.7698465729156265,0.10812065495379619,0.026868047423887598,0.03947841048008573,0.006556887377112228,0.0065054577888522536,0.1257968448848389,0.3028233445774225,0.43862107460360833,0.1836371480962139,0.1836371480962139,0.030886798418454736,0.08344089603197735,0.3641333944415852
5000,3,0.40638977635782747,0.2921383647798742,0.20833333333333337,0.20833333333333337,0.049315479369418304,0.2662406815761449,0.9100014603310022,0.7463344889777686,0.1308394547592882,0.05224840154766586,0.05224840154766586,0.005301157936254401,0.013327021811164186,0.13284849145872202,0.8945424738669817,0.04707294043591154,0.028977342314758014,0.028977342314758014,0.006073009870820711,0.03607684208435147,0.06654348631313384,0.2810600097407263,0.44131590810187393,0.218591934381408,0.218591934381408,0.021028025885759895,0.13062073748699576,0.33737970339109524
5000,4,0.41025641025641024,0.3194444444444444,0.15885947046843174,0.15885947046843174,0.023372245643751142,0.3952380952380953,0.7852271433511175,0.7754462771780138,0.11568670535224357,0.058329841075400624,0.058329841075400624,0.00031814242616168276,0.008896707334925091,0.14137713081725267,0.845873233014136,0.07100840336134451,0.009035206260820439,0.017666036618764022,0.006501868005682886,0.018671032054094816,0.0818608421630469,0.31149747918834203,0.42316496285927596,0.1679056590067075,0.1679056590067075,0.01336878485569664,0.07061248325375291,0.1780856991424281
5000,5,0.642967741935484,0.18324503311258272,0.1639240506329115,0.1639240506329115,0.028227201738353393,0.1515151515151515,0.39069725921927284,0.783690638117775,0.11173440722293992,0.04783373280210457,0.057591475380554966,0.0035852272557450465,0.011444483896845159,0.08410222258824146,0.8597463369795978,0.06503791355564004,0.0010840424417731809,0.03404315949874005,0.007049173827985207,0.008355521204836958,0.0680831904916161,0.31046515016287946,0.4253354719263682,0.17193627984163184,0.17314439730790085,0.01618043772944546,0.04324622745675377,0.3054789173927017
5000,6,0.7906265722357676,0.10135071844732951,0.14840085287846483,0.14840085287846483,0.027338552014206062,0.09950449994943877,0.665861523359734,0.78299528866611,0.11020340043663956,0.03284350573103212,0.03284350573103212,0.0036244532786221598,0.014764317868499743,0.08034854459756252,0.858956973754838,0.06400271779192224,0.0060400243109315355,0.01675578977280065,0.00202147953668573,0.011641146859883045,0.07618323406758198,0.3100523077757,0.4162905546834118,0.19756179965088116,0.19756179965088116,0.012474033529761348,0.09619164619164622,0.1626023571888754
5000,7,0.7306107156238292,0.1301357466063348,0.23166023166023164,0.23166023166023164,0.03560778991409558,0.13888888888888884,0.5406471502883856,0.7377901650343875,0.13979774353329666,0.04658652870764857,0.04658652870764857,0.003212295017985818,0.0369727968981034,0.13130079332899536,0.7765753801300042,0.10567874818728118,0.016814349835202136,0.05696675108503686,0.008704293810264406,0.027672245368735693,0.14832214276175326,0.27481617647058826,0.4462669683257919,0.21310160427807479,0.21310160427807479,0.02142509354797585,0.04957545465494406,0.19419620945600202
5000,8,0.6758974358974359,0.15983813859382906,0.21621621621621623,0.21621621621621623,0.01454555067303822,0.16307692307692312,0.42414878640022824,0.7590700229747278,0.12547045894944925,0.04670633600670182,0.04670633600670182,0.0033335412558521266,0.012706153872070858,0.10061168462540748,0.8634654156327543,0.06248447425387704,0.01511457982046216,0.04808614302613265,0.015543525981257265,0.030953421578421514,0.09768765076924812,0.28179138867736936,0.447027592507097,0.20389850667371479,0.20389850667371479,0.02191243405875431,0.0864906238040567,0.23327881012467488
5000,9,0.7089382940108894,0.14157241379310342,0.14603174603174596,0.14603174603174596,0.01674104811829949,0.06753246753246744,0.8495141552830368,0.7745038086440983,0.11502645697783298,0.044901845640367255,0.04723505372462099,0.0019398174875881885,0.004583672547906148,0.11338298940825009,0.8481077679418697,0.06937243328900411,0.00732649625888937,0.04227330054075666,0.006897647010075628,0.020256165126433356,0.11455079160012072,0.2764791176400675,0.4511119608358751,0.2126176016898511,0.2126176016898511,0.018645059272668733,0.0851627137341423,0.26397391617593496
5000,10,0.5407537248028046,0.24264876128733504,0.19794344473007708,0.19794344473007708,0.03601022376306186,0.14877300613496935,0.6585874027048475,0.7847303478353367,0.111378646119978,0.026695231618643622,0.04105194257120463,0.006678995544128791,0.009840218238503562,0.08165893040228589,0.8331058074654941,0.07803198467130579,0.03645599880472139,0.03645599880472139,0.0012116936116880611,0.02271260807846176,0.09938645670335139,0.29676971475319297,0.43935763692942714,0.18208475100525823,0.18208475100525823,0.022011194729573032,0.08016249153689914,0.32333479575524515
5000,11,0.6550788412174551,0.16381051898293275,0.15192307692307694,0.15192307692307694,0.04465050881260578,0.09679224170085787,0.6121465479876318,0.7755224867332915,0.11710284142786581,0.010863089810458249,0.056638750930737766,0.00884638336192442,0.003901405287160986,0.09944246038815063,0.845052339630002,0.0723005303591826,0.016720716432120475,0.04376511226252158,0.006439233224912279,0.023726110693238822,0.15945301684670757,0.23974204521295442,0.4758124248781418,0.261854583772392,0.261854583772392,0.025126642193107847,0.04718763417775862,0.3006332970352257
5000,12,0.3338557993730407,0.33255086071987483,0.1724137931034483,0.1724137931034483,0.01564120701210324,0.42789968652037613,0.8133308172736134,0.7511064323888491,0.13079541293005076,0.05180500272683608,0.06815943931729546,0.0024171972842003606,0.018662617827544747,0.11166796952463565,0.8202637806015314,0.08377663113384687,0.04200062260039428,0.04200062260039428,0.0007185214335511114,0.007214513982683801,0.11764310306357972,0.24017898140820856,0.4766622061963083,0.2633888955510253,0.2633888955510253,0.03388672253046325,0.08280092001022232,0.25492706865834636
5000,13,0.3184,0.3425125628140703,0.2564102564102565,0.2564102564102565,0.02487908875355554,0.13429256594724226,0.665861523359734,0.7878069842874595,0.10920393695666308,0.021072452820919074,0.0467677886433627,0.0058900616412737375,0.0007630068313462246,0.13456346520199547,0.8569599699176152,0.06662247034610658,0.020408163265306034,0.03149055191522329,0.0009069162090093036,0.009892086330935301,0.10631053090753495,0.3229007509066885,0.4163843980405598,0.18409364075093193,0.18409364075093193,0.00685157373804747,0.11053750379593075,0.30032318572553585
5000,14,0.44402810304449647,0.2683092224231465,0.375,0.375,0.02932986855870883,0.20833333333333337,0.55949095084312,0.7443479594480964,0.13357889275818452,0.01951508617136677,0.05895678305147489,0.008179800222833267,0.0005745016453183593,0.058879107353108084,0.8209460648685943,0.08235301736559714,0.00048000144565141234,0.030565819989569115,0.0024859160250792142,0.004097367243436789,0.11679658745948329,0.2862864285603028,0.43807477777715814,0.202658663120185,0.202658663120185,0.018584670895830706,0.11456419677485197,0.25663310615837065
5000,15,0.6134498888122075,0.1944830246913581,0.06730769230769229,0.13779904306220095,0.007804619578760046,0.24872953133822695,0.6445308506310979,0.7979028870275978,0.10088281254445225,0.035383244206773634,0.035383244206773634,0.001139822262237744,0.018802916264496594,0.06692477433870969,0.8094208762813414,0.0874182687298114,0.024371043214973853,0.027409765727522725,0.0014821951806730446,0.00823352130617827,0.13144569797432087,0.32043648279997633,0.4056066380335934,0.17641564726273196,0.17641564726273196,0.013278147668941857,0.0781703098550085,0.25488060666952134
5000,16,0.21252498334443704,0.39003464774789637,0.3892405063291139,0.3892405063291139,0.013730655801456208,0.12251882272416148,0.7242099740128307,0.8107472670300968,0.09431813727816024,0.019533863941087026,0.030294510731594046,0.003509824849918533,0.007705520383005204,0.17285104295742187,0.9083527115809631,0.04123751036348766,0.016563805645691487,0.016563805645691487,0.0038184687079073007,0.0011482435290085524,0.24218437176142085,0.30642292706418,0.42540269120909735,0.15549273421613852,0.15549273421613852,0.013071897935010512,0.06795946890286508,0.46571495758870507
5000,17,0.41904761904761906,0.29186602870813394,0.2875055978504255,0.2875055978504255,0.034261450998248844,0.15489130434782605,0.4087107858768596,0.7348503302339859,0.13966914042858602,0.04586714981840445,0.05737716898536674,0.008107467376364093,0.005817974069384224,0.09536889857926018,0.8538470334696749,0.06657989916483609,0.010792756865692033,0.042514272106882564,0.0012527307369670365,0.024233378561736796,0.14553285463241394,0.3101625069651782,0.4182607336363889,0.13504173033972022,0.15492054104433278,0.03129252244247472,0.0367943511236577,0.2818429255476478
5000,18,0.196326593610125,0.4309003641178418,0.4571428571428571,0.4571428571428571,0.0133579856852779,0.14698162729658792,0.6513506894387606,0.7578742586323172,0.12450253999017896,0.06521073931497379,0.06521073931497379,0.00566207021465559,0.016697214759890278,0.0874511873896398,0.8399646958041657,0.07282455216058348,0.019573573827275315,0.02209779938467897,0.0017244796465379075,0.008301451112670666,0.07774056794202416,0.3018043450052318,0.4219288322964164,0.21658335144533802,0.21658335144533802,0.020311141947115807,0.07559551819303312,0.26408547047900055
5000,19,0.7374017568192326,0.12718316166592025,0.1708074534161491,0.1708074534161491,0.030722930857158944,0.0784119106699751,0.6896253822612743,0.7998815603129792,0.10274033505903857,0.040465020166690846,0.04154372794273528,0.003127029975393443,0.003940967406520723,0.08751557728663795,0.881064326263365,0.05518745959922433,0.01293342293589872,0.032399026156439234,0.0026366660671014314,0.013873093354801025,0.09091577063815537,0.3015801459565967,0.4318084394405334,0.2028467242752956,0.2028467242752956,0.0193852251005247,0.10804382578859129,0.44114712083563434
5000,20,0.7142857142857143,0.1523809523809524,0.15446428571428572,0.3333333333333333,0.01796291845731668,0.3125,0.6461341678019082,0.7627776811810195,0.12361557545032903,0.02961803744276359,0.02961803744276359,0.005054324026378988,0.038255668818042876,0.12030448950322137,0.7801766371370459,0.10363623620562223,0.022318129025446054,0.033897431365618,0.006402841122959725,0.006625238830099911,0.0956717796543623,0.2799525628646993,0.44808950164745986,0.17952127659574468,0.17952127659574468,0.017682970779080084,0.08457831325301202,0.3584706192069484
5000,21,0.673279624034911,0.1671475184612743,0.036757301107754214,0.08345752608047691,0.018942668085383807,0.12009063444108758,0.54320576202618,0.7566081694909573,0.12459030459030457,0.04788081547132084,0.07659893952566128,0.009922644977459663,0.03169283500960751,0.08550183246528675,0.821552710356679,0.08135459790484834,0.027060021703164794,0.027060021703164794,0.002689661652409636,0.013415173815416459,0.055219130696609775,0.31773804934464145,0.416029031499765,0.14726835275681438,0.14726835275681438,0.019984216366722145,0.08057848178167648,0.3435913730364082
5000,22,0.6469344608879493,0.17364824717765892,0.01996644295302008,0.08929574300797484,0.018252363456117568,0.07619047619047625,0.7035070466739652,0.7716190648409533,0.11872234192169556,0.04287318080503477,0.04287318080503477,0.002699584811412664,0.023323649235290178,0.09639537651145408,0.8662693532620691,0.061569060131819675,0.0008678727545388121,0.03643356527733439,0.009206538137617112,0.017358914892121713,0.08277615418318823,0.30066138677872956,0.43688362042852247,0.19184929820241314,0.19184929820241314,0.009787360053580552,0.06790123456790131,0.15136075456421788
5000,23,0.6107863197895352,0.20275620526876809,0.1911357340720221,0.1911357340720221,0.02087021304343078,0.19889756545705095,0.5729993944862408,0.7340382126994859,0.1408793268584257,0.057893631773747734,0.057893631773747734,0.0040995424428591914,0.006153684715476393,0.10441378348538949,0.7679763297020009,0.10893985928648942,0.05025586413567784,0.05025586413567784,0.002955567444999932,0.024819799113910523,0.08003077045565232,0.3102453102453102,0.4215167548500882,0.21241402830671285,0.21241402830671285,0.007142258221997176,0.09219908983409186,0.23330562035981375
5000,24,0.6602870813397128,0.1624713958810069,0.039999999999999925,0.05134196022046489,0.015791863914199414,0.08974358974358976,0.5756409612763258,0.7757856532480667,0.11534795890182437,0.020164190168505125,0.02135569060406238,0.004763850687511471,0.03434172736732566,0.08194718645142274,0.872198667474258,0.058611111111111114,0.0019687594651898177,0.020128633437842186,0.003007822198500404,0.004435623431686464,0.08837840146643938,0.3003835750477714,0.4299520658509236,0.13465648854961831,0.13465648854961831,0.022830602520673274,0.10957345971563981,0.37373387978420947
5000,25,0.5807050092764378,0.20629849383842996,0.195234790654638,0.195234790654638,0.037678780080439796,0.392882818116463,0.8198198931078087,0.7507481166353475,0.12622541900873047,0.02350468692664376,0.04336163405930847,0.006056827522559476,0.0063393467207368825,0.10364743137820998,0.8694656313703932,0.05782851344495182,0.01797999717024512,0.01797999717024512,0.0012023035316159128,0.0035845107273678734,0.10270203394076238,0.2742739080373188,0.4349573046461832,0.21399152029073287,0.21399152029073287,0.019170985077447654,0.14382022471910105,0.35153680045233116
5000,26,0.7667464114832535,0.11207816733721981,0.06153846153846154,0.14111498257839722,0.020123345159466587,0.34962406015037595,0.7465064814336443,0.7737789089690034,0.11555178031079683,0.03476912260385867,0.04364899017224423,0.005191114800940415,0.006862827581115116,0.0859078843756057,0.8316328803742481,0.0770532582986706,0.014087779350480223,0.035673612434288,0.010089837187991925,0.005683347966052077,0.10312276449175284,0.3154246241365299,0.4189679612052887,0.12233748910265863,0.1516445697861627,0.025504401261276878,0.07216183574879231,0.25924759136589093
5000,27,0.7020081688223281,0.16111520058888484,0.05105105105105101,0.10395794068048805,0.021163969050766236,0.16358272995441137,0.5525001398717897,0.7911047951363889,0.10742219830976674,0.03037396659737035,0.03037396659737035,0.0005939812348488699,0.017922589925938204,0.09521587275504406,0.8199390316592585,0.08465849947954196,0.023274119006354677,0.035399424137174146,0.006608209246691393,0.006138289319067347,0.1285172889862517,0.32411401229288167,0.4148345177359701,0.18817450994787466,0.18817450994787466,0.01217339929291051,0.05968930172966047,0.22261572552875852
5000,28,0.6684027777777778,0.17225829725829722,0.1923076923076923,0.1923076923076923,0.010424450888608397,0.13159722222222225,0.6767035356715714,0.7300508391226872,0.14293143780361772,0.040625548313307114,0.040625548313307114,0.0028130928061409766,0.029495430309068427,0.04921512070356704,0.8948657841062083,0.04754973176326455,0.009034764365318249,0.010429915890032865,0.003450462115108792,0.013778534214498483,0.12326294804202004,0.30412657196159104,0.4200580496982552,0.14744366744366744,0.14744366744366744,0.02595675084882497,0.08958850289495446,0.24713816678484907
5000,29,0.7777265441450937,0.11148187304524027,0.059259259259259234,0.0824742268041237,0.004810800573344272,0.10092879256965936,0.7505364337868852,0.775974915235028,0.11433088476295139,0.023177246107439764,0.044976488532867745,0.008005521134740769,0.006538842530328437,0.09493979776769329,0.7911200668470804,0.09710375211008238,0.04334463241970887,0.04334463241970887,9.18729132214774e-06,0.006055194482655457,0.11579870059069791,0.28880316112281235,0.43557034120766946,0.20661764705882357,0.20661764705882357,0.013103188126305551,0.08041833305169077,0.5320202545179464
10000,0,0.4723012842762929,0.28581902953507177,0.06813186813186811,0.08463207733280725,0.02184190006839737,0.2021390374331551,0.6643738110375549,0.7705216204210977,0.12029158637563975,0.03494996644357229,0.05229921956814443,0.0055175469145755315,0.0012555841171446591,0.06670363249136085,0.8430348888554293,0.07362717711688882,0.028452915241107823,0.028452915241107823,0.0023724094765936246,0.0007262745851956964,0.10170108090629332,0.2849204463711443,0.4462030432678327,0.2104997166068392,0.2104997166068392,0.016303779380833834,0.07292132122478501,0.18227134854661675
10000,1,0.7069478908188586,0.14709179225308255,0.21549295774647892,0.21549295774647892,0.04965200050499978,0.2605594405594406,0.35299819927484105,0.7421101733139932,0.13722058797884068,0.03847019194725876,0.06208752357311216,0.0031439096924300927,0.0016969836423924578,0.0649024680430208,0.8112319914539197,0.08846323647731441,0.007050885664039663,0.04207133195990455,0.009785015158122079,0.009826222702554288,0.09718910923705903,0.3075947393932664,0.4303882986136459,0.1651057764746604,0.1651057764746604,0.01701073266678336,0.1053040781436585,0.20852959507407082
10000,2,0.7010164738871364,0.15164444444444442,0.044117647058823484,0.08468705207835643,0.0263908329449308,0.11141304347826086,0.343055313793307,0.7484090551387651,0.13126190658666897,0.04235375190374435,0.05182361063075282,0.004361827807186448,0.0024632056943656444,0.050336322156511015,0.85084450049016,0.06829224665785599,0.0041198024051731785,0.0282516639112394,0.0035896946936409893,0.002501653604117915,0.09365198183037082,0.3018655372793615,0.42791535891465016,0.18680830690877803,0.18680830690877803,0.011544862688250446,0.06465205552827746,0.16930983131987043
10000,3,0.27178565314158537,0.37213473315835516,0.24242424242424243,0.24242424242424243,0.02853708394664598,0.10138674884437593,0.534133152187892,0.7588590438965115,0.12302287284075997,0.0291313381084789,0.050400884193173734,0.007601807539672843,0.0004935590869222795,0.03787492500957318,0.8202763148401991,0.08142503203200585,0.018699022638510976,0.03228507941464834,0.005604869662069897,0.003947208774675692,0.06113856043692534,0.28198910052570153,0.43548195949510937,0.17910941897036914,0.17910941897036914,0.01951234684816331,0.09726276916934895,0.1830983951033448
10000,4,0.5908463417224168,0.20935666159530542,0.10650887573964496,0.10650887573964496,0.018314935414603002,0.1889708465050931,0.749981436595808,0.7535452648752098,0.1293488134672225,0.04474283964063408,0.04474283964063408,0.0022547032967156835,0.02096782190490354,0.05629267679628308,0.8549807734134365,0.06705646950019134,0.006663539483730552,0.024066271955059795,0.002104218417173169,0.003659259418915428,0.029125629740166692,0.29413580621374563,0.43670720854840706,0.1715148878576953,0.1715148878576953,0.016300207430635184,0.06263957816377164,0.11060204027301623
10000,5,0.5607675906183368,0.22379141770776756,0.18666356336553014,0.18666356336553014,0.0066339670926083005,0.07391304347826089,0.4761839104914419,0.7561987450154796,0.12669521036237608,0.032565846851561164,0.048843618371958955,0.00413354744344957,0.00759059103223092,0.09051967116919998,0.7968861279976887,0.09451092077463463,0.030642816764919645,0.030642816764919645,0.0009403394716304622,0.014401662828528838,0.0620514121584049,0.26907128057085766,0.4499332890801011,0.19735266015706932,0.19735266015706932,0.015825049786854596,0.12192008170560453,0.18301641612903785
10000,6,0.5029303530053155,0.2578296217744786,0.1350877192982457,0.1350877192982457,0.021442497453457075,0.15547263681592038,0.6022221703501796,0.7619721217363951,0.12548421918344904,0.025090185847263746,0.06234750744191263,0.006034203269267541,0.007770082876533579,0.05490552943221216,0.8234403865471825,0.08306243960223203,0.01026128363450729,0.02261450525702871,0.0014629245111380113,0.017773490151001936,0.07671095036955533,0.2712891843646535,0.45603850204952023,0.1868770561927483,0.1868770561927483,0.02040086796749327,0.08354346450206451,0.19062859651927833
10000,7,0.7041347626339969,0.15406698564593307,0.07779839208410633,0.07885631032598797,0.024163866469636044,0.05573895378364646,0.6896253822612743,0.7751315825278212,0.11529639667292396,0.015447560507107161,0.03821462533825247,0.0075305188254827585,0.015631372378912323,0.08241190326873882,0.788592676935021,0.09851907033861912,0.02988705127054858,0.02988705127054858,0.0005896068651103509,0.015143441586473738,0.07434292454788122,0.29171823984946366,0.4348750946938258,0.18605139537738835,0.18605139537738835,0.019935463609338906,0.07811656649376542,0.2741745683235673
10000,8,0.5507983230755509,0.22041798883904146,0.1446862996158771,0.1446862996158771,0.034115005795582035,0.027937336814621405,0.34799296934888146,0.7428680849992414,0.13391700501956266,0.04378622974092028,0.04891046269178388,0.005237639926576686,0.0025804313648927213,0.06818400596029495,0.8268149389614409,0.07917777074745469,0.02597884760047975,0.02597884760047975,0.0024333352887322135,0.014511265815242758,0.11418884481314973,0.2882537566736561,0.4332440858628178,0.15821843354883003,0.15821843354883003,0.017312436291885863,0.07430828727447758,0.25393755093147374
10000,9,0.45345279720279713,0.2739320920043812,0.2216708023159636,0.2216708023159636,0.01570332761312966,0.038900238338440585,0.6589067071307175,0.7772344606994914,0.11465423721890022,0.031478928244230375,0.03229337472031518,0.0008634923821158533,0.015236597194914103,0.0616398080193592,0.8131692948335847,0.08686011255318288,0.018459347475714538,0.021834422176668755,0.0016039747780724964,0.013991665481903448,0.09642422399192041,0.29113313924457385,0.43713726952469945,0.17102024922118386,0.17102024922118386,0.022059169389410875,0.030449996888461284,0.26349170960084894
10000,10,0.6483155603114277,0.1852298124574871,0.13883001271725304,0.13883001271725304,0.01879180586023247,0.1630377057886352,0.8495141552830368,0.763058724193308,0.123610220766808,0.03587938553772696,0.03980197045395481,0.0042685156105234864,0.018947160473289038,0.05378752150274868,0.8593458609946263,0.06474342773228425,0.011037408970930862,0.0307526780359607,0.003317820721582078,0.006694103671341489,0.04237553557658813,0.27078366867112785,0.45738945335232883,0.20783332662183385,0.20783332662183385,0.018362253530951833,0.05831059629295687,0.29327724763359686
10000,11,0.6802674568801763,0.16049123743778487,0.08504398826979465,0.09117896522476675,0.039882914300841794,0.25278148642634624,0.8080691515117235,0.7696651626887341,0.12046355301013689,0.03766433638052891,0.05053517261036708,0.004856279484572838,0.0010087031298406934,0.09010385179817204,0.8571632806472802,0.06635675532404106,0.0017040530521675867,0.039930696096845866,0.007108580285210601,0.0204614215454324,0.05573907790573718,0.28546066650054164,0.4440080404512689,0.18127151574250555,0.18127151574250555,0.021779578717393368,0.06212226066897342,0.3123671598635893
10000,12,0.7577315911425654,0.12394691815384234,0.08036890645586292,0.11428571428571427,0.024921248177657812,0.20179215640637727,0.5938566170779407,0.7639097406840275,0.12304123058127031,0.030447658808077094,0.05352189745439656,0.008686242203303093,0.0019155888086516137,0.05690012437337749,0.785383548330472,0.10091256695156336,0.020947360967796702,0.03052265178427531,0.002457744431831735,0.012623762376237635,0.06920172508034944,0.28575368961049535,0.4445698404218972,0.17331744306350427,0.17331744306350427,0.019658709874800458,0.10794050598606708,0.32713486494896893
10000,13,0.696312974950746,0.15859484089071796,0.04194144025323132,0.05253718573120969,0.004401845480147527,0.021790902595856143,0.6218162969637935,0.7585540919346668,0.12649071737087464,0.029702421761923614,0.05705982155257516,0.007147474650235332,0.0058019565825413455,0.08824182055183832,0.7898353950314719,0.09882103415129495,0.019520696815905514,0.03663362564372845,0.0019179126547966968,0.0005619540662378242,0.06534110259044079,0.3038323434863399,0.42993056625235493,0.15671303770674128,0.15671303770674128,0.014757775561962977,0.06491877312927308,0.2895023919553479
10000,14,0.4897476340694006,0.26046698872785834,0.3162001696352841,0.3162001696352841,0.01777391335986194,0.07085561497326198,0.7476330543320409,0.7599643612352942,0.12735529446982774,0.041580382709164865,0.06027769034400618,0.003606753724916617,0.007832477297530005,0.050390055869938055,0.8551914379280604,0.06799723891621512,0.026938960102173226,0.026938960102173226,0.0011452165825911603,0.011582351973347116,0.07682143772848626,0.2956112276198823,0.43646773170994846,0.19506884639711963,0.19506884639711963,0.012346439663148266,0.08606876599532653,0.3214672724938382
10000,15,0.7450288787972312,0.12949237555699855,0.13302139037433158,0.13302139037433158,0.040674645802176036,0.06041222459132911,0.6391222398138354,0.8152823884268081,0.09386629445558281,0.014325312845049676,0.03432044625958258,0.003327970370468697,0.006961766677019199,0.06527928295157481,0.8402747653365547,0.07496678254557904,0.020096771716033968,0.029286875850812646,0.0022991370038331,0.001887065509954322,0.08026098345024613,0.29976245912008936,0.4318077794657525,0.20239497079589963,0.20239497079589963,0.01798549667281333,0.11927616050354051,0.258657807821967
10000,16,0.7310975609756097,0.1345633556418967,0.1127819548872181,0.1127819548872181,0.012176136393101673,0.04572916666666671,0.7476336891756395,0.7537043795850893,0.12628985310163732,0.023249660516015735,0.06437748041471172,0.009467925035700368,0.013600307084734142,0.07414314265297844,0.8346255759968113,0.07486345964049596,0.007692307692307665,0.02028413530220087,0.0016169307675339556,0.014501839519783455,0.0653031999043121,0.2839341065334365,0.43705061503405807,0.17895456700771517,0.17895456700771517,0.027831654271697363,0.07383318277627227,0.22523343445585065
10000,17,0.5159328358208956,0.25801511535401744,0.169047619047619,0.169047619047619,0.01085231676135038,0.06782106782106778,0.6264068122440826,0.7746583979823133,0.11632894389874088,0.02512948640568191,0.052730582873867185,0.007455178518902032,0.004107842134456252,0.06394592538836741,0.8276693918440107,0.08011070155942518,0.026300049359774702,0.035439273636698534,0.0040080321152094756,0.008844326702382554,0.06120880453024191,0.28432086579535226,0.4415857796586615,0.18134349743075417,0.18134349743075417,0.015582542646356445,0.07698424914062896,0.16743064170119837
10000,18,0.42534722222222227,0.29553571428571423,0.3321265754894074,0.3321265754894074,0.034340780861348036,0.036250536250536314,0.8080691515117235,0.7552841860049393,0.1277630050427001,0.04122910124807211,0.04122910124807211,0.0007877396989304092,0.013273715717330048,0.0824913363833518,0.853703788839757,0.0672133329128819,0.01156882371407264,0.01761295909530844,0.0024197984653334947,0.01127671113168005,0.08986546771727616,0.28110700574285247,0.44568638690906615,0.2172306487561978,0.2172306487561978,0.014716181721074417,0.07307194012454787,0.11965241706047935
10000,19,0.7049606299212599,0.14648162627052386,0.15430622009569372,0.15430622009569372,0.04793298159644353,0.3463796477495108,0.6624316582396195,0.7534524554038703,0.1292748615668583,0.042562642407313334,0.042562642407313334,0.0018432414287006815,0.01838773923703274,0.0567032273908219,0.8419533607681755,0.07306950786402844,0.0064039408866994885,0.016511988120687673,0.00020246513151758044,0.02233301617507133,0.05527827081056633,0.3122238842313981,0.42380849967739836,0.17450556413607388,0.17450556413607388,0.014920692633706878,0.10570234363337816,0.21364127904077246
10000,20,0.7702846775400268,0.1159244506531753,0.04038461538461535,0.04038461538461535,0.019844336220662923,0.04932635630939497,0.8828091578678907,0.7293777063698885,0.14285307958835392,0.05088345357275781,0.05088345357275781,0.0009739335728746121,0.01664075494294759,0.05790960589629246,0.843473362089039,0.07144387105960553,0.020018915254126912,0.020018915254126912,0.002310215706779535,0.029474094802591777,0.04311496569488582,0.3091854243990379,0.4204817440234696,0.16126782838739362,0.16126782838739362,0.011940580909313978,0.11717974180734847,0.21985998723124311
10000,21,0.7268561584840655,0.14196436565493775,0.1305263157894737,0.1305263157894737,0.017145028458261234,0.022953722164868573,0.5803147818560317,0.727793684880299,0.14766260381835833,0.04142437346013483,0.04746086407882531,0.004667965273932345,0.019751362850684684,0.07984486079335251,0.7955218111975663,0.09736785306864287,0.015353406071665465,0.04340748501012684,0.0052271997834954925,0.009226999963326321,0.11165104129337278,0.28317725900762036,0.456419733066208,0.18592597109579856,0.18592597109579856,0.017076133520771537,0.07270131353512277,0.2575740886114704
10000,22,0.5277908067542213,0.2408780954659649,0.2385703918722787,0.2385703918722787,0.036198797845238044,0.1927264808362369,0.44989113507973055,0.7325539761697244,0.14301494325667308,0.048921673372282815,0.048921673372282815,0.0022167547169413687,0.017959466611903507,0.052344300290572965,0.8655304847310334,0.06196307827744579,0.016165065210540952,0.016408885843404122,0.0002157803133084335,0.011812474305257892,0.06874829650862263,0.3173482855858101,0.41378565456752936,0.15292928114487936,0.15292928114487936,0.016698490296766344,0.08110670969518075,0.19890887764791892
10000,23,0.7477326082714955,0.12836435608050112,0.1883353584447145,0.1883353584447145,0.03505610096118484,0.0270629009660055,0.8828091578678907,0.750187315806124,0.12904951059498765,0.051542932477631975,0.051542932477631975,0.0026245685397428484,0.015177228786251384,0.07098797674280188,0.8122312746081033,0.08611132205946054,0.03468134369358766,0.03468134369358766,0.001140005844994789,0.003408740863612425,0.09127250800390685,0.3064721682219443,0.41850253939293136,0.19246637190185578,0.19246637190185578,0.014633077895955401,0.07037798151393737,0.16954864563497618
10000,24,0.7245443740095087,0.13860645933014354,0.0886963696369637,0.09039225209267779,0.012872924671571202,0.21107369255150554,0.6472351560397291,0.7757080189666703,0.11411559045818964,0.03147867418125516,0.038994876020305186,0.003937545156929019,0.010871288135491874,0.060298578638790845,0.8119152747063056,0.08662716052814023,0.011497868761204177,0.03374968313394207,0.009536281216001453,0.000890770541367436,0.08909476467943012,0.2865856206859361,0.43923540429148716,0.2066625418134399,0.2066625418134399,0.01452988871452654,0.09342893700039268,0.17951987789326163
10000,25,0.49316720257234725,0.2569274653626732,0.13633361354629514,0.13633361354629514,0.015183489197121106,0.06269686331124091,0.5519978426538057,0.7336672702461555,0.14364012391218578,0.055751992071107925,0.06069226536265687,0.002789060220389758,0.0013965994713668328,0.05808984042576204,0.8370616927695024,0.07642855144172717,0.024621883885188378,0.0246409806508993,0.0005185334342309514,0.006700839146037252,0.08912630874264771,0.28966582720984146,0.44408327430155403,0.17633666887848065,0.17633666887848065,0.014513159562235742,0.10995605138607167,0.2667094312706224
10000,26,0.5788833816515477,0.2139598973676708,0.11260454002389486,0.11260454002389486,0.01668309035800257,0.07948717948717954,0.33494265196157536,0.7496779775375209,0.13276487911786866,0.039113349766012995,0.055984796341332854,0.00463200603254648,0.0023005812753306154,0.047425366207717284,0.8510748067548407,0.06945436484308287,0.0018533332709577133,0.03317708899087014,0.005523540870064479,0.006746460566003254,0.07168933416786022,0.2817741130043969,0.4456915357456992,0.20201573254670602,0.20201573254670602,0.022051619231372978,0.07601676673841629,0.18767100719868904
10000,27,0.6176841347019628,0.19256235827664403,0.04944935830731878,0.09350358950217723,0.016776570868684816,0.06746031746031744,0.2611179189727833,0.7931501598530919,0.10299836692495207,0.014378829004473626,0.044849171046837374,0.008334446019464606,0.002514148954426476,0.057973059140239425,0.8420084030088644,0.07149647575420126,0.01290211306366662,0.036989012830812906,0.003130157423715793,0.016712328531503617,0.13151782254125788,0.29809349418354153,0.421943796943797,0.16920371049809113,0.16920371049809113,0.018752860776436696,0.12038914771170173,0.2794060689914344
10000,28,0.41035630224819414,0.310682517960999,0.27349397590361446,0.27349397590361446,0.022329316669966716,0.4958708708708709,0.7691250104624041,0.7764905798409986,0.11408988312593804,0.010097780537016932,0.05095298508016351,0.010219090756409262,0.0005318445085461532,0.060514756300242056,0.8298263555321413,0.0783451640919583,0.010501081929653266,0.019039155271027494,0.0005846640737489847,0.019999639483740728,0.07095524617990179,0.3007226370409739,0.4279309795332987,0.1275378775753635,0.1407081807081807,0.02086330186270409,0.06414071244958686,0.1093427684688727
10000,29,0.5312865828329746,0.2488322206852308,0.11886105286392223,0.12083049693669162,0.007501889455940276,0.18436202972285443,0.34917252154944073,0.7536172333890176,0.13162260294429873,0.03369600584721266,0.06226399195145921,0.01081199063468271,0.0041392984600696625,0.07908585649993372,0.8232381613529155,0.08361772987412736,0.01606226160926727,0.028961319628769855,0.0043108677881187885,0.007680968859640425,0.07245663644941269,0.27791539412991645,0.453980465125976,0.2068977696297063,0.2068977696297063,0.015289810730716821,0.04434499747586884,0.2973016874711861
25000,0,0.7206870428977011,0.13934915527235092,0.046429204323941264,0.08124979573160766,0.015154037796672334,0.21987240075614367,0.5841290161221453,0.7727192088966061,0.11657603289968516,0.03428307293198685,0.043878982860453886,0.0037009638559231325,0.006110616604711017,0.030670965565021524,0.8399766189641353,0.07344336901894283,0.03468115744143019,0.03468115744143019,0.00208493626631763,0.0031301385552962024,0.0642005102476908,0.28928868339929087,0.4363483067114824,0.21111579319744878,0.21111579319744878,0.012840856048372193,0.07785093997518844,0.09391707596893606
25000,1,0.6305554870073785,0.19131534893230934,0.043616682585163935,0.04977839962899723,0.012874766084266687,0.13391777509068925,0.6663335271526116,0.7694374928142198,0.11919703982573643,0.035921141595830264,0.04372818875002696,0.004347154216170594,0.006832603401451864,0.05778200363659153,0.8341536715582983,0.07665204850532842,0.01577610682044639,0.031588732554800075,0.0035120852645917425,0.004072270831585456,0.08647312601400547,0.29436517873374224,0.4321581903427289,0.17159051932137004,0.17159051932137004,0.018198605325183317,0.08355134391411356,0.14394072031865573
25000,2,0.7086828383586488,0.1494794393066946,0.030761556368473553,0.08391003460207613,0.008158417599189637,0.17090395480225984,0.3721583918083925,0.7676232808550147,0.11948859268263934,0.04812232267791283,0.04812232267791283,0.0020589099818643167,0.002442486135188715,0.05383137747661132,0.8209538903367662,0.08266715023406501,0.017630511181461084,0.02983118834458387,0.002583046455574639,0.0024158262496357663,0.058883958612439,0.29191826464931303,0.43398982849339907,0.17903220423038446,0.17903220423038446,0.015483190876444182,0.07025496176324775,0.12249206409260383
25000,3,0.6063124299016177,0.19404806957399284,0.11979166666666663,0.11979166666666663,0.018357945828298042,0.1970177824794721,0.6295583887359386,0.7351038256489592,0.13944157453715889,0.043814218115217574,0.06066087662518953,0.0030305430955661003,0.00022493345634444495,0.049870087262153695,0.8639699973825722,0.06205129584178759,0.013639137893898146,0.029636399680457795,0.0024062006846595693,0.007552647926173384,0.03591163569615474,0.2948317743882864,0.4301948907277155,0.18400711741876363,0.18400711741876363,0.019252361152241333,0.04538178559730721,0.0933614258592319
25000,4,0.75750501249691,0.1217860295740455,0.03704888053921984,0.03704888053921984,0.010805845744531174,0.08123815540113699,0.44967204307376074,0.7663226893409147,0.12056578935366413,0.04459282795432207,0.04459282795432207,0.00283360219035015,0.009281318337107436,0.04502971399260158,0.8557410120481521,0.06604839340236335,0.015329935308742937,0.027818375486140356,0.0013440416283098458,0.0027449123705446388,0.05432851371962222,0.2960160551080736,0.43133931538717185,0.193649679949653,0.193649679949653,0.01745550748220427,0.06806806806806798,0.1287472905755337
25000,5,0.557386723472854,0.22559275779095017,0.13941347083467615,0.13941347083467615,0.006754396538584118,0.037770740975300865,0.5607494280269588,0.7512023840506599,0.13008490935858297,0.03543830123651548,0.05368070421495534,0.00418738878246027,0.0031683885950650748,0.031858332794997446,0.82292324305015,0.08187482567954751,0.026129344538967092,0.027292344112620617,0.00208443652165205,0.006469404651812671,0.0370542436625213,0.28398960791067324,0.4394808583711478,0.19653350523812918,0.19653350523812918,0.013665781209411372,0.06761081660275214,0.13332521187693808
25000,6,0.7610746410666778,0.1219976965375717,0.04327801626681038,0.04327801626681038,0.016585615080072134,0.04453781512605037,0.3399534824584538,0.7613258427208597,0.12402855943180963,0.02970822946624674,0.04736633340649676,0.005498115672728225,0.008083542466752136,0.03967450893592073,0.8246415599708824,0.08120131850271561,0.02396559036349588,0.02396559036349588,0.00024602076478726087,0.012538000430211471,0.04015210349935394,0.29998929647613154,0.4301389341281557,0.17954388751967998,0.17954388751967998,0.013404699938898035,0.08359118195778814,0.13231370264104492
25000,7,0.7192684950224478,0.13606838011158184,0.019990619786100394,0.0446031746031746,0.017514503980908633,0.12027768808524375,0.35926562369534143,0.7552838146485532,0.12626613844113171,0.040493703973724315,0.047564885331944154,0.0057361133140068354,0.006131900849068894,0.056911577833597904,0.8452329280326542,0.07040047563605856,0.01886987966322229,0.027818573625794818,0.0033728652636773743,0.001901062189575864,0.047734764350236825,0.28206450695508245,0.44069414453072486,0.18708005822416307,0.18708005822416307,0.017912617610928383,0.07029421699612548,0.16059497501197145
25000,8,0.5865042174320524,0.21077845100539355,0.05102040816326536,0.05102040816326536,0.009123452581166161,0.10031347962382442,0.5486804095449841,0.7710212981300613,0.11881851501508123,0.041328815701362376,0.049287556127754234,0.0031125451552837663,0.0006751515140605013,0.062417225853176994,0.8289281120152489,0.07953177056657124,0.02010707660915556,0.03463822237858086,0.004231151167073191,0.0071919753634031025,0.06456258814933535,0.29674198973662747,0.43369652193545727,0.18480411832424404,0.18480411832424404,0.015353524673587686,0.08815534358954369,0.18922604262749843
25000,9,0.6583403260608965,0.17500191879653088,0.07047619047619047,0.07047619047619047,0.004818179285399411,0.05579008176324207,0.3181378100287753,0.770604781206613,0.11918604701102481,0.047028831227246215,0.047178199524072595,0.0014950344307206667,0.0023011247006697877,0.05716029694746538,0.8278513146485519,0.08034495811918996,0.016034584248789563,0.031586482365837984,0.0025202868851306875,0.0003618186676166424,0.05838237005290492,0.30628344860722234,0.42940674182950395,0.17326214489492509,0.17326214489492509,0.016124357899251422,0.06745923395002051,0.1388494582602282
25000,10,0.7853208148673188,0.10616383671993096,0.04555327336685788,0.04555327336685788,0.012268688171838703,0.0457358602309742,0.4281500376025589,0.7595891235494425,0.12432691754420616,0.0427773063178194,0.04586727474533246,0.003377857276213328,0.005767754537439607,0.05749987327545347,0.8196605399195662,0.08311185034259255,0.026382850032947158,0.030017579816533663,0.00016584515179925846,0.0007545645546710444,0.10806355986273786,0.2850145089582834,0.4401040898528781,0.21571695385998757,0.21571695385998757,0.017950849156447284,0.08047286821705424,0.1266029990001435
25000,11,0.6391752577319587,0.18041237113402064,0.0896171933008828,0.0896171933008828,0.02015778145006375,0.11287145489589734,0.5359660805341703,0.7574649606983025,0.1256292791310203,0.03527409034532203,0.04598666749830632,0.0046745181608202,0.00939771349925822,0.029834701410383024,0.8323403591842001,0.07700490896685219,0.031132457544860603,0.031132457544860603,0.000983845546158664,0.0035148414353185498,0.028237101907418127,0.2919514030323542,0.4329549600729097,0.1940595743316179,0.1940595743316179,0.015177921394830214,0.07532242836346392,0.10884071790956001
25000,12,0.612157258064516,0.19756395641412744,0.02026845637583896,0.053517751448728945,0.0102620497210002,0.1839701770736254,0.2895261205460494,0.7812731741868358,0.11365987520490356,0.03480630928977746,0.035129826075774626,0.0012958618172957126,0.01647497734556036,0.044183204279830635,0.8302996268453225,0.07966155641083261,0.02096326427248696,0.03187262331544556,0.0027943444031730894,0.0016663133347466497,0.04441988196590069,0.29417698830095523,0.4388563706434876,0.17684844800930266,0.17684844800930266,0.01384875354648303,0.07222816944486932,0.09925591482971119
25000,13,0.590759039347749,0.21029532310214488,0.11887271887271889,0.11887271887271889,0.012912330617407798,0.03787768209020581,0.23878452427546543,0.7713721016790274,0.11850009377763088,0.030384528964395696,0.051296258163205266,0.0037551695382679745,0.002816949970692706,0.04857341764873513,0.8450610636736025,0.07177908922896581,0.013536843481189886,0.024979232631641327,0.002150870873617816,0.0035265430419281207,0.0451000148621139,0.27684137748938936,0.45109322995250517,0.200614795928578,0.200614795928578,0.013793360654819634,0.06329624108803922,0.11021477434778126
25000,14,0.7251291989664083,0.13538020999045497,0.015001696065128911,0.043298842079329894,0.009429142072543563,0.11552233296419334,0.18010743266946505,0.7588045803489869,0.12406203428119861,0.03166226947769846,0.050296921824847504,0.005073712148230325,0.0005919226670304534,0.045417383948604284,0.8161363042712911,0.08434797332499738,0.018902357636989997,0.03378559496362983,0.005591529829623354,0.00458084239877421,0.03831708718584914,0.2902575741378193,0.4320200092455223,0.17487027378508146,0.17487027378508146,0.01715261451049984,0.06162506956633418,0.13177514316321692
25000,15,0.4609783953554773,0.2769392511939496,0.2944444444444445,0.2944444444444445,0.022249084570923866,0.23628691983122363,0.7792993334075813,0.7561293881905814,0.1273055483723412,0.03943929733745899,0.042516097703293176,0.003410781754908873,0.014025368337739597,0.03997292357192889,0.8450768465198665,0.07135539057405466,0.01875686594989745,0.022982224404824406,0.0006849552039588994,0.006924760808439179,0.03596405253815446,0.28923686293741707,0.4397859455815078,0.18403548879958187,0.18403548879958187,0.014204728715152132,0.0804197131555171,0.13064786101099757
25000,16,0.5207453416149068,0.24541984732824423,0.15932659932659932,0.15932659932659932,0.009196042195838583,0.09904371584699456,0.6489048172373706,0.7583164922638937,0.12540682781167384,0.039335083826437134,0.04994295462551043,0.004487608984910581,0.002890509862048085,0.0539094498606863,0.8220544162397745,0.0821017030819996,0.020352264554480803,0.03222529778655413,0.0033325398327620354,0.0019127886201858457,0.07636494534016514,0.29709837949067097,0.43195514568004445,0.1663802601905222,0.1663802601905222,0.019478168821648302,0.06282268184116724,0.11070595757742097
25000,17,0.6890705106099271,0.1587662147091624,0.20178501442975738,0.20178501442975738,0.05919305542898164,0.294798915351694,0.6683211481294563,0.7571072391476384,0.12442326567306983,0.028127231662881447,0.04923674968976781,0.005076603655987583,0.0029423181510588314,0.03630527884234769,0.8270160462950101,0.07877220530862156,0.022300315922258562,0.02469007349566693,0.0004159827143871697,0.0069369226837371345,0.060602972731772176,0.2858590695267699,0.43383458140182807,0.16615810539038856,0.16615810539038856,0.016370629637033063,0.08278874016497695,0.11605767923731991
25000,18,0.6530310559006213,0.1753358443188951,0.10040538716115865,0.10040538716115865,0.014877903822926364,0.049905785470025776,0.23923916544891896,0.7679169568533811,0.12026121326688433,0.038264799286013895,0.039728088052528004,0.0017607946276750747,0.01274677406965019,0.038831409348907275,0.825407119171403,0.08099175080759363,0.021577445900922587,0.031047416254113072,0.001256659528514427,0.0008855793957073255,0.05738366167872966,0.29455790798588755,0.43578617473123693,0.18384682320231704,0.18384682320231704,0.012339339792096497,0.06801291945349563,0.13763007052558385
25000,19,0.7207091267235719,0.13950803542144968,0.17141716168322274,0.17141716168322274,0.03310888811670712,0.12393302692055153,0.3477531387590302,0.7763275605615599,0.11545405625735405,0.03482986925396936,0.041537439543927065,0.0014694022508014368,0.00953641915864245,0.06503473364445439,0.8258053693227548,0.08104729266373589,0.015501053711787671,0.0411571723267071,0.006437215798308402,0.015152062102493868,0.056723259688264194,0.2918668844248164,0.4363641720248077,0.18018763509135605,0.18018763509135605,0.01592831650736152,0.06510013035303741,0.17354899528868006
25000,20,0.6662531905250352,0.17021923741392314,0.06254653760238271,0.06254653760238271,0.016401692720751537,0.08329979879275651,0.5291004602027394,0.7751343004615002,0.11718077594583554,0.03342192726499593,0.047890235784938784,0.0038849873182902547,0.0019242367700996743,0.055596327151134384,0.8409161483307127,0.0743054048168611,0.0177610525293751,0.03334827583687587,0.002923687206427883,0.007439176600529507,0.07927345263464924,0.2795430457615751,0.4490656725342121,0.19859309856358687,0.19859309856358687,0.015199978794274267,0.0644005479057026,0.11030626087056639
25000,21,0.6918413838372138,0.15612590230638312,0.08480352846832395,0.08480352846832395,0.013481692352204769,0.21803627818168458,0.41847881509969853,0.7679813306871791,0.12172603321130138,0.04243137898946592,0.04484658447765573,0.002069721861423457,0.007583833056207245,0.044687468045398526,0.8364944020669185,0.0764788584686718,0.024976142719506433,0.024976142719506433,3.186239790005374e-05,0.008115985901711475,0.08650093404781434,0.30219899469021805,0.4331269061701145,0.1806095090555011,0.1806095090555011,0.014693896658576698,0.07595707470722346,0.1444671662666589
25000,22,0.7832832972478293,0.1097281976333519,0.11583924349881791,0.11583924349881791,0.017204965834530586,0.08924455825864275,0.6589067071307175,0.754845523473,0.12877200191767685,0.03943281791385622,0.04566300768118707,0.003283444884897846,0.010117357865443433,0.04117833018835826,0.8466183267772216,0.07116726788365241,0.01622056467468702,0.029775170726093036,0.0035727551021149107,0.003972606905235154,0.04036728281250934,0.29987964390247773,0.4322240767054149,0.18455102412903446,0.18455102412903446,0.015056251203273308,0.06628853499642828,0.18315058850518967
25000,23,0.6662090561499449,0.1748879456908134,0.15588267011754553,0.15588267011754553,0.04143776537354686,0.24672116494124907,0.5533931750672814,0.7552770345622014,0.1284303141437218,0.027674018013756685,0.05044489909504163,0.006195009632450996,0.004405923193661732,0.03579587495992442,0.8235629536630386,0.08219405597826851,0.013293373150728205,0.03603809573325899,0.00293941521369899,0.008135581632131683,0.08519339549306237,0.30469081337536985,0.4290866180528182,0.16971465334544356,0.16971465334544356,0.015412989559953003,0.07370948634223184,0.24963414438393694
25000,24,0.6529166666666667,0.17719634120399913,0.04419560748674667,0.04874181669394434,0.02324391302931316,0.039769736842105274,0.37397320980339877,0.7485136440456764,0.13259891115449968,0.03843709761841352,0.0518490510877917,0.004625821559219881,0.006786834166865097,0.055063966625281735,0.8372982961625103,0.07555391119456434,0.015920380903309383,0.02176670155837647,0.0013975936716287135,0.012789746707261629,0.0326975705388336,0.2922168849296437,0.43676091561456365,0.18333955367092558,0.18333955367092558,0.016099335542151795,0.05823867440403108,0.12655607729229618
25000,25,0.6822619047619047,0.1600887715930902,0.032739536492563115,0.039669353222512915,0.012535732454022265,0.03913419913419913,0.23688964383990302,0.7446720713099995,0.1339136343700844,0.03654065016225083,0.05717195533184613,0.007086317622132021,0.0016551135195118638,0.04111141437044996,0.8415312739746071,0.07293579898489555,0.023592959782158585,0.035697575677902146,0.003752345271077727,0.01377888305401731,0.05424297061215644,0.295398959970265,0.43360568987202086,0.1840285162865808,0.1840285162865808,0.020096273570071543,0.07321314391127642,0.13583090714779855
25000,26,0.7391831525207402,0.12937638493194054,0.05545065906661917,0.06574111882400979,0.008671815407870764,0.1520627966411099,0.39069725921927284,0.755535988508119,0.12595712058888847,0.038578337068158386,0.04800665106816547,0.003671808392221358,0.0038106138578416493,0.04178291577381199,0.8018650257179125,0.09129457585611428,0.024807578448786227,0.03653761464095154,0.0030326770132561506,0.005480099734371913,0.04442864364667776,0.2806962976240056,0.44182228540157564,0.19203311308574467,0.19203311308574467,0.017367122123405992,0.07812508763762605,0.13639276068669992
25000,27,0.59445222751471,0.20625284997720017,0.12251461988304091,0.12251461988304091,0.012130219784991542,0.20648748841519926,0.30619252417435283,0.7387087272475948,0.13855230914793254,0.04621033723659507,0.055788385417529604,0.003293424101743679,0.0012760225456206475,0.04771820614897421,0.845503367605119,0.07136827759867004,0.034875686602159894,0.034875686602159894,0.003196116160930934,0.026995259667914162,0.05823071446170175,0.29756541826014893,0.4316156444540497,0.1853173330364425,0.1853173330364425,0.014125666854467596,0.05419986989754433,0.07101177593401853
25000,28,0.7455698570035485,0.13099132481751558,0.04170929194204431,0.04170929194204431,0.010009510557345405,0.09212647241165528,0.3026287209953658,0.7698952400633873,0.117684870684513,0.031055068261872765,0.048515833743813214,0.005142336957912462,0.0006377459425337406,0.03242786264641781,0.8482547833995776,0.06919273832850242,0.026687688561853773,0.026687688561853773,0.0005507394566733187,0.006734778181521572,0.05101652945733648,0.31041885539103553,0.41479103899152353,0.1686548838970332,0.1686548838970332,0.01743320287726205,0.07133031100942155,0.14498589442629461
25000,29,0.7090997974718906,0.14586266064362502,0.06450534759358284,0.06450534759358284,0.016405581778894673,0.08756285355122562,0.359935106574898,0.7655351963035366,0.12297592478365649,0.03282769139379915,0.05351608841775206,0.004131229312158549,0.0008296787529586958,0.038675430600091265,0.829552259085738,0.07973807777501418,0.023305065626535337,0.03043340286004323,0.0025332492354947916,7.537660426160109e-05,0.06115192864154345,0.2962905140707769,0.43647803557635356,0.1996693374344518,0.1996693374344518,0.01985753305033458,0.07998026836871286,0.12126504557826367
50000,0,0.6178657275420649,0.1945762856593919,0.11461672314314508,0.11461672314314508,0.012701087948978874,0.064454513148543,0.24731190618545695,0.7541478872850003,0.12723300372700835,0.03542994032293445,0.05276099881134037,0.006115141292152217,1.2205840106971344e-05,0.042640027326250274,0.8142146638857692,0.08546125461254617,0.030135397528618824,0.03380734324838813,0.001932874992442421,0.004346821298345516,0.04924972685366735,0.2896192771982579,0.43386693607676285,0.19257726339140746,0.19257726339140746,0.013764223760567289,0.07932549578434867,0.1431095447509988
50000,1,0.5731214829526646,0.21560890791145593,0.11126073833294636,0.11126073833294636,0.008031708483061999,0.06703830760434526,0.22349940406903823,0.7552602251423852,0.1270802544512855,0.03701697962257422,0.04971635811095984,0.003954116714750357,0.0034572014857896516,0.040585158282033684,0.8266888045328543,0.07985305349179139,0.017515303789362613,0.03454240790960489,0.004756382958605261,0.007395375462527776,0.04311889410050662,0.2775007281267781,0.44060112395208084,0.1992946039590573,0.1992946039590573,0.014925765949079482,0.07237241211760803,0.12131615239583142
50000,2,0.6929452955741257,0.15924458266452646,0.07087912087912085,0.07087912087912085,0.010094610603608674,0.032053721377434785,0.23885970779628946,0.7509908077363152,0.1302822603967841,0.040071539542535395,0.04791442722161865,0.0035570527875461236,0.0065322751144112345,0.03424464781122738,0.8206630267741526,0.08314853677366063,0.024780295119823936,0.030820505433773168,0.0024914470717269585,0.0007157465793342643,0.06530774574604381,0.28642970379764615,0.44210006594540885,0.18290804720478215,0.18290804720478215,0.018082227443082022,0.07730372399720864,0.061999000143488275
50000,3,0.6186775881400274,0.19093475141912547,0.0750065138092757,0.0750065138092757,0.008934515138142668,0.10005194457011679,0.39752538731396003,0.761633368023826,0.12326788599840904,0.04267152976530253,0.045137393580204466,0.002469991088496458,0.007871457580252428,0.05905643888930667,0.8311314578183384,0.07771489454328823,0.023219108261493204,0.030304947294902657,0.002048271656041746,0.0012893005625801424,0.058350039937099085,0.2981317752038612,0.43075578270970305,0.19021667577342394,0.19021667577342394,0.014547135111208094,0.08090718463745727,0.08420632888270374
50000,4,0.6617521367521367,0.17037993757399633,0.049111508646392354,0.049111508646392354,0.003918943252648709,0.1025449674703407,0.15678040685425054,0.7481324992606103,0.13256256858217647,0.03789821528922399,0.04604976046646786,0.004626192987023367,0.012314849273694861,0.03576148520857764,0.8522002595622237,0.06812363836693708,0.012986883586558862,0.025225129272273647,0.002010861702217058,0.0016816957800376287,0.024106437431129613,0.2951575180553708,0.4358669780107314,0.1746881307964694,0.1746881307964694,0.014916649639170755,0.07984570877531338,0.20285202973875627
50000,5,0.7851324721657894,0.10651842418035495,0.021643329863906824,0.036244450610432855,0.007284997496188196,0.0946530872056015,0.5103523981013445,0.7723745040502276,0.1174104912616441,0.03525762446253422,0.04658150457785863,0.0035420310580892914,0.0031004087110352296,0.03181743227329667,0.8288376215337414,0.07922525673412883,0.024300378339903173,0.024300378339903173,0.0005182499312548078,0.014613632523087117,0.03684066665390873,0.2934778182088286,0.4351926718093722,0.19121101550742758,0.19121101550742758,0.018223217649737264,0.06869493842671504,0.156584964505445
50000,6,0.726156502439637,0.13873091225699097,0.03731343283582089,0.04231284085940161,0.018100685188116562,0.10752455821149665,0.30967551539582416,0.7599546836078471,0.12549967469454365,0.03837646920006277,0.046126330843855284,0.00413919682059484,0.009143967093228178,0.056840289619259465,0.8312799904783544,0.07841660682708407,0.014251551840463006,0.03198875965566689,0.0033426056228024817,0.0020007561436673482,0.04838679910152943,0.2970271331840523,0.43342456295284193,0.18086227380995012,0.18086227380995012,0.015141922666995843,0.07346931254951816,0.07102937084990157
50000,7,0.5881757270465523,0.20614205910478844,0.04511963341925063,0.04511963341925063,0.008435573597727515,0.06310850310982175,0.39776347413537794,0.7613558575901442,0.12384165041596756,0.03213430377609472,0.05097394498100059,0.005516655358045873,0.0017444210340442634,0.03644061645868052,0.8315375759798231,0.07784942622007679,0.02124796202964474,0.028436588496238743,0.002624174061990496,0.0016363598861377504,0.036571787956627855,0.2955212865466965,0.43123667935451715,0.18010551453563917,0.18010551453563917,0.01781417930924075,0.06551429790866403,0.08373616389022387
50000,8,0.5685068649885583,0.21862318840579714,0.15219593850491164,0.15219593850491164,0.014558495353051287,0.13621516851916105,0.14922972043917027,0.7465077662672913,0.13307997289701923,0.03622479582599014,0.053869340100861335,0.0051839946833215425,0.0033772818970383423,0.03818363906538613,0.8396245615557699,0.07395714096127193,0.018268838540696497,0.0290477366086601,0.002516746570615458,0.001205456789576731,0.0638023314250209,0.29035926962815195,0.4389128583429034,0.18240632541400492,0.18240632541400492,0.0163641084598794,0.07466475647508375,0.12262109160153667
50000,9,0.7017096739938409,0.15114339521119186,0.040165902641344675,0.04642755700157512,0.014896062781839095,0.02390751507921851,0.37305194828953325,0.7552404313114254,0.12766356334929735,0.03416510582452925,0.05226205777204343,0.005260288077558906,0.0020071223469835253,0.028157318036359624,0.830573910886217,0.07827311603874965,0.019954346820884594,0.031826705300118635,0.0017175847601283989,0.0035477603140570135,0.0458012618529422,0.28683680961520003,0.4381364286755108,0.1917154849049546,0.1917154849049546,0.01456424342696519,0.040262532709662624,0.07216624965143242
50000,10,0.6390265319230137,0.1817683977645042,0.03224629475856167,0.04235505574866737,0.006210443464169407,0.18387773304727228,0.4084114937508816,0.7633770197675449,0.12228158727332433,0.0396524051836219,0.04224710302571115,0.0034668662383233947,0.010624813445079373,0.03364460248600176,0.8255211652632855,0.08045551730644956,0.020046043420273496,0.025710109814026022,0.0024248516949128135,0.00767437418315009,0.028659807609453414,0.2921622627564473,0.43492967951608086,0.19105558616593743,0.19105558616593743,0.015173983972639048,0.07059366680617696,0.07274813466019153
50000,11,0.6438290210559781,0.179926678722159,0.06840836946423046,0.06840836946423046,0.009688364627185655,0.11852889206361139,0.209243679076406,0.760721869992297,0.12413180656573686,0.041446394409977216,0.04680840719682504,0.004432528113786999,0.006909955778461763,0.04185435707130847,0.8278146493758958,0.07944461059771685,0.012227654170919755,0.03342729853165512,0.004140540070676671,0.0036023656463393117,0.036747476353671815,0.2861337341544451,0.44172460018183857,0.19207055365017156,0.19207055365017156,0.01501644709614297,0.06693428410198532,0.09560730088714797
50000,12,0.6997503259369897,0.1530892542661937,0.04174174540282438,0.04174174540282438,0.00884312894360681,0.11420601695817223,0.33839123486443196,0.7492537969124773,0.1315005122973424,0.04426311191148713,0.05235568466492453,0.003810964728254179,0.0025734431880021225,0.05047880755939482,0.8269403373402838,0.08020118039009344,0.028728590183564995,0.03109172144394287,0.0002185253331792869,0.0022552091329146595,0.06290265060857003,0.29256731153652193,0.4375073249320731,0.1865054875959372,0.1865054875959372,0.01564752817883317,0.06591130604288498,0.12285525320712942
50000,13,0.6944428867829305,0.1552952576379389,0.06815409849854903,0.06815409849854903,0.012501056026353437,0.10258976803304731,0.16239772730281885,0.7622969198303243,0.12435752488275109,0.03235751127293007,0.05375015821646237,0.005836861398046254,0.0009015733561791306,0.043225368043451784,0.825806717024233,0.0812978760283839,0.02577403948574508,0.029146646038766946,0.0014371659018907468,0.0024749419727938538,0.058072504014929804,0.2877245642215036,0.4419673875807306,0.17133606864603745,0.17133606864603745,0.019401029039263072,0.05038720472246627,0.06907329816566055
50000,14,0.7119130428887173,0.1457667615181032,0.06410593703411382,0.06410593703411382,0.007816663530331398,0.11322485931000736,0.3902058618487394,0.7483270328553082,0.13130225445362298,0.038910557287466396,0.04838065614682065,0.0049287137453917496,0.007589942783156722,0.04103212968838871,0.8346348947453323,0.07595798463409847,0.013786936196600874,0.031040031338479587,0.0040577891197147165,0.003549551897996883,0.06636301083639617,0.2866224044036559,0.43949005453754897,0.19017079016129013,0.19017079016129013,0.013962985720836062,0.07908140578878575,0.11147497844429433
50000,15,0.6684790424641774,0.1678940555643837,0.09956546382013987,0.09956546382013987,0.019399981076106187,0.10807366464724488,0.25436602351032056,0.7615149857628759,0.12339075318176113,0.036801388551291,0.047355098235019405,0.004268042115563454,0.004195911342646519,0.04304961591098844,0.830312824318339,0.07812025687053442,0.01381525803800232,0.027705458947593117,0.004526807793396315,0.0029621165867431687,0.022216070638314545,0.28167010268536385,0.4435221824126755,0.19577292720841144,0.19577292720841144,0.013750659474285783,0.08772433596554197,0.12713694871705739
50000,16,0.6908243840808591,0.1566410625700112,0.05680519708822418,0.05680519708822418,0.012713786314707994,0.09134554643082748,0.2527242155618104,0.7661632428378796,0.12076500531669243,0.030679616262542564,0.04857676376315548,0.005684376334505789,0.004370457619138124,0.047934746261339756,0.8296374868024998,0.07862669062706895,0.01412633654840989,0.028320643154485695,0.0035810707290347896,0.004135734292533222,0.04007964135014441,0.2833258070270187,0.4420473332092746,0.19351940736075468,0.19351940736075468,0.014545208679633992,0.0857188395541062,0.05218030109054628
50000,17,0.6923052763819095,0.1555573197840584,0.0785391079508726,0.0785391079508726,0.010389642295663873,0.10247666905958364,0.6442593498084783,0.7588833162074637,0.1252516428473785,0.030004803501368804,0.045744291247458393,0.004983934593508661,0.009309755431015199,0.036236148752238684,0.8262415714993016,0.08026732897678818,0.021046563217336,0.031813516105827874,0.002127767265193238,0.002631542209219684,0.0731215477353071,0.28780816747257215,0.4366699361806342,0.1747649230631706,0.1747649230631706,0.01622212472203169,0.07392966466750694,0.10057570612863431
50000,18,0.5940401836629156,0.20765927732348366,0.051754331102633055,0.06427662753942814,0.018572271405820566,0.01751629943491828,0.27222834479109886,0.7571146305033936,0.12657833707005167,0.04167650610247098,0.056942993037239986,0.0046851207589760635,0.0054158306581060245,0.05234237395156893,0.829602167248319,0.07885444097882333,0.019298063307723434,0.026797806829562953,0.0023919251080396844,0.005408685306365291,0.039878453861897256,0.28752496073426964,0.439845474322477,0.1961603956680008,0.1961603956680008,0.014823868657614939,0.0740388043287793,0.0749280278408046
50000,19,0.6332226102262726,0.1862829210615488,0.023518891124524877,0.03267696909272183,0.010992502044175081,0.06672747959824232,0.2722583780446856,0.7612989809254339,0.1244146494427717,0.033379632371888124,0.04890680760424641,0.005162578698058695,0.004193797944430866,0.02747873573687898,0.8380584887784126,0.0750076806649227,0.011942799867856624,0.0254234152137882,0.00414995325157521,0.005602538668982526,0.030916898212494492,0.29181913314766605,0.4362822735316676,0.16781036544883543,0.16781036544883543,0.017438281082841796,0.07662402874048158,0.12120429089900656
50000,20,0.7135416666666666,0.1449716139497162,0.017006366705123233,0.04691248188588723,0.011117985250259352,0.13782051282051289,0.4561705393758939,0.7587418356541455,0.12477634969908818,0.028463170880659527,0.04833679846313131,0.00626787068180442,0.005237005728672139,0.03747709657559056,0.835593064493161,0.0754165265927601,0.007776120945604426,0.02921224425379927,0.004062753570228388,0.000270377178659742,0.036064274758586035,0.2838959934167408,0.44030220083981464,0.1916469868567301,0.1916469868567301,0.014817789996393847,0.0698437562457529,0.11243131939973516
50000,21,0.6695771091941931,0.17042864894194254,0.02388337258868245,0.042866230652759074,0.0033817237420537202,0.13715744099539406,0.4075557146675492,0.755042070516045,0.1286698868947223,0.03877169934819691,0.05401206321046409,0.004987533899039984,0.0014266939677137769,0.03577471954562306,0.8362567386883353,0.07613932555223579,0.022546078128375946,0.028835845997355156,0.0017388348650805088,0.0009122170926901818,0.027451707878171194,0.2963636703781771,0.43361609348677077,0.18619387585582936,0.18619387585582936,0.013984681760763444,0.09249820846398094,0.0783404165359951
50000,22,0.6038607708062905,0.1986087952931152,0.040063835748831544,0.040063835748831544,0.01668639465324192,0.07226851717429805,0.23610786145626278,0.7647375466418573,0.12106360771388469,0.03104133915189944,0.043655121473423014,0.003986434636430405,0.009566568414173027,0.03499022851354644,0.8391267645408799,0.07371082147757252,0.0055646441497793075,0.027749882546062185,0.004942898658171907,0.0020248193798775294,0.03669468297765055,0.28459724588776103,0.4384477094338298,0.180526504586638,0.180526504586638,0.016971551914161005,0.06320155082107781,0.05312475717354903
50000,23,0.6828556554628099,0.15821525741139886,0.09491520625123862,0.09491520625123862,0.01962272981367258,0.07526015406526454,0.33291160572781475,0.7532375107021652,0.12820993033693173,0.03728992749148108,0.04742648676258246,0.0028394653241994167,0.008196911709819621,0.027508861159296794,0.8293652171092826,0.07853797815756419,0.02306056303675008,0.03099754164137007,0.0030918614342773515,0.0023096338822997664,0.03392044599494859,0.2890523169605353,0.4343553538431262,0.18950080694381566,0.18950080694381566,0.01605839711500262,0.0804820524620341,0.08232959575177978
50000,24,0.6625339015885315,0.17169327813916818,0.03536743783248797,0.03536743783248797,0.010448099262678014,0.07580982236154654,0.30749919959216,0.7589715049594655,0.125527450741713,0.046023766592806825,0.04818318042192102,0.00306826393467078,0.003960235179847671,0.04601322716541384,0.8374933816425626,0.0750595930570977,0.01893924865267138,0.028251640836535627,0.0024942882724704046,0.00037511394067690773,0.04711870456733458,0.2981945951728427,0.4308312651611863,0.17780036934247512,0.17780036934247512,0.01371921006308812,0.05734955172331391,0.10621118543689645
50000,25,0.7868234344416938,0.1072862734506026,0.0731216457960644,0.0731216457960644,0.022690182230162503,0.11189701682005715,0.30441939554368835,0.7715286467258998,0.11855588038788833,0.03178557056940634,0.04547748002154961,0.0034311956310104225,0.006383267388893943,0.027952804331708964,0.8336905938135672,0.07731350291997419,0.02147503189958877,0.026443176830822562,0.0012725354208934989,0.004990046594957831,0.05191920037977377,0.2891999415399236,0.4420704069017157,0.17774224207403233,0.17774224207403233,0.016012657479287574,0.06780437602210565,0.11354513812751355
50000,26,0.6574128513699543,0.1756899182437202,0.033892158488063706,0.037977650750277106,0.009107462581706582,0.07764366211282214,0.5559701446704408,0.7580276253740367,0.12606707653895444,0.029684146380223098,0.054154146217073026,0.007171084895145903,0.0008741978525158567,0.033481106619551615,0.8296630095074411,0.07882107413821487,0.02083833088444831,0.02522662278974415,0.0013511883057801613,0.008482951573797859,0.04800874959480328,0.2823094492341545,0.441256699083594,0.18651119000490668,0.18651119000490668,0.0178148145653221,0.060242623091785075,0.05350374738065633
50000,27,0.6474415568520258,0.1805731661549957,0.03353528778509374,0.03994427697886019,0.010136022694114878,0.09288877952755903,0.312904307288833,0.7638042181222038,0.1223085337334982,0.03298730250145809,0.04565660746303693,0.004178300435994743,0.0075477465162823165,0.028623958400265437,0.8128233461551344,0.08692619481089814,0.02114385146158082,0.034144893182510086,0.0023639660416579014,0.001984923701555008,0.049996249600519405,0.29499608483213163,0.4351745062217311,0.19015568216257106,0.19015568216257106,0.014483513762742678,0.07881515307926856,0.08962353852274607
50000,28,0.6286696395392047,0.1911799875639738,0.059652033462372356,0.059652033462372356,0.008603409853588942,0.07097080800286082,0.226259557051238,0.7561685646161264,0.1271771196324345,0.03671374386788295,0.05177303199388755,0.005400306220112949,0.0023805278347163172,0.033002529437259676,0.8132311473734876,0.08688643203594171,0.014223823958177007,0.03612737243396906,0.005468677514718391,0.0041234979021683715,0.041588527191187996,0.2855040435864655,0.4424116355319025,0.17231340921450666,0.17231340921450666,0.018702228300714885,0.06443206967944592,0.10443780176771811
50000,29,0.6329643025258153,0.18589067491123956,0.06674990937286018,0.06674990937286018,0.01962405116610099,0.07076076652850316,0.2596206990976914,0.7604566603599187,0.1243264504371338,0.04140215574391426,0.0528395737556621,0.004643393585945545,0.0015499623527581718,0.051876871120074775,0.8267603664079436,0.08000071039985013,0.019312826114639914,0.026804190943616357,0.003051524962097485,0.006066849816849906,0.03720113833212396,0.2910417646905877,0.4366795903752001,0.1848246067438043,0.1848246067438043,0.01572015952643488,0.06881744406002221,0.11274347195630968
100000,0,0.6310405590107839,0.18841485554071014,0.05069778043142725,0.05069778043142725,0.004158544800129137,0.10680761666368677,0.2493990946776924,0.7643731066987771,0.12243927443925878,0.035631050213268955,0.04852489274776296,0.004503074625370092,0.0034667578798350807,0.027125639429576798,0.8308190573065751,0.07836421313445563,0.02177417021310246,0.02825650843439756,0.0019003245712648498,0.0021118182664825458,0.040450357648617374,0.2940780557049847,0.434485520659765,0.18945403483961853,0.18945403483961853,0.014668228262605429,0.08240570675868719,0.09242196624592547
100000,1,0.648503220917014,0.1792810204870507,0.046188971271488355,0.046188971271488355,0.005621917915803409,0.07512961984338451,0.2256360707711222,0.7569607266058899,0.12613363464015875,0.03802282283010672,0.047364472558572165,0.004235947479272785,0.006010347439621366,0.03053919323294696,0.8383985609072573,0.07427037586761875,0.015949003714961107,0.02550484521919036,0.0022403292741012965,0.004230099404147092,0.0336909695156663,0.2884249726773522,0.4367375775797765,0.18223241446301053,0.18223241446301053,0.016244322236609134,0.07596347466923803,0.07798187300985648
100000,2,0.6172322173354062,0.1965894354771731,0.062112537311221794,0.062112537311221794,0.0052111632512199385,0.08190561327883816,0.22365254336112395,0.7670219357089487,0.1205791565199904,0.03183488323810679,0.04692464203497884,0.005438389369523032,0.00555352799553499,0.03285417689491377,0.8226001388745959,0.0822633633459337,0.01998319444039265,0.03239443938392203,0.0031004680818070424,0.0014598095636536579,0.040326712616906124,0.2923332399050401,0.433917764769327,0.1784680397808499,0.1784680397808499,0.01580321673930702,0.06205509720362823,0.08873402988223927
100000,3,0.6004121588078142,0.19982611426683028,0.10447454844006576,0.10447454844006576,0.004364339417438266,0.08300906849292622,0.2514026689351623,0.7616104592257216,0.12321712047799477,0.034756215118204925,0.047476592122824623,0.004250113707110689,0.004224416085615634,0.027428175990533515,0.8254416601284266,0.08044464249099115,0.022182729190282524,0.029609122273727,0.0026833086742943033,0.00031704475141691724,0.03536222519815846,0.28739775555972685,0.4367142502555422,0.17959318638650512,0.17959318638650512,0.01595907174486212,0.08052810538694533,0.07953087207876008
100000,4,0.6491888291004333,0.17715063459899494,0.03456190109042845,0.03456190109042845,0.005068443418471007,0.10965358498022659,0.29090243090403095,0.7569635426080749,0.12675849422931723,0.035708587087407095,0.04900010240550656,0.005324476484723527,0.004824352819616684,0.03202499643891471,0.8373398027556378,0.07509203502011613,0.0135000517288405,0.03095602835909106,0.003255164029241822,0.003648738059270351,0.04637982302027821,0.2928440032443559,0.4352584925207018,0.1792858409539908,0.1792858409539908,0.015448828967426977,0.0775151729391439,0.0652739855759511
100000,5,0.6696105981533521,0.16757160309488256,0.04729106993359644,0.04729106993359644,0.006502324249772866,0.10742992232353932,0.1942159492807109,0.7614300206462665,0.1234407163963469,0.03578965033431958,0.05190542598982825,0.005280738597092598,0.0011198250176246427,0.03483453399130443,0.8309938732101851,0.07785172208078356,0.019396536427522926,0.025730382410091027,0.0019102188685825791,0.005626198138157679,0.024283439429077736,0.2931881339540194,0.4332805308452319,0.18417887207836514,0.18417887207836514,0.015932467080612633,0.06535575541482619,0.06148826605444224
100000,6,0.6302174030124051,0.18662257355772494,0.049075391180654404,0.049075391180654404,0.006608656606416734,0.10307912292301658,0.19564945556703334,0.7657993394626439,0.12138448869314189,0.03516571373307298,0.05095613812221349,0.004940178843162252,0.00038764310981265204,0.04614736713459611,0.8256211398357769,0.08083815227825153,0.01921216616079735,0.02812482567779359,0.002882032647824599,0.004120820098208355,0.051068053775603195,0.29001121701952415,0.4365989663342186,0.1795746550934646,0.1795746550934646,0.016370584742055654,0.06311242399831851,0.10019303679955105
100000,7,0.640329159887765,0.1816432438096735,0.08324739956958394,0.08324739956958394,0.014196023865492603,0.1132822943249483,0.26795892434115376,0.7596061139337097,0.12529100551213296,0.03446660312798688,0.04886269258530185,0.005191726806389567,0.004341353843202889,0.03097247381604118,0.8316199000421167,0.0780002190221405,0.020905631692773263,0.026945918826980886,0.0011111491830962453,0.003675310296421541,0.041601261539765066,0.29544430423514656,0.4346323470941177,0.17895638231682087,0.17895638231682087,0.015088149751058218,0.07109671570614429,0.08364919527592463
100000,8,0.6920759533269694,0.1554978347575563,0.04003106101607179,0.04003106101607179,0.0055122075199212014,0.11072905035665837,0.22286166849234046,0.7599783269575556,0.12445033118513521,0.03800275224023941,0.04974544622274872,0.004144279524755171,0.002791506707849445,0.02777569696833232,0.8312089327639716,0.07780484397826615,0.015670007522379348,0.029919049619844887,0.003460204879153321,8.537133693897747e-05,0.036357710556443545,0.2880080003088164,0.43791378766763733,0.18988206413090603,0.18988206413090603,0.015304652174060886,0.0741001680408846,0.08618286946108789
100000,9,0.6726854980402758,0.16682701691140167,0.03368794326241131,0.03368794326241131,0.010232378413984132,0.09290874688225681,0.15814826620222788,0.7679842348820413,0.12008588891094352,0.03316205573640918,0.04590260420544344,0.003901135945584097,0.007097294406542387,0.027353603856326236,0.8282993566197215,0.0795434481106389,0.019176313451471305,0.030564292474146826,0.003270134179493421,0.00048534550915202423,0.020856086245347294,0.29039543666838813,0.43616011704171687,0.18376294759690637,0.18376294759690637,0.016899951442920634,0.07461687098354974,0.08761685534372232
100000,10,0.6789642760227945,0.1639947365255972,0.032749077490774825,0.035137665803340046,0.00873819452537257,0.08500589096197564,0.32327583302978385,0.7602669002864549,0.1250439423873937,0.03903512576878809,0.045032443331410626,0.0032466687452710682,0.008962232792707803,0.02924991320167092,0.8290132271445274,0.07943638014850574,0.021620215416463195,0.029995612711625985,0.0020974735735384553,8.818142615407698e-05,0.04090066846837315,0.29266838764264247,0.43704868857494494,0.18234595903333517,0.18234595903333517,0.01548130210938746,0.07064522406316032,0.067370385337714
100000,11,0.6713019484523369,0.16681452344742553,0.04183998415382972,0.04183998415382972,0.00593916045395864,0.11012850097280658,0.3229942098185768,0.7616843353567704,0.12362433983690535,0.03405557325552533,0.04591707498114987,0.00418335444893677,0.008436560559128004,0.030361254944060223,0.8313457894390722,0.07785896149978822,0.018705569455284454,0.03003963842258557,0.0026865969716753715,0.00022136683201590124,0.031001899727543192,0.29007201593493354,0.4363608214546345,0.18176751428972404,0.18176751428972404,0.014778525817303385,0.06615079583631667,0.06556669470049847
100000,12,0.6690869694386319,0.16949595486150593,0.06844936222529574,0.06844936222529574,0.00553883115573639,0.08591747700889496,0.45198776712971256,0.7610627858465642,0.1242559607696977,0.03415012805040751,0.04950014718153074,0.005327374605860351,0.0033549225641660296,0.03480252977298992,0.8273929581728506,0.07994193905552144,0.020042545213422525,0.030512624872027314,0.0027141631357866583,0.0004606271675591245,0.032188767599248935,0.28749013590880657,0.4378798676475678,0.18740217394017922,0.18740217394017922,0.01606238473844756,0.06574811385917645,0.060058229049207545
100000,13,0.7086788507467275,0.1473468647121342,0.03196359019398198,0.03942160449504044,0.007626373970481749,0.1207554076158448,0.26849974552354827,0.7621697643634551,0.12377825139986598,0.0369361129649427,0.0494684974592777,0.004948215606772083,0.002344152394729848,0.030589852389845323,0.8316281646046204,0.07802399536156301,0.016430115018613023,0.029329469073133982,0.0034601350896014405,0.0005055617091774822,0.036037751054603606,0.29097179814680146,0.4356338377861516,0.1843520250619486,0.1843520250619486,0.01640292839707326,0.06610913251655137,0.12709226163390697
100000,14,0.6728867206130553,0.16533499778415928,0.07003601269115811,0.07003601269115811,0.008806390854926328,0.10012890309603517,0.20823192605899238,0.7605875565607652,0.12423247575442203,0.032346967081210765,0.05141956371497643,0.005824305129126489,0.0011619003094212044,0.03318448571094551,0.8372437989977581,0.0750147052214774,0.017257014441151575,0.029044883471466984,0.002305685730206869,0.0007629738458114765,0.053061967052363324,0.2848137344721493,0.4406662727153232,0.18445407709176387,0.18445407709176387,0.016528361414905886,0.07030569975355261,0.07179628073825922
100000,15,0.652726026733378,0.1759916681687021,0.03887727899494409,0.03887727899494409,0.006916864031491769,0.0942026177820291,0.2171394271460786,0.7610577921193687,0.12397426065487965,0.033036172697579747,0.048710516607759796,0.005454683789626859,0.005473530356431722,0.0301194363794014,0.8247347955461514,0.08100782129050732,0.020639426878411693,0.03255787053657941,0.0026863991073978882,0.0024348402188504314,0.03357145828154329,0.28670206377942653,0.43719120739242384,0.1859634574770519,0.1859634574770519,0.015472998709826172,0.068411189149303,0.09599730124455466
100000,16,0.6181926871702613,0.19270964537371899,0.06826878374995526,0.06826878374995526,0.010395398829909058,0.11500197526911426,0.3690376706803859,0.762120612347677,0.12362072983019173,0.031667364383761054,0.04718627939354779,0.005267099123490597,0.0064410602417532825,0.027608892525880224,0.8347075765189892,0.07644199911129224,0.01796272324690984,0.027787463220894315,0.002223799597425559,0.0021325345426311815,0.03990856869533477,0.2952121314485734,0.4326443343613837,0.1803915042504426,0.1803915042504426,0.014503876715095447,0.0693934955229476,0.07192283309011721
100000,17,0.6627758181352859,0.16918108561491846,0.0668960326846576,0.0668960326846576,0.010640441160502313,0.10005067551416524,0.18612327309399895,0.7620502994630344,0.12391276653826683,0.036695504500053655,0.04795062985389205,0.004198109506945158,0.004835313503520289,0.027459188680916458,0.8299291411477725,0.07888288323367115,0.018722585699195937,0.027914174781836665,0.002409695272574293,0.003327143216985462,0.03795103573745651,0.29263101063001207,0.4361866954776338,0.1809409045039141,0.1809409045039141,0.016115769809380585,0.06766581601901722,0.07116306273160566
100000,18,0.6426030263748794,0.18207122589752373,0.054078300498797804,0.054078300498797804,0.008685557546287928,0.09509262141967623,0.14472419616612175,0.7594703101112021,0.12462129588901383,0.0346905265546279,0.04930881602695679,0.004712877145498916,0.0037013440620817795,0.029613868047016767,0.8301126734434459,0.07829172377749971,0.0179365008243354,0.032720012317563066,0.0026642780185684237,0.004798786167067193,0.0565227328081821,0.2903811190059962,0.4355581480786871,0.18386453889007381,0.18386453889007381,0.015596185214961637,0.06828206737811249,0.04816822578063101
100000,19,0.6581168318981854,0.17271257591627376,0.02647295772447067,0.033488432795772335,0.008784712036267496,0.11503071265183784,0.2550040345273225,0.7569986098613048,0.12619277489147346,0.03518909993760688,0.05188679129167362,0.005392080057444626,0.0016796360378088515,0.03143945206119059,0.8347590111770309,0.07605254743948298,0.014056162784201853,0.028143778277728335,0.00233380805170761,0.0019580084146131327,0.04220951239581727,0.28962165737292994,0.43600649778431566,0.18633517690959567,0.18633517690959567,0.014740133070263749,0.06799909657190795,0.06272398186366601
100000,20,0.6132349801600447,0.19556473752291614,0.053755868544600904,0.053755868544600904,0.008415622563931975,0.07776194998417219,0.2506741320663144,0.7650243533413575,0.12137544074664591,0.032210827158533184,0.04746768283709693,0.005511491343761214,0.004350415909937455,0.027313050248230053,0.8324800760451426,0.07721682757398224,0.018761546008062346,0.027546506020275363,0.0019253727193891332,0.0027024905291491708,0.032051808350998745,0.2893003452526371,0.43665665071192716,0.1744190271886199,0.1744190271886199,0.017606601930257745,0.06255793512655472,0.07981917979146336
100000,21,0.6347006328882473,0.18642361798275886,0.041478385589364675,0.041478385589364675,0.0043510170481664626,0.12026346675400912,0.15363323230836934,0.7621555602982818,0.12327271649898508,0.03397014575225821,0.04834921379733241,0.005474003569743986,0.004024447094222672,0.033466795166882335,0.8259348003904106,0.0804569843345892,0.01907549961788013,0.029416777545100345,0.0024293614028595215,0.0015653098314660774,0.05124876501457076,0.2917145053919234,0.43570284512207147,0.18047880968000052,0.18047880968000052,0.016652256948268024,0.0688768976413543,0.13822228029723072
100000,22,0.627992216002698,0.19084292050415635,0.03796900876573028,0.03796900876573028,0.00988168830991834,0.11774111754578176,0.2507116514031383,0.7647424933243798,0.12207504738674918,0.03637754968195028,0.04892556538390329,0.0040705071742110285,0.0032250096959354213,0.031044191386880804,0.8367717323343271,0.07548324144412716,0.01728564649600406,0.029479798257104534,0.0018887092781237763,0.0005471608158506003,0.04867164900931875,0.2943171558101471,0.433265676311649,0.1766579840473962,0.1766579840473962,0.015824247017833158,0.06496340230923936,0.07198920304718334
100000,23,0.5702171444170488,0.21713756016526342,0.08726424554861423,0.08726424554861423,0.0037351033211446352,0.12243063316973612,0.1782593211983472,0.757338180376392,0.12656103240914113,0.036644728063662146,0.05148867156192795,0.0052598401595823074,0.00164920599267393,0.040022045798800754,0.8331628442913154,0.0771825344357146,0.018160788741644396,0.0275648672985115,0.002628052564717133,0.0027127890658428244,0.03767012527200053,0.29118399895795327,0.43731118364072685,0.18202494219106302,0.18202494219106302,0.015521465941752507,0.0733949660359855,0.05320337063740088
100000,24,0.6870366206084235,0.15833808430622548,0.04808618672643805,0.04808618672643805,0.010587349210932663,0.12134293719411737,0.2822091388831927,0.7630464949060204,0.12298635945953046,0.03383091420096873,0.04745793995873082,0.003848814733328862,0.005087384887823898,0.025875144788744753,0.8308110604343428,0.07831970457638565,0.017911411754033435,0.029058304204912525,0.0021510559308369342,0.0010833059793864397,0.02832259465288267,0.29610072806934673,0.4339946478350363,0.17933287240196982,0.17933287240196982,0.015225512601118416,0.0752249130872622,0.07459117103059562
100000,25,0.6727213217841302,0.16748348126557905,0.04656127018237488,0.04656127018237488,0.008015819745528452,0.11759781206409092,0.15550602532769964,0.7646905157387622,0.12197331368599523,0.036926765051443544,0.048122769282587435,0.00394161535687422,0.004389811784975217,0.030858649520539905,0.8278672595180088,0.07972311620390665,0.01933147895855114,0.03014997914837632,0.0020884519154059783,0.0009652300329321406,0.03387173812499522,0.29362090316001005,0.4336947173754099,0.18462029013036918,0.18462029013036918,0.015391611484092266,0.07964837446539608,0.07950459851867175
100000,26,0.6329017895298058,0.18681291597327,0.07311827956989247,0.07311827956989247,0.0110266438401549,0.10124746009441876,0.3279160891399711,0.756113463363076,0.12719740701125676,0.04169833244230614,0.04736081715722895,0.00356817627384709,0.0069605412567900204,0.033534396058973015,0.8211072869130487,0.08294065220519803,0.022115850996881514,0.029072493286249126,0.001350859026234219,0.003687637628327578,0.041234729694565986,0.2858151352973013,0.4406220928009676,0.19401576263337916,0.19401576263337916,0.01521714397672718,0.07033284370169213,0.05483957738545042
100000,27,0.6525534979265124,0.17656797275864905,0.060646403408159855,0.060646403408159855,0.004643775320931555,0.045893285041367804,0.3781740635815338,0.7529737168494598,0.12890258573290975,0.03980647608246246,0.05089510038711041,0.005050668170317241,0.0034764771160055163,0.03226722756705003,0.8262596743490002,0.08030988319224852,0.016526563333734923,0.03340779131121788,0.0037252714059223327,0.004515656204413632,0.045109189071925404,0.29178686092129513,0.43575586705336655,0.186866032095247,0.186866032095247,0.01672276142385544,0.07290745771778706,0.08143189686270835
100000,28,0.6391169720474383,0.18285583178035975,0.0738892354612879,0.0738892354612879,0.0034409925502084174,0.09311537252436342,0.22487916011898412,0.7594942369771963,0.12495835796265697,0.03695477232988298,0.04874842507359889,0.004941391843275925,0.00483654158539526,0.02748851698344479,0.824659152962801,0.08115599545654578,0.021340977791680427,0.03047192231549238,0.002390604940763069,0.0006159194042026916,0.04420347729565666,0.2883341441511726,0.43699714827895475,0.18792012697903782,0.18792012697903782,0.014086008312838509,0.06988234097254586,0.06065636318306422
100000,29,0.652754716981132,0.17590442054958189,0.04931260552108219,0.04931260552108219,0.007645190068873223,0.11385676607831208,0.2897055731160288,0.762435696484334,0.1234652958150319,0.03252769612774353,0.05049189003592772,0.0055983259520399065,0.002809759764043185,0.027952742503728423,0.8303484615325265,0.07853952801708053,0.021199842701324467,0.027944224966194975,0.0014938307179361357,0.0033602508704737577,0.03427839058633064,0.2878954245842251,0.4383888618428014,0.1873181287303608,0.1873181287303608,0.01571475231158636,0.06995370356147712,0.08812098410644953
185026,0,0.651643609221318,0.17644181253938596,0.052772896494517885,0.052772896494517885,0.005139951327434673,0.09463124617987984,0.24526289097711884,0.7612648534660794,0.12397142186966964,0.03595741321754087,0.04875927675427351,0.004636058007413554,0.004063059943194114,0.02614506397572225,0.8302202897277289,0.07848419425002934,0.018896035008931444,0.029225097046877258,0.0025177596151814974,0.0010322960963649042,0.03409510997232901,0.29088367231681644,0.4361322989540718,0.183986206672197,0.183986206672197,0.01564829736906418,0.07034926818358123,0.06526675179538632
185026,0,0.651643609221318,0.17644181253938596,0.052772896494517885,0.052772896494517885,0.005139951327434673,0.09463124617987984,0.24526289097711884,0.7612648534660794,0.12397142186966964,0.03595741321754087,0.04875927675427351,0.004636058007413554,0.004063059943194114,0.02614506397572225,0.8302202897277289,0.07848419425002934,0.018896035008931444,0.029225097046877258,0.0025177596151814974,0.0010322960963649042,0.03409510997232901,0.29088367231681644,0.4361322989540718,0.183986206672197,0.183986206672197,0.01564829736906418,0.07034926818358123,0.06526675179538632
185026,0,0.651643609221318,0.17644181253938596,0.052772896494517885,0.052772896494517885,0.005139951327434673,0.09463124617987984,0.24526289097711884,0.7612648534660794,0.12397142186966964,0.03595741321754087,0.04875927675427351,0.004636058007413554,0.004063059943194114,0.02614506397572225,0.8302202897277289,0.07848419425002934,0.018896035008931444,0.029225097046877258,0.0025177596151814974,0.0010322960963649042,0.03409510997232901,0.29088367231681644,0.4361322989540718,0.183986206672197,0.183986206672197,0.01564829736906418,0.07034926818358123,0.06526675179538632
