Model,A_SR,A_TPR,A_PPV,Accuracy,AUC,Acc_Drop_pp,DI_RACE,Race_Fair,DI_AGE,Age_Fair,DI_SEX,Sex_Fair,DI_ETH,Eth_Fair,Total_Fair
Standard,0.0,0.0,0.0,0.8776009858074001,0.9527086438132844,0.0,0.651643609221318,4,0.29088367231681644,2,0.7612648534660794,5,0.8302202897277289,7,18
Standard,0.0,0.0,0.4,0.8771740187865489,0.9527086438132844,0.042696702085121,0.6271858110547693,4,0.2675389122987475,2,0.7576854175749781,5,0.8255474773642766,7,18
Standard,0.0,0.0,0.8,0.8766605774323608,0.9527086438132844,0.09404083750392811,0.5950354562538768,4,0.24277852745974074,2,0.7527566201970174,5,0.8178876027971098,7,18
Standard,0.0,0.4,0.0,0.8765038427031877,0.9527086438132844,0.10971431042123836,0.6850358182589779,3,0.34444101060469356,1,0.7867422921026297,5,0.8441635617425352,7,16
Standard,0.0,0.4,0.4,0.8776442229740685,0.9527086438132844,-0.004323716666843058,0.6412429564114018,4,0.3147106157150882,2,0.7794739969355128,5,0.8386086712290136,7,18
Standard,0.0,0.4,0.8,0.8775901765157329,0.9527086438132844,0.0010809291667190912,0.6136633618655815,4,0.2883689759038837,2,0.7739331190380073,5,0.8320479655586944,7,18
Standard,0.0,0.8,0.0,0.8726557348696939,0.9527086438132844,0.4945250937706147,0.7207750059837299,3,0.4103196810348537,3,0.8143346517133172,7,0.8631151493670673,7,20
Standard,0.0,0.8,0.4,0.8757796201614908,0.9527086438132844,0.18213656459092897,0.6616445245527295,4,0.3723827403915032,3,0.8055273843513913,7,0.8533980018844052,7,21
Standard,0.0,0.8,0.8,0.8769686422448737,0.9527086438132844,0.0632343562526394,0.6155741133978202,4,0.34050836508136606,1,0.7988524742144094,5,0.8455946548993812,7,17
Standard,0.0,1.0,0.0,0.8687697945153654,0.9527086438132844,0.883119129203469,0.7436745440534293,3,0.45804669266405335,3,0.8351226963874621,7,0.8765705776139242,7,20
Standard,0.0,1.0,0.4,0.8729205625155384,0.9527086438132844,0.46804232918616906,0.7041961361437991,3,0.4081557313772928,3,0.819432472821726,7,0.8642960890855159,7,20
Standard,0.0,1.0,0.8,0.8756553133073189,0.9527086438132844,0.19456725000811526,0.6302923377797457,3,0.37052515522468865,3,0.8116351619301412,7,0.8541348507034631,7,20
Standard,0.3,0.0,0.0,0.8744716958697697,0.9527086438132844,0.31292899376303973,0.7043619063442944,3,0.36952785229650226,3,0.7917911364977431,5,0.8511622870555654,7,18
Standard,0.3,0.0,0.4,0.8757958340989915,0.9527086438132844,0.1805151708408559,0.6600430465271518,3,0.3383008870105821,1,0.7850400593850811,5,0.8439838118529611,7,16
Standard,0.3,0.0,0.8,0.8766876006615286,0.9527086438132844,0.09133851458714703,0.6297267660857814,4,0.30875213256686,2,0.779575427441388,5,0.8352428569131908,7,18
Standard,0.3,0.4,0.0,0.8681698788278404,0.9527086438132844,0.9431106979559734,0.7318415919427553,3,0.4474517676895931,3,0.8240120972525884,7,0.87253237587357,7,20
Standard,0.3,0.4,0.4,0.871958535557165,0.9527086438132844,0.5642450250235131,0.6847133047975744,3,0.4010562201191332,3,0.8134837055544614,7,0.8601804537578539,7,20
Standard,0.3,0.4,0.8,0.8740447288489185,0.9527086438132844,0.35562569584816073,0.6455354821630873,3,0.3656663993913258,1,0.8055464445686996,7,0.852116087685106,7,18
Standard,0.3,0.8,0.0,0.8558526909731605,0.9527086438132844,2.1748294834239568,0.8192228788236572,5,0.5722025851692772,3,0.8763067385867431,7,0.9048064935787579,7,22
Standard,0.3,0.8,0.4,0.8634678369526445,0.9527086438132844,1.4133148854755584,0.7622562021208897,3,0.49801799700121213,3,0.8535062623101886,7,0.8878518980352558,7,20
Standard,0.3,0.8,0.8,0.8685103715153546,0.9527086438132844,0.9090614292045496,0.6934048878590477,3,0.4407879750649438,3,0.837669334169648,7,0.8751615412846924,7,20
Standard,0.3,1.0,0.0,0.8433301265768054,0.9527086438132844,3.4270859230594697,0.8930304892501366,4,0.6897612277783932,1,0.9222078319546337,6,0.9364413852156376,7,18
Standard,0.3,1.0,0.4,0.8561445418481727,0.9527086438132844,2.145644395922741,0.8237806269604654,5,0.5663285562102294,3,0.8817365095107337,7,0.9060297284927907,7,22
Standard,0.3,1.0,0.8,0.8632678650568029,0.9527086438132844,1.4333120750597228,0.7413660406133254,3,0.493211587575215,3,0.8605083749622169,7,0.888332632927659,7,20
Standard,0.5,0.0,0.0,0.8672781122653033,0.9527086438132844,1.0322873542096822,0.7332166290507465,3,0.44105403976349633,3,0.8179641977922714,7,0.8709960121729073,7,20
Standard,0.5,0.0,0.4,0.870672229848778,0.9527086438132844,0.6928755958622079,0.6878483393555412,3,0.3978978205697729,3,0.8070421584759694,7,0.8606133710676689,7,20
Standard,0.5,0.0,0.8,0.8724341443905181,0.9527086438132844,0.5166841416881951,0.6634673122667234,3,0.36347360761337505,1,0.7994005599047902,6,0.85186591053089,7,17
Standard,0.5,0.4,0.0,0.8553987007231416,0.9527086438132844,2.2202285084258477,0.8133110290278288,5,0.5602746155883731,3,0.8652547323536306,7,0.9020747766816241,7,22
Standard,0.5,0.4,0.4,0.8623058380984294,0.9527086438132844,1.5295147708970669,0.751411455324176,3,0.4901776983435125,3,0.8456426695503846,7,0.887036526707273,7,20
Standard,0.5,0.4,0.8,0.8670943543069622,0.9527086438132844,1.0506631500437846,0.6969602252044556,3,0.4348651902515607,3,0.8314210678082316,7,0.8728621661072401,7,20
Standard,0.5,0.8,0.0,0.8236464064509853,0.9527086438132844,5.395457935641479,0.9409443614980584,4,0.8232787024445546,3,0.9788262508873339,5,0.9846518248288676,7,19
Standard,0.5,0.8,0.4,0.8456000778269,0.9527086438132844,3.2000907980500037,0.860806120058565,4,0.6491545621892432,1,0.9092043132573103,6,0.928950577960882,7,18
Standard,0.5,0.8,0.8,0.8557067655356545,0.9527086438132844,2.189422027174559,0.8129775319542356,4,0.5496782082926379,1,0.8776412522246387,7,0.9056326112466769,7,19
Standard,0.5,1.0,0.0,0.7905213321371051,0.9527086438132844,8.707965367029502,0.9154628613389973,4,0.7401013608148856,1,0.9185460640612171,5,0.955146258618857,6,16
Standard,0.5,1.0,0.4,0.8256028882427334,0.9527086438132844,5.199809756466667,0.8865719702750844,4,0.8333416496911494,3,0.9806838536167863,5,0.9861254881216132,7,19
Standard,0.5,1.0,0.8,0.8460324494935847,0.9527086438132844,3.15685363138154,0.8441628609620676,4,0.6402964879940629,1,0.9143334106567429,6,0.9315285228805139,7,18
Standard,0.6,0.0,0.0,0.86144109476506,0.9527086438132844,1.6159891042340058,0.7580267498196062,3,0.4915697033265996,3,0.835607620596863,7,0.8850968745827944,7,20
Standard,0.6,0.0,0.4,0.8664025596402668,0.9527086438132844,1.119842616713329,0.712345917375358,3,0.43534522487276406,3,0.8213353052376906,7,0.8714954055565151,7,20
Standard,0.6,0.0,0.8,0.8697426307654059,0.9527086438132844,0.785835504199417,0.690311065334274,3,0.39386282082658136,1,0.8122391872904016,7,0.8605741095971778,7,18
Standard,0.6,0.4,0.0,0.8452649897852194,0.9527086438132844,3.2335996022180735,0.8598893420855871,5,0.647490527647801,1,0.8965612543006517,6,0.9234568617287802,7,19
Standard,0.6,0.4,0.4,0.8552581799314691,0.9527086438132844,2.234280587593096,0.7890702629366354,3,0.5500490895212113,1,0.867126319819407,7,0.9034097262937129,7,18
Standard,0.6,0.4,0.8,0.8615924248483997,0.9527086438132844,1.6008560959000384,0.7370517245599862,3,0.48356822544874173,1,0.847142157553203,7,0.8868922634418046,7,18
Standard,0.6,0.8,0.0,0.7887161804286965,0.9527086438132844,8.888480537870358,0.9314153629489025,4,0.7490813992291454,1,0.9181012852942568,5,0.9510291196393291,6,16
Standard,0.6,0.8,0.4,0.8281268578470052,0.9527086438132844,4.947412796039485,0.9075309849804581,4,0.8010538722156585,3,0.9644429234662453,6,0.9742673042516379,7,20
Standard,0.6,0.8,0.8,0.8459459751602477,0.9527086438132844,3.165501064715237,0.836848357457751,4,0.6330238313099037,1,0.9080050579394915,6,0.9283697141155594,7,18
Standard,0.6,1.0,0.0,0.7801390074908391,0.9527086438132844,9.7461978316561,0.9275233033110306,4,0.7376270907941532,1,0.9024949665020626,5,0.947611756740092,6,16
Standard,0.6,1.0,0.4,0.790569973949607,0.9527086438132844,8.703101185779305,0.8905683908217653,4,0.780693934046651,1,0.9153042930595126,5,0.9541477172680748,6,16
Standard,0.6,1.0,0.8,0.8289429593678727,0.9527086438132844,4.865802643952744,0.880925051182993,4,0.7872614739682128,1,0.9691597296448087,6,0.9772815833152462,7,18
Standard,0.7,0.0,0.0,0.8543826273064327,0.9527086438132844,2.321835850096743,0.8047661370552436,5,0.5514972677379293,1,0.855655594893135,7,0.9005515886364176,7,20
Standard,0.7,0.0,0.4,0.8609708905775405,0.9527086438132844,1.6630095229859587,0.7502053963476287,3,0.48366261894214,1,0.8364384211609934,7,0.8862456205585323,7,18
Standard,0.7,0.0,0.8,0.8652513700777188,0.9527086438132844,1.2349615729681296,0.7190579559566395,3,0.43192648939510997,1,0.8239536899651431,7,0.8719005243805706,7,18
Standard,0.7,0.4,0.0,0.8287646060553652,0.9527086438132844,4.8836379752034915,0.9267634583910795,4,0.7939288032853213,2,0.9476983994381694,6,0.9641533090872834,7,19
Standard,0.7,0.4,0.4,0.8458973333477458,0.9527086438132844,3.170365245965434,0.8286646265339058,5,0.6308750061856773,1,0.8963118651405686,7,0.9229533871778164,7,20
Standard,0.7,0.4,0.8,0.85431777155643,0.9527086438132844,2.328321425097013,0.7810064852952698,3,0.5415503734882207,1,0.86835906990373,7,0.9027578249625706,7,18
Standard,0.7,0.8,0.0,0.7778312237199096,0.9527086438132844,9.976976208749043,0.9367756596389346,4,0.7482531633926629,1,0.9021845649948449,5,0.9438344630158216,6,16
Standard,0.7,0.8,0.4,0.795688173553987,0.9527086438132844,8.191281225341307,0.899105281071207,4,0.846974968254101,3,0.9389400625174462,5,0.9556884395594594,6,18
Standard,0.7,0.8,0.8,0.8301536000345897,0.9527086438132844,4.744738577281038,0.8791629548075379,4,0.7640005070138951,1,0.9561670577420756,6,0.9681163257298625,7,18
Standard,0.7,1.0,0.0,0.7637142888026548,0.9527086438132844,11.38866970047453,0.9113159519509174,3,0.719885991466305,1,0.8712087690846826,5,0.9405965199652071,6,15
Standard,0.7,1.0,0.4,0.7773880427615578,0.9527086438132844,10.021294304584227,0.9018881211254668,4,0.7656544209214614,1,0.8913299518809215,5,0.9436675770533484,6,16
Standard,0.7,1.0,0.8,0.8000389134500017,0.9527086438132844,7.756207235739843,0.9013210030283304,4,0.9080234079008415,3,0.9450089843527636,5,0.9570975923674189,6,18
Standard,0.8,0.0,0.0,0.8446056229935253,0.9527086438132844,3.299536281387483,0.8487559509773305,5,0.6329001376218524,1,0.8825028769555543,7,0.9217376333271932,7,20
Standard,0.8,0.0,0.4,0.8536692140564028,0.9527086438132844,2.3931771750997255,0.8037854381940209,5,0.5432163434034302,1,0.8573625277305268,7,0.9013791389552341,7,20
Standard,0.8,0.0,0.8,0.8595981105358166,0.9527086438132844,1.8002875271583507,0.7778981435158403,3,0.47850100921788385,1,0.8396992662243722,7,0.8860898709373025,7,18
Standard,0.8,0.4,0.0,0.7925750975538572,0.9527086438132844,8.502588825354284,0.9445145205859591,4,0.8305057111843372,3,0.9464458531476366,5,0.9523123452064671,6,18
Standard,0.8,0.4,0.4,0.8301968372012583,0.9527086438132844,4.740414860614184,0.8914710059274431,4,0.7598815997705026,1,0.9397721968226787,6,0.960157593521822,7,18
Standard,0.8,0.4,0.8,0.8447785716601991,0.9527086438132844,3.2822414147200996,0.8232886077226572,4,0.6199672059859709,1,0.8946346590334767,7,0.9230662061018459,7,19
Standard,0.8,0.8,0.0,0.7604390734275183,0.9527086438132844,11.716191237988182,0.9345730484532131,3,0.7309343203608905,1,0.8698298199261278,5,0.9365721188968218,6,15
Standard,0.8,0.8,0.4,0.7746749105531114,0.9527086438132844,10.292607525428865,0.9229783284948493,4,0.7791199100421573,1,0.8907693092143762,5,0.9409680313850567,6,16
Standard,0.8,0.8,0.8,0.8012117215958838,0.9527086438132844,7.638926421151626,0.9009636667396038,4,0.9612838947805548,3,0.9578464274151056,5,0.952491014630017,6,18
Standard,0.8,1.0,0.0,0.7428847837601202,0.9527086438132844,13.471620204727985,0.8981188347473503,3,0.6877822402122011,1,0.8341966483010618,5,0.9100561771648421,5,14
Standard,0.8,1.0,0.4,0.7600553435733356,0.9527086438132844,11.75456422340645,0.8997935908436763,5,0.7362733087721764,1,0.8594302875898605,5,0.9361414994715289,6,17
Standard,0.8,1.0,0.8,0.7732751072822198,0.9527086438132844,10.432587852518028,0.9213880964856106,4,0.7901942213697796,1,0.8793938516553591,5,0.9393039602895309,6,16
Standard,0.9,0.0,0.0,0.8294942332428956,0.9527086438132844,4.810675256450447,0.9084572453151016,3,0.7589853419460301,1,0.9209543333385476,6,0.9546391356514053,7,17
Standard,0.9,0.0,0.4,0.8439678747851653,0.9527086438132844,3.3633111022234763,0.8365722596797938,5,0.6201875975730843,1,0.8811525545447202,7,0.9205763933526847,7,20
Standard,0.9,0.0,0.8,0.8522315782646763,0.9527086438132844,2.5369407542723765,0.8002017703518041,4,0.5370767551997168,1,0.8594511416434456,7,0.9027601386561607,7,19
Standard,0.9,0.4,0.0,0.7718482807821604,0.9527086438132844,10.57527050252397,0.9374745209961779,3,0.7733214905879615,1,0.9012639585074377,5,0.9353489246021953,6,15
Standard,0.9,0.4,0.4,0.8009847264708744,0.9527086438132844,7.661625933652571,0.929169513768793,4,0.9653373156204915,3,0.9737245657714678,5,0.9584797751572692,6,18
Standard,0.9,0.4,0.8,0.8303049301179294,0.9527086438132844,4.72960556894707,0.8584675595177274,4,0.7346879562087346,1,0.9311782362928095,6,0.9556419883455143,7,18
Standard,0.9,0.8,0.0,0.7385124252807713,0.9527086438132844,13.908856052662877,0.889330054449677,3,0.6677117890383897,1,0.8380842314679995,5,0.9057414883727993,5,14
Standard,0.9,0.8,0.4,0.7564720633856863,0.9527086438132844,12.11289224217138,0.9329191951343052,5,0.7198459121003005,1,0.8588817432592979,5,0.9328452862356806,6,17
Standard,0.9,0.8,0.8,0.7702701241987613,0.9527086438132844,10.73308616086388,0.9316934976720109,4,0.7752114326195997,1,0.8791747760543231,5,0.9373720306369426,6,16
Standard,0.9,1.0,0.0,0.7217580231967399,0.9527086438132844,15.584296261066022,0.8688570650142908,3,0.5828356811932768,1,0.8161871063816593,5,0.9105695016366153,6,15
Standard,0.9,1.0,0.4,0.7388150854474507,0.9527086438132844,13.878590035994943,0.9149098119425646,3,0.6740094251895163,1,0.8237589048104995,5,0.9155615429870082,5,14
Standard,0.9,1.0,0.8,0.7543156096980965,0.9527086438132844,12.328537610930358,0.8998628790843697,4,0.7217605452355126,1,0.847194838048696,5,0.9294424167235006,6,16
Standard,1.0,0.0,0.0,0.8026007155751084,0.9527086438132844,7.500027023229173,0.9874724836429083,3,0.9984269085772466,3,0.9985786952082313,5,0.9824919995388046,6,17
Standard,1.0,0.0,0.4,0.8294185682012257,0.9527086438132844,4.818241760617436,0.8731561926199629,4,0.734483569772032,1,0.9151357949308921,6,0.9500304750730599,7,18
Standard,1.0,0.0,0.8,0.8419249186600802,0.9527086438132844,3.5676067147319857,0.8123891740164301,4,0.6107624919559287,1,0.8795737047609915,7,0.9209437301777209,7,19
Standard,1.0,0.4,0.0,0.7524185790105175,0.9527086438132844,12.518240679688263,0.940691688899542,3,0.6941648752274407,1,0.8696657419011632,5,0.9255483175989069,6,15
Standard,1.0,0.4,0.4,0.7680109822403338,0.9527086438132844,10.959000356706628,0.9666812792678985,4,0.7587683186780702,1,0.8907929353152843,5,0.9348332730678091,6,16
Standard,1.0,0.4,0.8,0.8055138196793964,0.9527086438132844,7.2087166128003695,0.8908776332480345,4,0.9018057152237735,3,0.9951655297382133,5,0.9772295645779518,6,18
Standard,1.0,0.8,0.0,0.7170397673840433,0.9527086438132844,16.05612184233568,0.8754406293388131,3,0.5639558362144189,1,0.8135787077809845,5,0.9102065113261205,6,15
Standard,1.0,0.8,0.4,0.7339725227805822,0.9527086438132844,14.362846302681787,0.9145102840688173,3,0.6542266413953433,1,0.8213136894949866,5,0.9121528747555879,5,14
Standard,1.0,0.8,0.8,0.7508620410104526,0.9527086438132844,12.673894479694747,0.9129992821052021,4,0.7054760398457722,1,0.8465633272702632,5,0.9271401456247855,6,16
Standard,1.0,1.0,0.0,0.7040578080918357,0.9527086438132844,17.35431777155644,0.8918560973087276,3,0.5034461047359338,1,0.8023453578545753,5,0.9164892082035152,6,15
Standard,1.0,1.0,0.4,0.7134889150713953,0.9527086438132844,16.411207073600476,0.9176876397951714,3,0.5422478906032443,1,0.7881140936226811,3,0.919528333909177,6,13
Standard,1.0,1.0,0.8,0.7326483845513604,0.9527086438132844,14.49526012560397,0.915862029240339,3,0.6415607096716281,1,0.809681183350967,5,0.9216951148624088,6,15
Reweigh_1,0.0,0.0,0.0,0.8665755083069406,0.9455753220986414,1.1025477500459457,0.6941846859159725,3,0.46401946433366176,3,0.8025179765965903,6,0.8724213160499809,7,19
Reweigh_1,0.0,0.0,0.4,0.8736177618280674,0.9455753220986414,0.3983223979332706,0.646839306785976,4,0.36519672980012297,3,0.783262876417131,4,0.8502264658898359,7,18
Reweigh_1,0.0,0.0,0.8,0.8754391274739767,0.9455753220986414,0.21618583334234165,0.6040735622316018,4,0.27706880978874165,2,0.7639660279233705,4,0.8269667014745404,7,17
Reweigh_1,0.0,0.4,0.0,0.866462010744436,0.9455753220986414,1.113897506296413,0.7316322265852806,3,0.4608011635521647,3,0.8146839565589882,6,0.8749225874889424,7,19
Reweigh_1,0.0,0.4,0.4,0.8734934549738955,0.9455753220986414,0.4107530833504569,0.6731756164874994,3,0.3621874073537194,3,0.7948639160712885,4,0.850191484126419,7,17
Reweigh_1,0.0,0.4,0.8,0.875617480786484,0.9455753220986414,0.19835050209160432,0.6210176200204289,4,0.2728586796257193,2,0.7758132538004764,4,0.8272037072055121,7,17
Reweigh_1,0.0,0.8,0.0,0.8659809972652492,0.9455753220986414,1.161998854215085,0.7572281006054064,3,0.4575101128905377,3,0.8271580903607462,6,0.8752375220337205,7,19
Reweigh_1,0.0,0.8,0.4,0.8732988877238874,0.9455753220986414,0.4302098083512673,0.6903991961267927,3,0.35788278644304733,1,0.8072705173537593,6,0.8514993288064507,7,17
Reweigh_1,0.0,0.8,0.8,0.8751472765989645,0.9455753220986414,0.24537092084355727,0.6589217075792616,4,0.2698877058263195,2,0.7882693731477719,4,0.8287065114869486,7,17
Reweigh_1,0.0,1.0,0.0,0.8655053884318961,0.9455753220986414,1.209559737550403,0.7620966624641518,3,0.45568847076029184,3,0.8341436646045421,6,0.8760552743654709,7,19
Reweigh_1,0.0,1.0,0.4,0.8731097251197129,0.9455753220986414,0.44912606876872374,0.7122837562960093,3,0.3547227795184967,1,0.8133941406675977,6,0.8521096759983994,7,17
Reweigh_1,0.0,1.0,0.8,0.8748554257239524,0.9455753220986414,0.2745560083447729,0.6715872691999245,3,0.26786784302838407,2,0.7945651858799376,4,0.8294466958697642,7,16
Reweigh_1,0.3,0.0,0.0,0.8559715931814988,0.9455753220986414,2.1629392625901245,0.7508134094188066,3,0.5565676511686126,3,0.8402313728531096,6,0.8987617906782576,7,19
Reweigh_1,0.3,0.0,0.4,0.8673213494319717,0.9455753220986414,1.0279636375428391,0.6790479121756099,3,0.44129270720478675,3,0.8159248873637073,6,0.8717592413417091,7,19
Reweigh_1,0.3,0.0,0.8,0.8738933987655789,0.9455753220986414,0.370758704182117,0.6279506154517928,4,0.34352125680304585,1,0.7973559800456547,4,0.8474323878659871,7,16
Reweigh_1,0.3,0.4,0.0,0.8553662728481403,0.9455753220986414,2.223471295925983,0.7752751102605482,3,0.5539489480156599,3,0.8541748422004315,6,0.9000820159582021,7,19
Reweigh_1,0.3,0.4,0.4,0.8668133127236172,0.9455753220986414,1.0787673083782923,0.7198939654228209,3,0.43742479072460866,3,0.8298714758682331,6,0.871973498851724,7,19
Reweigh_1,0.3,0.4,0.8,0.8735583107238982,0.9455753220986414,0.40426750835018677,0.6700204816070541,3,0.33895261104200175,1,0.8097981413232699,6,0.848181905815368,7,17
Reweigh_1,0.3,0.8,0.0,0.8548258082647844,0.9455753220986414,2.277517754261571,0.8079839838315108,5,0.5500945772014745,3,0.8691883419895312,6,0.9018543596563385,7,21
Reweigh_1,0.3,0.8,0.4,0.8664836293277701,0.9455753220986414,1.111735647962997,0.7560283200096051,3,0.432709968087326,3,0.8441557938967752,6,0.8741261035545135,7,19
Reweigh_1,0.3,0.8,0.8,0.8729205625155384,0.9455753220986414,0.46804232918616906,0.6914536657560313,3,0.3343540172124478,1,0.8229864487693108,6,0.8490251062322995,7,17
Reweigh_1,0.3,1.0,0.0,0.8546042177856085,0.9455753220986414,2.2996768021791625,0.8353901152862784,5,0.5470266820124007,3,0.876007038265266,6,0.9019842314266339,7,21
Reweigh_1,0.3,1.0,0.4,0.8659161415152465,0.9455753220986414,1.1684844292153551,0.7714504596527069,3,0.43040004372093194,3,0.8515614824170972,6,0.8747283155412664,7,19
Reweigh_1,0.3,1.0,0.8,0.8723530747030147,0.9455753220986414,0.5247911104385383,0.7200836774657117,3,0.3311712858438933,1,0.8305027514829231,6,0.8497969185061836,7,17
Reweigh_1,0.5,0.0,0.0,0.8462270167435928,0.9455753220986414,3.1373969063807294,0.7885224759752191,3,0.6352057668041325,1,0.8706621407691296,6,0.9206635593892812,7,17
Reweigh_1,0.5,0.0,0.4,0.8607384908066974,0.9455753220986414,1.6862495000702693,0.7282722622840851,3,0.49769050119375396,3,0.841881468992799,6,0.8879361645476974,7,19
Reweigh_1,0.5,0.0,0.8,0.8696885843070704,0.9455753220986414,0.791240150032968,0.6729850193777249,3,0.3925711078461047,1,0.8209885923271621,6,0.8646232778957578,7,17
Reweigh_1,0.5,0.4,0.0,0.845405510576892,0.9455753220986414,3.219547523050814,0.8225849154074648,5,0.6322862673260479,1,0.8858420856407996,6,0.9217418813869471,7,19
Reweigh_1,0.5,0.4,0.4,0.8602466680358436,0.9455753220986414,1.7354317771556493,0.7628455433684354,3,0.4936140696221975,3,0.8576319847631944,6,0.8884220509911853,7,19
Reweigh_1,0.5,0.4,0.8,0.8690021942862084,0.9455753220986414,0.8598791521191695,0.7002379028860594,3,0.388729639757521,1,0.8346613127207303,6,0.8657854520206053,7,17
Reweigh_1,0.5,0.8,0.0,0.8444759114935199,0.9455753220986414,3.312507431388023,0.864115033457094,5,0.6292807140790184,1,0.9019819602459556,5,0.9247134329721718,7,18
Reweigh_1,0.5,0.8,0.4,0.8593981386399749,0.9455753220986414,1.8202847167425151,0.7960930339138405,4,0.4884172917456012,3,0.872171215322321,6,0.8906326728320326,7,20
Reweigh_1,0.5,0.8,0.8,0.868088809140337,0.9455753220986414,0.9512176667063055,0.7405657052105142,3,0.3816368548296465,1,0.8477718729056137,6,0.8667958059399556,7,17
Reweigh_1,0.5,1.0,0.0,0.8436003588684834,0.9455753220986414,3.40006269389167,0.8614860708397782,5,0.6276863436440793,1,0.911801300195255,5,0.9268773999655378,7,18
Reweigh_1,0.5,1.0,0.4,0.8587549857857815,0.9455753220986414,1.8846000021618625,0.8119592755057842,5,0.48572130672207714,3,0.879485303810466,6,0.8914767643039857,7,21
Reweigh_1,0.5,1.0,0.8,0.8673916098278079,0.9455753220986414,1.020937597959215,0.759580916875898,3,0.3783535519099599,1,0.8557730703645885,6,0.8672502803763007,7,17
Reweigh_1,0.6,0.0,0.0,0.8401413855350058,0.9455753220986414,3.7459600272394256,0.8097265525423064,5,0.6833687760595949,1,0.8892175036320878,5,0.9331311900239503,7,18
Reweigh_1,0.6,0.0,0.4,0.8566579832023608,0.9455753220986414,2.094300260503934,0.7528890540507723,3,0.5305213588155867,3,0.8559725594652517,6,0.8970753961087107,7,19
Reweigh_1,0.6,0.0,0.8,0.8671159728902965,0.9455753220986414,1.0485012917103576,0.6899241526064785,3,0.4167803659947608,1,0.8324021347463872,6,0.870082254605478,7,17
Reweigh_1,0.6,0.4,0.0,0.8393036654308044,0.9455753220986414,3.8297320376595723,0.8653883971694581,5,0.6806619461538093,1,0.9049132429192825,5,0.9351552682219314,7,18
Reweigh_1,0.6,0.4,0.4,0.8558905234939954,0.9455753220986414,2.1710462313404677,0.7879630723250416,3,0.5255513093389009,3,0.8714255948290422,6,0.897795815620779,7,19
Reweigh_1,0.6,0.4,0.8,0.8663485131819312,0.9455753220986414,1.1252472625468912,0.723523367675176,3,0.41158664446530435,1,0.8471829620252832,6,0.8707094205045609,7,17
Reweigh_1,0.6,0.8,0.0,0.8380443829515852,0.9455753220986414,3.955660285581486,0.8851375448740053,5,0.6769865146538837,1,0.9234898393502554,5,0.9372309497839322,7,18
Reweigh_1,0.6,0.8,0.4,0.854793380389783,0.9455753220986414,2.280760541761706,0.8244872311105872,5,0.5198650394739456,3,0.8872818606106094,6,0.9002533400825514,7,21
Reweigh_1,0.6,0.8,0.8,0.8651378725152141,0.9455753220986414,1.2463113292185968,0.760629611152741,3,0.4050170694674509,1,0.8623919803238311,6,0.8724149602897129,7,17
Reweigh_1,0.6,1.0,0.0,0.8370823559932118,0.9455753220986414,4.0518629814188305,0.8929658316245457,4,0.6748471827844517,1,0.9321523897983832,5,0.9388669792422633,7,17
Reweigh_1,0.6,1.0,0.4,0.8540313253272513,0.9455753220986414,2.3569660480148746,0.8362024074185344,5,0.5170136695651601,3,0.8955559090986441,6,0.9010125093749757,7,21
Reweigh_1,0.6,1.0,0.8,0.8640569433485024,0.9455753220986414,1.3544042458897732,0.7808039641179692,3,0.40020072980402,1,0.8723934908480885,6,0.8739972920138572,7,17
Reweigh_1,0.7,0.0,0.0,0.8332072249305503,0.9455753220986414,4.439376087684977,0.8381385781775768,5,0.7350933863736313,1,0.9084533743888811,5,0.9463647676281878,7,18
Reweigh_1,0.7,0.0,0.4,0.8521288899938387,0.9455753220986414,2.5472095813561357,0.7794512593359976,3,0.5640461131668429,1,0.8710287919234541,6,0.9058444955429632,7,17
Reweigh_1,0.7,0.0,0.8,0.8640947758693373,0.9455753220986414,1.350620993806284,0.7088048427588394,3,0.44379851221786365,3,0.8456907952916844,6,0.8784908688173844,7,19
Reweigh_1,0.7,0.4,0.0,0.8321587236388399,0.9455753220986414,4.544226216856018,0.9020839537464034,5,0.7345219193143191,1,0.9269930177397367,5,0.9489451551127313,7,18
Reweigh_1,0.7,0.4,0.4,0.8513235977646385,0.9455753220986414,2.6277388042761585,0.8157961296990643,5,0.5591439747426258,1,0.8870181717850338,6,0.9078347921933939,7,19
Reweigh_1,0.7,0.4,0.8,0.86295980024429,0.9455753220986414,1.4641185563110115,0.7524511127917026,3,0.4383072880392597,1,0.8609758211987429,6,0.879233546080951,7,17
Reweigh_1,0.7,0.8,0.0,0.8303859998054327,0.9455753220986414,4.721498600196739,0.9181656764668192,4,0.7327515328634325,1,0.9466974978198163,5,0.9514342300292484,7,17
Reweigh_1,0.7,0.8,0.4,0.8498373201604099,0.9455753220986414,2.7763665646990177,0.8504643646833624,5,0.5539372712933734,3,0.9036421274793462,6,0.9111581194837561,7,21
Reweigh_1,0.7,0.8,0.8,0.86175996886924,0.9455753220986414,1.584101693816009,0.7901657266910707,4,0.42973946793752604,1,0.8774938054661123,6,0.8818686094200124,7,18
Reweigh_1,0.7,1.0,0.0,0.8290888848053787,0.9455753220986414,4.851210100202142,0.8998708599209967,3,0.7318777344110442,1,0.9566249639918425,5,0.9544880863129819,7,16
Reweigh_1,0.7,1.0,0.4,0.8487888188686995,0.9455753220986414,2.881216693870059,0.8729622692530146,5,0.5503226158902222,3,0.9133658174602223,6,0.9128165799168939,7,21
Reweigh_1,0.7,1.0,0.8,0.8610357463275432,0.9455753220986414,1.6565239479856886,0.7995567310721411,4,0.42680732890490103,1,0.8850442503904141,6,0.8820473460002668,7,18
Reweigh_1,0.8,0.0,0.0,0.8248462378260353,0.9455753220986414,5.275474798136481,0.8839368544663588,5,0.8012928607268791,3,0.9328732978031788,5,0.9619077966734613,7,20
Reweigh_1,0.8,0.0,0.4,0.8465783187227741,0.9455753220986414,3.1022667084625977,0.8109846244825547,5,0.6039138830060975,1,0.8879472714074647,6,0.9185654247108426,7,19
Reweigh_1,0.8,0.0,0.8,0.8603331423691806,0.9455753220986414,1.7267843438219521,0.7304042197140401,3,0.4710677835369576,1,0.8594300311626917,6,0.8862397733385066,7,17
Reweigh_1,0.8,0.4,0.0,0.823343746284306,0.9455753220986414,5.425723952309413,0.9337117351381349,4,0.8017472240864839,3,0.9523449113577136,5,0.9662547582539008,7,19
Reweigh_1,0.8,0.4,0.4,0.8454919849102288,0.9455753220986414,3.210900089717128,0.8335415774631251,5,0.5990294641630002,1,0.9043490750845607,6,0.9211885042526968,7,19
Reweigh_1,0.8,0.4,0.8,0.8591387156399641,0.9455753220986414,1.8462270167435957,0.7822904297160108,3,0.4651792201477296,3,0.8751283111162699,6,0.8885212225451483,7,19
Reweigh_1,0.8,0.8,0.0,0.8207981580966999,0.9455753220986414,5.680282771070022,0.8930093032577565,3,0.801542059262649,3,0.9746029114052625,5,0.9714362740109951,7,18
Reweigh_1,0.8,0.8,0.4,0.8436868332018203,0.9455753220986414,3.391415260557984,0.8846477453312632,5,0.5945686991669132,1,0.9233435155493004,5,0.9244791012661985,7,18
Reweigh_1,0.8,0.8,0.8,0.8575875822857328,0.9455753220986414,2.001340352166725,0.8267874878232201,5,0.45746723162128966,1,0.8931488311386317,6,0.8911659816774317,7,19
Reweigh_1,0.8,1.0,0.0,0.8194199734091425,0.9455753220986414,5.818101239825757,0.8310990501560014,3,0.8026224074049016,3,0.9866774473087987,4,0.975614273568355,7,17
Reweigh_1,0.8,1.0,0.4,0.8424275507226011,0.9455753220986414,3.5173435084798976,0.8962758895869211,4,0.5911186883028176,1,0.9344795552085106,5,0.9261265098237991,7,17
Reweigh_1,0.8,1.0,0.8,0.8569552387232064,0.9455753220986414,2.0645747084193644,0.8379602681987037,5,0.4563577654942157,1,0.901247692583395,6,0.8913531243734619,7,19
Reweigh_1,0.9,0.0,0.0,0.8142801552214284,0.9455753220986414,6.332083058597171,0.9213009078128576,5,0.8852733718887786,3,0.9609189482709568,5,0.9842484624460558,7,20
Reweigh_1,0.9,0.0,0.4,0.8405791618475241,0.9455753220986414,3.7021823959875966,0.8204543188366247,5,0.6495134853920129,1,0.9064945616513406,5,0.9306998617517915,7,18
Reweigh_1,0.9,0.0,0.8,0.8561121139731713,0.9455753220986414,2.148887183422876,0.7555275937438434,3,0.5019111018948991,1,0.87306309101087,6,0.8952933693646151,7,17
Reweigh_1,0.9,0.4,0.0,0.8121507247630063,0.9455753220986414,6.545026104439378,0.9341046383408916,3,0.8885045162204773,3,0.9843937608508703,4,0.9895176079008777,7,17
Reweigh_1,0.9,0.4,0.4,0.8390658610141277,0.9455753220986414,3.853512479327237,0.8782529011746193,5,0.6450655793491669,1,0.9262864722451124,5,0.9344524260412865,7,18
Reweigh_1,0.9,0.4,0.8,0.8546744781814448,0.9455753220986414,2.2926507625955272,0.8009790302847963,5,0.49552268580172204,1,0.8912654214873139,6,0.8971881302237443,7,19
Reweigh_1,0.9,0.8,0.0,0.80911871845038,0.9455753220986414,6.848226735702012,0.831915469732073,3,0.8791890416570605,3,0.990191445261579,4,0.9956640475011194,7,17
Reweigh_1,0.9,0.8,0.4,0.8371093792223796,0.9455753220986414,4.049160658502049,0.918976423443829,4,0.6379824968031294,1,0.9460249351643991,5,0.9373133099170222,7,17
Reweigh_1,0.9,0.8,0.8,0.8533449353063893,0.9455753220986414,2.425605050101076,0.8367117731872027,5,0.4893813060848957,1,0.9082039626321206,6,0.9003440145259823,7,19
Reweigh_1,0.9,1.0,0.0,0.8070325251586263,0.9455753220986414,7.056846064877376,0.819162336026511,3,0.8674839949622272,3,0.974599613759813,4,0.9992839583486758,7,17
Reweigh_1,0.9,1.0,0.4,0.836174375493174,0.9455753220986414,4.142661031422612,0.9150022635923742,4,0.6381486986366314,1,0.9558036596659171,5,0.9381999283847646,7,17
Reweigh_1,0.9,1.0,0.8,0.8526369267021932,0.9455753220986414,2.4964059105206937,0.8585863283478434,5,0.48789995640390144,1,0.9167218566947277,6,0.9018255322817177,7,19
Reweigh_1,1.0,0.0,0.0,0.8006658523666944,0.9455753220986414,7.693513344070569,0.9909262527565885,3,0.9959473723310328,3,0.999346524423884,4,0.9858415206808067,6,16
Reweigh_1,1.0,0.0,0.4,0.8335801454930658,0.9455753220986414,4.402084031433429,0.8608471621325319,5,0.699057236612802,1,0.9274550577820937,5,0.943480797765046,7,18
Reweigh_1,1.0,0.0,0.8,0.8512911698896372,0.9455753220986414,2.6309815917762935,0.7936978513773411,4,0.5335633897584289,1,0.8890080035825599,6,0.9044054363885277,7,18
Reweigh_1,1.0,0.4,0.0,0.7969366467415391,0.9455753220986414,8.066433906586102,0.8764854311026054,3,0.9536348428613963,3,0.9712469037837286,4,0.9755963757077215,6,16
Reweigh_1,1.0,0.4,0.4,0.8318452541804936,0.9455753220986414,4.575573162690649,0.9126321596354233,5,0.6961358790459012,1,0.9482122210479038,5,0.9474298584210209,7,18
Reweigh_1,1.0,0.4,0.8,0.849615729681234,0.9455753220986414,2.798525612616609,0.8447605949885537,5,0.5255258778875811,1,0.9091477400481361,6,0.9082383221800001,7,19
Reweigh_1,1.0,0.8,0.0,0.7924291721163512,0.9455753220986414,8.517181369104886,0.8312421251413523,3,0.9119865510764048,3,0.9421869425611052,4,0.9652930276922057,6,16
Reweigh_1,1.0,0.8,0.4,0.8294239728470594,0.9455753220986414,4.8177012960340715,0.9395725030392712,4,0.691779330563651,1,0.9702927630029065,5,0.9523810332693294,7,17
Reweigh_1,1.0,0.8,0.8,0.848329423972847,0.9455753220986414,2.927156183455304,0.880705707500125,5,0.5230999246791603,1,0.9259610140224861,6,0.9112827651565886,7,19
Reweigh_1,1.0,1.0,0.0,0.7902132673245922,0.9455753220986414,8.738771848280791,0.8156059224883291,3,0.8897821842849072,3,0.9276155913281773,4,0.9594709897035186,6,16
Reweigh_1,1.0,1.0,0.4,0.8283700669095154,0.9455753220986414,4.923091889788466,0.8889797626113322,3,0.6928633578711888,1,0.980559006341472,5,0.9528779164571828,7,16
Reweigh_1,1.0,1.0,0.8,0.8476538432436522,0.9455753220986414,2.9947142563747864,0.8888618759165071,4,0.5215810028766443,1,0.9340992255415211,5,0.9115851493776722,7,17
Reweigh_3,0.0,0.0,0.0,0.8000983645541707,0.8924696976547369,7.750262125322937,0.8189667949677045,5,0.9396107081476011,3,0.9166462936405917,5,0.9970581834836659,6,19
Reweigh_3,0.0,0.0,0.4,0.8345800049722741,0.8924696976547369,4.302098083512595,0.7306957972667276,3,0.736839561293774,1,0.8642615504230283,6,0.939653186197938,6,16
Reweigh_3,0.0,0.0,0.8,0.8630516792234605,0.8924696976547369,1.4549306583939603,0.6556018243672725,3,0.44390910312189347,3,0.8033575408765324,5,0.8732343908768522,6,17
Reweigh_3,0.0,0.4,0.0,0.8205819722633576,0.8924696976547369,5.7019013544042485,0.7776799402301526,3,0.8307145850472937,3,0.8934370008303478,5,0.9606406418482467,6,17
Reweigh_3,0.0,0.4,0.4,0.854782571098116,0.8924696976547369,2.281841470928414,0.7126159827817752,3,0.5291645402877501,3,0.8327745527187044,6,0.8966611186018141,6,18
Reweigh_3,0.0,0.4,0.8,0.8627490190567813,0.8924696976547369,1.485196675061884,0.5912490056986406,2,0.15383905971162717,2,0.7422537944547519,4,0.8044943158822374,6,14
Reweigh_3,0.0,0.8,0.0,0.8393739258266406,0.8924696976547369,3.822705998075948,0.7648049781841483,3,0.6058698459392107,1,0.8646556650168769,6,0.9192684532239371,6,16
Reweigh_3,0.0,0.8,0.4,0.8613275972025554,0.8924696976547369,1.627338860484473,0.6613244290982766,3,0.1754244320346354,2,0.744810901684638,4,0.8147729153834272,6,15
Reweigh_3,0.0,0.8,0.8,0.8243706289926821,0.8924696976547369,5.323035681471799,0.6082001782474455,1,0.09462498454809173,1,0.7787802198769149,4,0.77425911784196,4,10
Reweigh_3,0.0,1.0,0.0,0.8473241598478052,0.8924696976547369,3.027682595959491,0.7500652014711064,3,0.45402212677966164,3,0.8370302864636217,6,0.8859497699039355,6,18
Reweigh_3,0.0,1.0,0.4,0.8596953941608206,0.8924696976547369,1.7905591646579455,0.6481915787988936,3,0.1340120553254102,2,0.7741656486863424,4,0.7998051191405818,5,14
Reweigh_3,0.0,1.0,0.8,0.8095781133462324,0.8924696976547369,6.802287246116768,0.6064558504410066,2,0.08696587436435867,1,0.7328883598937935,3,0.75033021324636,3,9
Reweigh_3,0.3,0.0,0.0,0.8001902435333412,0.8924696976547369,7.741074227405886,0.8572840213364701,5,0.9538837139906873,3,0.9385207158546994,5,0.996969841977632,6,19
Reweigh_3,0.3,0.0,0.4,0.8349204976597884,0.8924696976547369,4.268048814761172,0.7823120284615579,3,0.7277046574429491,1,0.8807328514842044,5,0.9443230765690024,6,15
Reweigh_3,0.3,0.0,0.8,0.8616572805984024,0.8924696976547369,1.5943705208997683,0.740412149914783,3,0.4374632528079205,3,0.814962246749392,6,0.8818998993866629,6,18
Reweigh_3,0.3,0.4,0.0,0.8204576654091857,0.8924696976547369,5.714332039821435,0.8268888260178374,5,0.8196770632990075,3,0.9172570600109352,5,0.9683676636785281,6,19
Reweigh_3,0.3,0.4,0.4,0.8539664695772486,0.8924696976547369,2.3634516230151448,0.7911842357383155,4,0.5196654403621783,3,0.8562742672267125,6,0.9061936790635454,6,19
Reweigh_3,0.3,0.4,0.8,0.8574794893690616,0.8924696976547369,2.0121496438338493,0.6940942020626168,1,0.12732957971409628,1,0.7463610173405167,4,0.7965986395216798,5,11
Reweigh_3,0.3,0.8,0.0,0.8375147276598964,0.8924696976547369,4.008625814750366,0.8611449281837068,5,0.5905487200294465,3,0.8986028671587302,6,0.9292698838099176,6,20
Reweigh_3,0.3,0.8,0.4,0.858209116556592,0.8924696976547369,1.9391869250808047,0.7326925373910966,3,0.13585777742033203,2,0.7755925051738272,4,0.8096584729363522,6,15
Reweigh_3,0.3,0.8,0.8,0.813745095283906,0.8924696976547369,6.385589052349405,0.6082057883308415,1,0.08809479223224541,1,0.7463414625918275,3,0.7648003186193496,4,9
Reweigh_3,0.3,1.0,0.0,0.842822089868451,0.8924696976547369,3.4778895938949117,0.8671593513815469,5,0.42539139610677007,3,0.8855767742567412,6,0.9028369216292461,6,20
Reweigh_3,0.3,1.0,0.4,0.8572741128273864,0.8924696976547369,2.0326872980013677,0.7662932674882204,4,0.1260976189034988,2,0.7867905356496361,5,0.8013547619017994,6,17
Reweigh_3,0.3,1.0,0.8,0.8095240668878968,0.8924696976547369,6.807691891950329,0.6221907910543563,1,0.08746793736695443,1,0.7522771651243563,3,0.7551339845976872,3,8
Reweigh_3,0.5,0.0,0.0,0.8000064855750003,0.8924696976547369,7.759450023239978,0.8913026517360009,5,0.9622702933974973,3,0.9534216490855855,5,0.9939100292039224,6,19
Reweigh_3,0.5,0.0,0.4,0.8345637910347735,0.8924696976547369,4.303719477262657,0.8125820514445581,5,0.7216339746509955,1,0.89327334008998,5,0.9490843497871553,6,17
Reweigh_3,0.5,0.0,0.8,0.8595981105358166,0.8924696976547369,1.8002875271583507,0.7979736291006823,4,0.42564989903717576,1,0.8205885595439721,6,0.8854253740308312,6,17
Reweigh_3,0.5,0.4,0.0,0.8198469404299936,0.8924696976547369,5.775404537740647,0.8728612457619995,5,0.8104351717125203,3,0.9358322713119146,5,0.9749551594157768,6,19
Reweigh_3,0.5,0.4,0.4,0.8519127041604964,0.8924696976547369,2.5688281646903732,0.8288581477191143,5,0.505139365065766,3,0.8734148463747113,6,0.9113802598632892,6,20
Reweigh_3,0.5,0.4,0.8,0.8503453568687643,0.8924696976547369,2.7255628938635756,0.7160087220002354,2,0.11590993371910291,1,0.7520758426351382,4,0.7946284906687239,4,11
Reweigh_3,0.5,0.8,0.0,0.834153037951423,0.8924696976547369,4.344794785597705,0.903786267304415,5,0.566097707414487,3,0.9313670972263978,5,0.9317546211088985,6,19
Reweigh_3,0.5,0.8,0.4,0.8596737755774864,0.8924696976547369,1.7927210229913726,0.7964809152027619,4,0.191894903580093,2,0.8080742614692342,6,0.8360094852929058,6,18
Reweigh_3,0.5,0.8,0.8,0.8133073189713879,0.8924696976547369,6.4293666836012235,0.6391608642807414,1,0.08870116608011422,1,0.7523678983640357,3,0.7701349275467805,4,9
Reweigh_3,0.5,1.0,0.0,0.8377363181390723,0.8924696976547369,3.9864667668327747,0.8659212583522029,3,0.41826636637151904,1,0.9151078252951791,6,0.9169943073112394,6,16
Reweigh_3,0.5,1.0,0.4,0.8555338168689806,0.8924696976547369,2.2067168938419535,0.7800148193213792,4,0.12476674500252771,2,0.7939973366100839,5,0.7986722242506603,5,16
Reweigh_3,0.5,1.0,0.8,0.8087512025336979,0.8924696976547369,6.8849783273702165,0.6310678778902857,1,0.08812524507993973,1,0.764352095725376,3,0.7590073261066873,4,9
Reweigh_3,0.6,0.0,0.0,0.7997254439916552,0.8924696976547369,7.787554181574485,0.9055784497617086,5,0.9703118551171199,3,0.9628465677573973,5,0.9915517724522873,5,18
Reweigh_3,0.6,0.0,0.4,0.8342178937014257,0.8924696976547369,4.338309210597435,0.8391838568926491,5,0.7175556800337813,1,0.899988221340936,5,0.9517261477902883,6,17
Reweigh_3,0.6,0.0,0.8,0.8578253867024094,0.8924696976547369,1.9775599104990715,0.8101114824823401,5,0.4171913730486692,1,0.8224778225900887,6,0.8863566356712983,6,18
Reweigh_3,0.6,0.4,0.0,0.8192956665549707,0.8924696976547369,5.830531925242943,0.9023990282417248,5,0.8054431438275714,3,0.9457913727705258,5,0.9771613303228867,6,19
Reweigh_3,0.6,0.4,0.4,0.8506858495562786,0.8924696976547369,2.691513625112152,0.8532057305449754,5,0.49310518545804155,1,0.8847469917334206,6,0.9143802609499907,6,18
Reweigh_3,0.6,0.4,0.8,0.8455676499518987,0.8924696976547369,3.203333585550139,0.714599463059136,2,0.12362091033887636,1,0.7458965992196701,3,0.7998697262771522,4,10
Reweigh_3,0.6,0.8,0.0,0.8324019327013501,0.8924696976547369,4.519905310604999,0.8893067317301675,4,0.5533386245396625,3,0.9470082480877294,5,0.9359720281251932,6,18
Reweigh_3,0.6,0.8,0.4,0.8588036275982834,0.8924696976547369,1.8797358209116655,0.7765288858324777,3,0.21629929321514818,2,0.8217492936469414,6,0.8460044461444501,6,17
Reweigh_3,0.6,0.8,0.8,0.8124641942213526,0.8924696976547369,6.513679158604746,0.6420183515622775,1,0.08896495336449528,1,0.7568052637885126,3,0.7716987382681595,4,9
Reweigh_3,0.6,1.0,0.0,0.8369418352015392,0.8924696976547369,4.065915060586089,0.8594734110655207,3,0.4264070627010875,1,0.9242725517799383,6,0.9176002457741127,6,16
Reweigh_3,0.6,1.0,0.4,0.8538205441397425,0.8924696976547369,2.378044166765758,0.7760217379873197,2,0.1240120382689408,2,0.7998560708977553,5,0.7962665801173165,5,14
Reweigh_3,0.6,1.0,0.8,0.8068811950752867,0.8924696976547369,7.0719790732113434,0.6303447579079087,1,0.0884642906064241,1,0.7730977644541617,3,0.7583442646653398,4,9
Reweigh_3,0.7,0.0,0.0,0.7994876395749787,0.8924696976547369,7.811334623242139,0.9319414239775302,5,0.97790388147342,3,0.9708847842328181,4,0.9877428566005925,5,17
Reweigh_3,0.7,0.0,0.4,0.8337260709305719,0.8924696976547369,4.387491487682816,0.8639089417084619,5,0.7114756766670198,1,0.9074046355575375,5,0.9543883039507534,6,17
Reweigh_3,0.7,0.0,0.8,0.8555878633273162,0.8924696976547369,2.2013122480083913,0.8234094309793348,4,0.4036154706753655,1,0.8228603353215065,6,0.8859800066926395,6,17
Reweigh_3,0.7,0.4,0.0,0.8185173975549382,0.8924696976547369,5.908358825246185,0.9404148370627635,3,0.7960881171125638,2,0.9586555247595948,5,0.9796183284075489,6,16
Reweigh_3,0.7,0.4,0.4,0.8480916195561705,0.8924696976547369,2.9509366251229574,0.8701363269541157,4,0.4720577432938616,1,0.8986814785096723,6,0.9135484665207217,6,17
Reweigh_3,0.7,0.4,0.8,0.8386010614724417,0.8924696976547369,3.899992433495836,0.687276714269615,1,0.13357984330094874,2,0.735017112428967,3,0.7985171200622743,4,10
Reweigh_3,0.7,0.8,0.0,0.8301049582220877,0.8924696976547369,4.7496027585312355,0.895726197294902,3,0.5436188912990743,3,0.9621421259256093,5,0.9421252365052345,6,17
Reweigh_3,0.7,0.8,0.4,0.8576578426815691,0.8924696976547369,1.9943143125831009,0.7620599240072953,2,0.23597103000651795,1,0.835235962388282,6,0.8524560465654445,6,15
Reweigh_3,0.7,0.8,0.8,0.8110914141796288,0.8924696976547369,6.650957162777127,0.6372893909942792,1,0.08916246987414714,1,0.762817287325499,3,0.7720522218501655,4,9
Reweigh_3,0.7,1.0,0.0,0.8354123204306422,0.8924696976547369,4.218866537675792,0.8551136283169986,3,0.4339699699475679,1,0.9355477343025664,6,0.9164425936008715,6,16
Reweigh_3,0.7,1.0,0.4,0.8516424718688185,0.8924696976547369,2.5958513938581618,0.763880666173261,2,0.12312404311859623,2,0.8065296214189229,6,0.7928738404296444,5,15
Reweigh_3,0.7,1.0,0.8,0.8063137072627631,0.8924696976547369,7.128727854463701,0.6273379133681073,1,0.08876159104716749,1,0.7760977051852732,3,0.763023224436198,4,9
Reweigh_3,0.8,0.0,0.0,0.7989255564082886,0.8924696976547369,7.867542939911154,0.9417193808845553,5,0.9839029067091816,3,0.9797113013783028,4,0.9861518225959988,5,17
Reweigh_3,0.8,0.0,0.4,0.8331477738263812,0.8924696976547369,4.445321198101892,0.8973440956648535,5,0.7036779805447941,1,0.916416501475299,5,0.956240942890301,6,17
Reweigh_3,0.8,0.0,0.8,0.8522423875563434,0.8924696976547369,2.5358598251056685,0.8242696910747903,3,0.3839198859430828,1,0.8239521480451699,6,0.8874366187169647,6,16
Reweigh_3,0.8,0.4,0.0,0.8173067568882211,0.8924696976547369,6.029422891917902,0.9540162064441797,3,0.7826794557326948,2,0.9741375520836816,5,0.9829558070971554,6,16
Reweigh_3,0.8,0.4,0.4,0.8456811475144034,0.8924696976547369,3.1919838292996716,0.8797522300828177,3,0.45776845264165755,1,0.9064697386458801,6,0.9177117965768903,6,16
Reweigh_3,0.8,0.4,0.8,0.8342070844097587,0.8924696976547369,4.339390139764143,0.6691622180532568,1,0.15154905566625462,2,0.7372526523770648,3,0.7992662446399684,4,10
Reweigh_3,0.8,0.8,0.0,0.8287862246386994,0.8924696976547369,4.881476116870065,0.8811816825447796,3,0.5407332213208839,3,0.9675175638770481,5,0.9437763153435189,6,17
Reweigh_3,0.8,0.8,0.4,0.8555878633273162,0.8924696976547369,2.2013122480083913,0.7479934407531845,1,0.2507285272483579,1,0.8490076503606075,6,0.8565231203687901,6,14
Reweigh_3,0.8,0.8,0.8,0.8092754531795532,0.8924696976547369,6.832553262784691,0.6381182184675485,1,0.08932955271936667,1,0.7707584448827917,3,0.7702195668215244,4,9
Reweigh_3,0.8,1.0,0.0,0.8340827775555868,0.8924696976547369,4.3518208251813295,0.8514773603786807,3,0.4415049186050627,1,0.9451871312557976,6,0.9185917187813372,6,16
Reweigh_3,0.8,1.0,0.4,0.8500210781187508,0.8924696976547369,2.7579907688649263,0.752429147227018,1,0.12224867463239977,2,0.8081420714040376,6,0.7921984470669478,5,14
Reweigh_3,0.8,1.0,0.8,0.8053678942418904,0.8924696976547369,7.223309156550972,0.6260175960961016,1,0.08899871256783021,1,0.7796915370910118,3,0.7673782265311758,4,9
Reweigh_3,0.9,0.0,0.0,0.798185119929091,0.8924696976547369,7.941586587830907,0.9756496151727131,3,0.9888022843430954,3,0.9896868132763349,4,0.9818470898519102,5,15
Reweigh_3,0.9,0.0,0.4,0.8324992163263542,0.8924696976547369,4.5101769481045935,0.9219904413964323,4,0.6963052227477828,1,0.925418615476615,5,0.9589829133473008,6,16
Reweigh_3,0.9,0.0,0.8,0.8475133224519797,0.8924696976547369,3.0087663355420347,0.8137645684946678,3,0.36545079931206487,1,0.8321354183844384,6,0.8807630288077772,6,16
Reweigh_3,0.9,0.4,0.0,0.8157394095964892,0.8924696976547369,6.186157621091093,0.936614745071772,3,0.7754842256371342,2,0.9875091843750933,5,0.9839984350365826,6,16
Reweigh_3,0.9,0.4,0.4,0.8440273258893345,0.8924696976547369,3.35736599180656,0.8598866432537142,3,0.4546063891587838,1,0.908183829106936,6,0.9216166602381151,6,16
Reweigh_3,0.9,0.4,0.8,0.8322127700971755,0.8924696976547369,4.5388215710224555,0.6569388263719534,1,0.1686966284185593,2,0.7528032769373236,3,0.8071194869278804,5,11
Reweigh_3,0.9,0.8,0.0,0.826710840638613,0.8924696976547369,5.089014516878709,0.8380023756805877,3,0.5310425812779848,1,0.9703706339389857,5,0.9464880865692535,6,15
Reweigh_3,0.9,0.8,0.4,0.8537502837439063,0.8924696976547369,2.3850702063493823,0.738710883235328,1,0.2637653658200391,1,0.8605241042966512,6,0.8585275401118423,6,14
Reweigh_3,0.9,0.8,0.8,0.8072595202836358,0.8924696976547369,7.034146552376431,0.6320309767282009,1,0.08949589690142545,1,0.779941372851975,3,0.7725412791282763,4,9
Reweigh_3,0.9,1.0,0.0,0.8326289278263596,0.8924696976547369,4.497205798104053,0.842442810150979,3,0.44856328146453656,1,0.9523395415353461,6,0.9240426550104589,6,16
Reweigh_3,0.9,1.0,0.4,0.8480537870353356,0.8924696976547369,2.9547198772064465,0.7426196219005166,1,0.12143038725615597,2,0.8086849399057475,6,0.7929345280302736,5,14
Reweigh_3,0.9,1.0,0.8,0.8051949455752164,0.8924696976547369,7.240604023218367,0.6221810371658951,1,0.08918552539233679,1,0.7800323246389816,3,0.7697739124018953,4,9
Reweigh_3,1.0,0.0,0.0,0.7975041345540627,0.8924696976547369,8.009685125333743,0.9930629003710593,3,0.9970348110022849,3,0.9997771676384088,4,0.9795751415569461,5,15
Reweigh_3,1.0,0.0,0.4,0.8312615524304693,0.8924696976547369,4.633943337693081,0.9168178196979229,4,0.6848363591251849,1,0.9360368213349816,5,0.9585368202380733,6,16
Reweigh_3,1.0,0.0,0.8,0.8439948980143331,0.8924696976547369,3.360608779306695,0.8014852299542788,2,0.3655232398325463,1,0.8261859505677039,6,0.8785098355451223,6,15
Reweigh_3,1.0,0.4,0.0,0.8132694864505529,0.8924696976547369,6.433149935684723,0.9244593330722587,3,0.7615727079240666,1,0.9926384952517624,5,0.9845346970864464,6,15
Reweigh_3,1.0,0.4,0.4,0.8429355874309556,0.8924696976547369,3.4665398376444445,0.8550199745743112,3,0.4588558114887102,1,0.9134469118538556,6,0.9236907385007799,6,16
Reweigh_3,1.0,0.4,0.8,0.8300995535762542,0.8924696976547369,4.7501432231145895,0.6445641407698817,1,0.18196125575115063,2,0.7683379284384271,3,0.8133804232800745,6,12
Reweigh_3,1.0,0.8,0.0,0.8254407488677267,0.8924696976547369,5.216023693967342,0.8218127120407747,3,0.5363744127712715,1,0.9788580410461741,5,0.9474521412665635,6,15
Reweigh_3,1.0,0.8,0.4,0.8519613459729984,0.8924696976547369,2.563963983440165,0.729472621607521,1,0.27535758381162534,1,0.8664420714574825,6,0.8627344076466409,6,14
Reweigh_3,1.0,0.8,0.8,0.8057840519710744,0.8924696976547369,7.18169338363257,0.6290947127399646,1,0.08966697529314112,1,0.7857250487668539,3,0.7765625562559434,4,9
Reweigh_3,1.0,1.0,0.0,0.8309642969096235,0.8924696976547369,4.663668889777661,0.8249107184311871,3,0.45527672035988437,1,0.9606905584064179,6,0.9293686826785333,6,16
Reweigh_3,1.0,1.0,0.4,0.847902456951996,0.8924696976547369,2.969852885540414,0.7318202108242998,1,0.13442148965216252,2,0.8093515879237847,6,0.8046263447167741,6,15
Reweigh_3,1.0,1.0,0.8,0.8049301179293721,0.8924696976547369,7.267086787802802,0.623617897891584,1,0.08937448641709915,1,0.7806464252691666,3,0.7722079842475275,4,9
Reweigh_8,0.0,0.0,0.0,0.7445007728643542,0.8373950007946549,13.310021294304587,0.7813240012935625,1,0.5889860374168804,0,0.9763905246216723,5,0.9372453414258295,5,11
Reweigh_8,0.0,0.0,0.4,0.7832628927826359,0.8373950007946549,9.433809302476416,0.7842303790886193,1,0.7348268936840875,0,0.9067397857913553,5,0.9899762455948199,6,12
Reweigh_8,0.0,0.0,0.8,0.8333909828888912,0.8373950007946549,4.421000291850885,0.7517485214301031,3,0.5787526848770678,0,0.8192813911407504,6,0.9298940906191469,6,15
Reweigh_8,0.0,0.4,0.0,0.7768746014073697,0.8373950007946549,10.072638440003034,0.7961839782017237,2,0.7656323968573422,0,0.9416241348486789,5,0.9739838949457148,6,13
Reweigh_8,0.0,0.4,0.4,0.8223655053884319,0.8373950007946549,5.52354804189682,0.785396431880467,3,0.6938421307459198,0,0.8543226045129294,6,0.946543985852028,6,15
Reweigh_8,0.0,0.4,0.8,0.8531233448272135,0.8373950007946549,2.4477640980186566,0.6249662705479822,1,0.18146425231940871,1,0.723989474255457,3,0.8018016238087416,5,10
Reweigh_8,0.0,0.8,0.0,0.8086701328461946,0.8373950007946549,6.8930852961205495,0.8099538744475615,5,0.7682263491365714,1,0.8931190250742452,5,0.9607122970722111,6,17
Reweigh_8,0.0,0.8,0.4,0.8546042177856085,0.8373950007946549,2.2996768021791625,0.7175623760740251,3,0.2105023490232134,1,0.7684641292055926,5,0.817077691136664,6,15
Reweigh_8,0.0,0.8,0.8,0.8435463124101478,0.8373950007946549,3.405467339725232,0.5917989668065243,1,0.14939792712430128,0,0.7310070740263322,4,0.779057442314927,4,9
Reweigh_8,0.0,1.0,0.0,0.8232140347843006,0.8373950007946549,5.4386951023099535,0.7811742378478514,4,0.4118344320097569,2,0.8234425024143669,6,0.8788701634094662,6,18
Reweigh_8,0.0,1.0,0.4,0.8418870861392453,0.8373950007946549,3.5713899668154747,0.6754618327021388,1,0.15121638191121267,0,0.7869235748461122,4,0.7824563192300463,5,10
Reweigh_8,0.0,1.0,0.8,0.8377633413682402,0.8373950007946549,3.9837644439159936,0.6306345957377615,1,0.14348117753522005,0,0.7526981586286617,4,0.7771212401513172,4,9
Reweigh_8,0.3,0.0,0.0,0.7589257725941219,0.8373950007946549,11.867521321327823,0.8226964029616701,3,0.67080873700303,0,0.9814461883371653,4,0.9460756968441658,5,12
Reweigh_8,0.3,0.0,0.4,0.7999146065958298,0.8373950007946549,7.768637921157029,0.8421825994303864,5,0.8035270510736224,2,0.903631219183207,5,0.996310535367553,6,18
Reweigh_8,0.3,0.0,0.8,0.8494103531395588,0.8373950007946549,2.8190632667841276,0.7881192895108661,3,0.4246925531341879,0,0.7623963840878094,4,0.8685957868683738,6,13
Reweigh_8,0.3,0.4,0.0,0.7903429788245976,0.8373950007946549,8.725800698280251,0.8542535218295495,4,0.8928200472990385,2,0.9500856136896241,5,0.984951327648422,6,17
Reweigh_8,0.3,0.4,0.4,0.8442489163685104,0.8373950007946549,3.3352069438889687,0.8230749082548025,5,0.5438495017938804,0,0.843392247138686,6,0.9255836104773155,6,17
Reweigh_8,0.3,0.4,0.8,0.8478970523061624,0.8373950007946549,2.970393350123768,0.5772877665814966,1,0.15064649649302886,1,0.7312295748374639,4,0.7815796354691004,4,10
Reweigh_8,0.3,0.8,0.0,0.8183930907007664,0.8373950007946549,5.920789510663371,0.8730297456166309,5,0.5565927764836186,2,0.9316596721757676,6,0.9383370206883642,6,19
Reweigh_8,0.3,0.8,0.4,0.835352869326473,0.8373950007946549,4.224811648092707,0.6662268063643834,1,0.1474308152033042,0,0.7574483538921863,4,0.7959698487462462,5,10
Reweigh_8,0.3,0.8,0.8,0.8367905051181996,0.8373950007946549,4.081048068920046,0.6340215876610061,1,0.14269227759000921,0,0.756152309451965,4,0.776649478307669,4,9
Reweigh_8,0.3,1.0,0.0,0.8223168635759299,0.8373950007946549,5.528412223147017,0.8362284432743257,5,0.2475814967968855,0,0.8143222204455167,6,0.8365268885296044,6,17
Reweigh_8,0.3,1.0,0.4,0.8305967809929415,0.8373950007946549,4.700420481445855,0.6753108642368698,1,0.14456233024636697,0,0.7862261317404737,4,0.7669014425424279,4,9
Reweigh_8,0.3,1.0,0.8,0.8341368240139224,0.8373950007946549,4.346416179347767,0.6481937212774332,1,0.14269227759000921,0,0.7697117509503002,4,0.7639776683266069,4,9
Reweigh_8,0.5,0.0,0.0,0.7684217353236842,0.8373950007946549,10.91792504837159,0.8559354507605857,3,0.7344677111938854,0,0.9831346605183687,4,0.9517824236233321,5,12
Reweigh_8,0.5,0.0,0.4,0.812447980283852,0.8373950007946549,6.515300552354808,0.8763792686644033,5,0.8051144158135598,2,0.8988944815759969,5,0.9842293796168852,6,18
Reweigh_8,0.5,0.0,0.8,0.8451514922227147,0.8373950007946549,3.2449493584685407,0.7104033567374487,1,0.3408302195167571,0,0.8039507084948264,5,0.8883895920889066,6,12
Reweigh_8,0.5,0.4,0.0,0.799703825408321,0.8373950007946549,7.789716039907912,0.9151554450507119,5,0.9170124630149772,2,0.9609004132429028,5,0.9944415753014901,6,18
Reweigh_8,0.5,0.4,0.4,0.8532962934938874,0.8373950007946549,2.4304692313512732,0.7699533052072024,1,0.38069077009941055,0,0.8240385165620491,6,0.8733043403415333,6,13
Reweigh_8,0.5,0.4,0.8,0.8428923502642872,0.8373950007946549,3.4708635543112876,0.5929200248464246,1,0.14755716058547602,0,0.7312725335037614,4,0.781748192982436,4,9
Reweigh_8,0.5,0.8,0.0,0.8202847167425119,0.8373950007946549,5.731626906488819,0.8531745691211255,3,0.42952818684926364,0,0.9343786272725864,6,0.9119844700141561,6,15
Reweigh_8,0.5,0.8,0.4,0.8319641563888318,0.8373950007946549,4.563682941856828,0.673085642251775,1,0.1469313170776154,0,0.7718085626952484,4,0.7842683241821751,5,10
Reweigh_8,0.5,0.8,0.8,0.8344448888264352,0.8373950007946549,4.315609698096489,0.6438189259926009,1,0.14269227759000921,0,0.7664505869495605,4,0.7673021849564979,4,9
Reweigh_8,0.5,1.0,0.0,0.8318668727638278,0.8373950007946549,4.573411304357233,0.7497280684595083,2,0.21097006947599573,0,0.7985636549900252,5,0.7940597154874744,5,12
Reweigh_8,0.5,1.0,0.4,0.8304346416179348,0.8373950007946549,4.71663441894653,0.6805697003380141,1,0.14422579748149322,0,0.7842852489737138,4,0.7638474794391773,4,9
Reweigh_8,0.5,1.0,0.8,0.831007534076292,0.8373950007946549,4.6593451731108075,0.6492947111374745,1,0.14269227759000921,0,0.7802562705031969,4,0.7630886557826049,4,9
Reweigh_8,0.6,0.0,0.0,0.7731562050738815,0.8373950007946549,10.44447807335186,0.8747593309691389,3,0.7721067312918571,0,0.9849872547322855,4,0.9550669237943306,5,12
Reweigh_8,0.6,0.0,0.4,0.8196415638883184,0.8373950007946549,5.795942191908166,0.8780853596062915,5,0.7804519690629694,0,0.8955286766173154,5,0.9752751513517164,6,16
Reweigh_8,0.6,0.0,0.8,0.8454001059310583,0.8373950007946549,3.2200879876341792,0.6703460383837062,1,0.3181800741780976,0,0.8089525522955844,5,0.8829540663431248,6,12
Reweigh_8,0.6,0.4,0.0,0.8044923416168539,0.8373950007946549,7.310864419054619,0.9451024997546557,5,0.8590138882462104,2,0.9727429124684794,5,0.9990704882729347,6,18
Reweigh_8,0.6,0.4,0.4,0.8447839763060326,0.8373950007946549,3.2817009501367456,0.6630034842257532,1,0.31510490860143,0,0.8463804180433165,6,0.8361573612624705,6,13
Reweigh_8,0.6,0.4,0.8,0.8399630322224985,0.8373950007946549,3.763795358490163,0.6036281919419957,1,0.1443358191425318,0,0.7418655663192665,4,0.7840881529183195,4,9
Reweigh_8,0.6,0.8,0.0,0.8259109530552463,0.8373950007946549,5.169003275215378,0.8116730890592935,3,0.3726239177478686,0,0.9104167551859987,6,0.8959830146122636,6,15
Reweigh_8,0.6,0.8,0.4,0.8313480267638061,0.8373950007946549,4.625295904359394,0.6748125617421862,1,0.14659932502557815,0,0.7753820647922334,4,0.7789184056016032,5,10
Reweigh_8,0.6,0.8,0.8,0.8333909828888912,0.8373950007946549,4.421000291850885,0.6342201237217523,1,0.14269227759000921,0,0.7710138876860197,4,0.7676405612813582,4,9
Reweigh_8,0.6,1.0,0.0,0.8274566817636441,0.8373950007946549,5.014430404375602,0.6358174201198633,1,0.1758391326579783,0,0.787508689876043,5,0.745352240263755,4,10
Reweigh_8,0.6,1.0,0.4,0.8304778787846032,0.8373950007946549,4.712310702279687,0.6763115695819598,1,0.14406189593357469,0,0.7844323283233177,4,0.7629989257123855,4,9
Reweigh_8,0.6,1.0,0.8,0.8301698139720904,0.8373950007946549,4.7431171835309645,0.6401240949542374,1,0.14269227759000921,0,0.7788872689680463,4,0.7614386747708318,4,9
Reweigh_8,0.7,0.0,0.0,0.7775555867823981,0.8373950007946549,10.004539902500198,0.89761980512015,4,0.8140187508317472,2,0.985445866429874,4,0.9595472084426706,5,15
Reweigh_8,0.7,0.0,0.4,0.8268783846594533,0.8373950007946549,5.07226011479468,0.9207023367166604,5,0.7373295477032825,0,0.8911763945423481,5,0.9619722450518529,6,16
Reweigh_8,0.7,0.0,0.8,0.8446488601601937,0.8373950007946549,3.29521256472064,0.6449487709023194,1,0.29533386880268975,0,0.8146079723854507,5,0.875486912969534,6,12
Reweigh_8,0.7,0.4,0.0,0.8077945802211581,0.8373950007946549,6.980640558624196,0.9533150088538713,4,0.7873729626460787,1,0.9902848357022362,5,0.9891661774532687,6,16
Reweigh_8,0.7,0.4,0.4,0.8420222022850843,0.8373950007946549,3.5578783522315804,0.6687285105292758,1,0.295014284141503,0,0.8511217238241378,6,0.8777959835131447,6,13
Reweigh_8,0.7,0.4,0.8,0.8362554451806773,0.8373950007946549,4.134554062672279,0.6210311915062573,1,0.14269227759000921,0,0.7511743071855461,4,0.783519995865463,4,9
Reweigh_8,0.7,0.8,0.0,0.8317533752013231,0.8373950007946549,4.5847610606077005,0.760487714170362,2,0.31445515164288823,0,0.8757152899384721,6,0.868913599303241,6,14
Reweigh_8,0.7,0.8,0.4,0.8303427626387643,0.8373950007946549,4.725822316863582,0.6735626943667298,1,0.14626623345544815,0,0.7777229652851781,4,0.7734088146027362,4,9
Reweigh_8,0.7,0.8,0.8,0.8317966123679915,0.8373950007946549,4.580437343940858,0.6312731270849227,1,0.14269227759000921,0,0.7771630596641541,4,0.7683710537375044,4,9
Reweigh_8,0.7,1.0,0.0,0.824505745138521,0.8373950007946549,5.309524066887905,0.6252090746303092,1,0.16822653535734353,0,0.7940629403554937,5,0.7734752428535479,5,11
Reweigh_8,0.7,1.0,0.4,0.8305751624096073,0.8373950007946549,4.702582339779282,0.6753254530771016,1,0.14382803738370872,0,0.7842756816463915,4,0.7624915597244344,4,9
Reweigh_8,0.7,1.0,0.8,0.8298779630970783,0.8373950007946549,4.7723022710321805,0.6386104413837616,1,0.14269227759000921,0,0.7799249017844543,4,0.7618976241132766,4,9
Reweigh_8,0.8,0.0,0.0,0.7821225125117551,0.8373950007946549,9.547847329564496,0.9253789872122967,5,0.8645193074199093,2,0.9906587442540913,4,0.9632076997117326,5,16
Reweigh_8,0.8,0.0,0.4,0.833688238409737,0.8373950007946549,4.391274739766304,0.8770152446587919,4,0.6556077800762625,0,0.870992657309061,5,0.9420776983148142,6,15
Reweigh_8,0.8,0.0,0.8,0.8449515203268729,0.8373950007946549,3.2649465480527162,0.6447132709361807,1,0.2835689084404555,0,0.8127823641839049,5,0.8718049807947461,6,12
Reweigh_8,0.8,0.4,0.0,0.8102699080129279,0.8373950007946549,6.733107779447223,0.9158027481976726,3,0.6960834812217611,1,0.9940005887907611,5,0.9764480041631635,6,15
Reweigh_8,0.8,0.4,0.4,0.8374282533265595,0.8373950007946549,4.017273248084063,0.6781626320266043,1,0.2835918886978795,0,0.8528617755332129,6,0.8806036148664186,6,13
Reweigh_8,0.8,0.4,0.8,0.8348718558472863,0.8373950007946549,4.27291299601138,0.6222834682498849,1,0.14269227759000921,0,0.7577951158039604,4,0.7769961477526339,4,9
Reweigh_8,0.8,0.8,0.0,0.8277485326386562,0.8373950007946549,4.985245316874387,0.6657164375985201,1,0.2369176818967854,0,0.8155253749341662,6,0.8157594411429276,6,13
Reweigh_8,0.8,0.8,0.4,0.8304292369721012,0.8373950007946549,4.717174883529884,0.6691528234166211,1,0.14582617930648034,0,0.77963056219608,4,0.7712657031525632,4,9
Reweigh_8,0.8,0.8,0.8,0.8303373579929307,0.8373950007946549,4.726362781446936,0.6323304979189716,1,0.14269227759000921,0,0.7810646410344785,4,0.7653931848003974,4,9
Reweigh_8,0.8,1.0,0.0,0.8240787781176699,0.8373950007946549,5.352220768973015,0.6292170442050089,1,0.1651221459134881,0,0.7838471392580278,4,0.8003346165421236,6,11
Reweigh_8,0.8,1.0,0.4,0.8304778787846032,0.8373950007946549,4.712310702279687,0.6711136467634502,1,0.14352990405185026,0,0.7835875955893746,4,0.7615474712278238,4,9
Reweigh_8,0.8,1.0,0.8,0.829526661117897,0.8373950007946549,4.807432468950312,0.6371964325297204,1,0.14269227759000921,0,0.7810503979957174,4,0.7624273875074786,4,9
Reweigh_8,0.9,0.0,0.0,0.7875271583453136,0.8373950007946549,9.007382746208648,0.9581118017238294,3,0.9228977165566976,2,0.9947511753307703,4,0.9662835387775829,5,14
Reweigh_8,0.9,0.0,0.4,0.833001848388875,0.8373950007946549,4.459913741852506,0.7881419426924523,1,0.5383896145841068,2,0.8103958811066554,6,0.8994149583138363,6,15
Reweigh_8,0.9,0.0,0.8,0.8443948418060164,0.8373950007946549,3.3206144001383664,0.6404215229821922,1,0.2675759515591421,0,0.8102716986941804,5,0.8680321403253173,6,12
Reweigh_8,0.9,0.4,0.0,0.8139126393047463,0.8373950007946549,6.368834650265375,0.8430282529840472,3,0.5966050861108451,0,0.9958046655554514,5,0.9685661171717463,6,14
Reweigh_8,0.9,0.4,0.4,0.8347151211181131,0.8373950007946549,4.288586468928701,0.6833147116522855,1,0.25247598579416114,0,0.8442381507667589,6,0.878311472462319,6,13
Reweigh_8,0.9,0.4,0.8,0.8338882103055787,0.8373950007946549,4.37127755018214,0.6212424389741045,1,0.14269227759000921,0,0.761780590275482,4,0.7746305359329031,4,9
Reweigh_8,0.9,0.8,0.0,0.8226681655551111,0.8373950007946549,5.493282025228896,0.6380390171527108,1,0.19612301184524658,0,0.8457201752250273,6,0.8154337881209783,6,13
Reweigh_8,0.9,0.8,0.4,0.8305805670554408,0.8373950007946549,4.702041875195928,0.6679222603984867,1,0.14525037038750324,0,0.7829417859722705,4,0.768955906438177,4,9
Reweigh_8,0.9,0.8,0.8,0.8289970058262082,0.8373950007946549,4.8603979981191925,0.6359120785554819,1,0.14269227759000921,0,0.7802745995723447,4,0.7631022966578809,4,9
Reweigh_8,0.9,1.0,0.0,0.8236950482634873,0.8373950007946549,5.390593754391282,0.6311816023046412,1,0.16342862781426307,0,0.7773881027954179,4,0.8073072460806799,6,11
Reweigh_8,0.9,1.0,0.4,0.8303805951595992,0.8373950007946549,4.722039064780093,0.6700006888086186,1,0.14325292527316885,0,0.7816381279475155,4,0.7601667289996437,4,9
Reweigh_8,0.9,1.0,0.8,0.8291050987428794,0.8373950007946549,4.849588706452068,0.6387213148303093,1,0.14269227759000921,0,0.7824872081351395,4,0.7633522054029188,4,9
Reweigh_8,1.0,0.0,0.0,0.7926669765330278,0.8373950007946549,8.493400927437234,0.9962685692614297,3,0.9979492149000274,2,0.9994939652452497,4,0.9730226017049963,5,14
Reweigh_8,1.0,0.0,0.4,0.834704311826446,0.8373950007946549,4.289667398095409,0.7319625227239667,1,0.46939623724344604,0,0.8578783462142635,6,0.8901167904605799,6,13
Reweigh_8,1.0,0.0,0.8,0.8426815690767784,0.8373950007946549,3.491941673062171,0.6431870387309636,1,0.24766484452101922,0,0.8065675096618514,5,0.8661057295759527,6,12
Reweigh_8,1.0,0.4,0.0,0.8166095575756921,0.8373950007946549,6.0991428231708,0.7597838849618592,2,0.5020405450324793,0,0.9689530171114416,5,0.9567535067017052,6,13
Reweigh_8,1.0,0.4,0.4,0.8333423410763893,0.8373950007946549,4.4258644731010826,0.6842492896191237,1,0.22864367979272773,0,0.8284418077251228,6,0.8724883571886431,6,13
Reweigh_8,1.0,0.4,0.8,0.8326289278263596,0.8373950007946549,4.497205798104053,0.6169302963670958,1,0.14269227759000921,0,0.7660091336087163,4,0.7763867474065628,4,9
Reweigh_8,1.0,0.8,0.0,0.8219061104925794,0.8373950007946549,5.569487531482064,0.6312111508407617,1,0.1857452314408112,0,0.8385599059264902,6,0.8523341304675038,6,13
Reweigh_8,1.0,0.8,0.4,0.8305265205971053,0.8373950007946549,4.707446521029479,0.6636129435585358,1,0.14453190194370685,0,0.7869104112489939,4,0.7658660948380804,4,9
Reweigh_8,1.0,0.8,0.8,0.8284403273053517,0.8373950007946549,4.916065850204843,0.631568379851683,1,0.14269227759000921,0,0.7812212394332535,4,0.7642731267034635,4,9
Reweigh_8,1.0,1.0,0.0,0.8238896155134954,0.8373950007946549,5.371137029390471,0.6325525524569259,1,0.1627672988261839,0,0.7782060421821637,4,0.8061330148426323,6,11
Reweigh_8,1.0,1.0,0.4,0.8301590046804233,0.8373950007946549,4.744198112697684,0.6656495883828044,1,0.14291006038559562,0,0.7791122189146453,4,0.7591712810210814,4,9
Reweigh_8,1.0,1.0,0.8,0.8285862527428578,0.8373950007946549,4.901473306454229,0.6341121288123802,1,0.14269227759000921,0,0.784199584588544,4,0.7655308591627362,4,9
Reweigh_15,0.0,0.0,0.0,0.7213472701133895,0.8157705101011901,15.625371569401059,0.7765808004593006,1,0.4852956312246687,0,0.9829659601695243,5,0.9207162352225943,5,11
Reweigh_15,0.0,0.0,0.4,0.7623090808859295,0.8157705101011901,11.529190492147057,0.7827025115044531,1,0.5931488522752001,0,0.9155757171746474,5,0.9708837058044417,6,12
Reweigh_15,0.0,0.0,0.8,0.8151935403672997,0.8157705101011901,6.240744544010035,0.7407293460948029,3,0.5988468181728599,0,0.8300862818057617,6,0.9509554190571762,6,15
Reweigh_15,0.0,0.4,0.0,0.7575475879065645,0.8157705101011901,12.005339790083557,0.791814258822686,2,0.600934829143865,0,0.949771258902444,5,0.9527366076946135,6,13
Reweigh_15,0.0,0.4,0.4,0.8074216596586425,0.8157705101011901,7.017932614875755,0.7898819825138266,4,0.6322042506173062,0,0.8594682902187933,6,0.9697985437192232,6,16
Reweigh_15,0.0,0.4,0.8,0.8588360554732848,0.8157705101011901,1.8764930334115304,0.5726837806992435,2,0.20767627235727118,1,0.7109545139863853,4,0.8101038853974355,6,13
Reweigh_15,0.0,0.8,0.0,0.7990606725541275,0.8157705101011901,7.854031325327259,0.8155667447474461,5,0.6964762535598658,0,0.8975419674333319,5,0.9833200210275839,6,16
Reweigh_15,0.0,0.8,0.4,0.8540529439105855,0.8157705101011901,2.3548041896814587,0.644649660403226,1,0.22629305437436742,1,0.7821413538957183,5,0.8126175125318083,6,13
Reweigh_15,0.0,0.8,0.8,0.8510101283062921,0.8157705101011901,2.659085750110801,0.6046157256962066,2,0.1864458862904707,0,0.7526889869624855,4,0.7936813505195047,5,11
Reweigh_15,0.0,1.0,0.0,0.8199712472841655,0.8157705101011901,5.76297385232346,0.7679746074287875,4,0.40623988641451925,2,0.817977992269293,6,0.8882171807045641,6,18
Reweigh_15,0.0,1.0,0.4,0.8486320841395263,0.8157705101011901,2.8968901667873803,0.6663336533720838,1,0.18239795594463845,0,0.7694737499007144,4,0.7945467596457706,5,10
Reweigh_15,0.0,1.0,0.8,0.8502588825354275,0.8157705101011901,2.7342103271972618,0.620094422790188,2,0.18107647084595546,0,0.7665770595696686,4,0.7886213437785405,5,11
Reweigh_15,0.3,0.0,0.0,0.7408634462183693,0.8157705101011901,13.67375395890308,0.8147020871719941,3,0.5631700650790895,0,0.9823651837927513,5,0.9280978849126225,5,13
Reweigh_15,0.3,0.0,0.4,0.7846410774701934,0.8157705101011901,9.29599083372067,0.8333667420372001,5,0.708365743691662,0,0.9114534165133377,5,0.9868516642918362,6,16
Reweigh_15,0.3,0.0,0.8,0.8455838638893993,0.8157705101011901,3.201712191800077,0.7772913540313665,3,0.4376870618259147,1,0.8084810920946567,5,0.9028738894314348,6,15
Reweigh_15,0.3,0.4,0.0,0.7783770929490991,0.8157705101011901,9.922389285830102,0.845256444386117,5,0.7281986528920503,0,0.9537536047006677,5,0.9689017496936184,6,16
Reweigh_15,0.3,0.4,0.4,0.8418870861392453,0.8157705101011901,3.5713899668154747,0.8201811240469754,5,0.5550527021268722,0,0.8424004540052454,6,0.9334709332872964,6,17
Reweigh_15,0.3,0.4,0.8,0.8527666382021986,0.8157705101011901,2.4834347605201534,0.6107743166228646,2,0.18785889035481684,0,0.7298774847302054,4,0.79974786148863,5,11
Reweigh_15,0.3,0.8,0.0,0.8151881357214662,0.8157705101011901,6.241285008593389,0.9063757348225774,4,0.5493644114827392,0,0.9348527920613926,6,0.953111252546291,6,16
Reweigh_15,0.3,0.8,0.4,0.8485185865770216,0.8157705101011901,2.9082399230378475,0.6686217826972083,1,0.1804663125337581,0,0.7770078931767411,4,0.7880028952835049,5,10
Reweigh_15,0.3,0.8,0.8,0.8470593322019608,0.8157705101011901,3.0541653605439256,0.634987341534181,2,0.178780339241393,0,0.778888063916184,4,0.792544625429236,5,11
Reweigh_15,0.3,1.0,0.0,0.8344665074097695,0.8157705101011901,4.313447839763063,0.8058068300691789,5,0.26485939672177145,0,0.8133995493938568,6,0.84256557272305,6,17
Reweigh_15,0.3,1.0,0.4,0.847670057181153,0.8157705101011901,2.9930928626247133,0.6696261833414264,1,0.178780339241393,0,0.7768523280174329,4,0.7870760209128401,5,10
Reweigh_15,0.3,1.0,0.8,0.8465026536811042,0.8157705101011901,3.109833212629587,0.6442699066513929,1,0.178780339241393,0,0.7869868579189292,4,0.7977097652179469,5,10
Reweigh_15,0.5,0.0,0.0,0.7539102612605796,0.8157705101011901,12.369072454682051,0.842615356781023,3,0.6264665565754759,0,0.9836259325916374,4,0.9366727294127982,5,12
Reweigh_15,0.5,0.0,0.4,0.8037897376584913,0.8157705101011901,7.381124814890883,0.8661435506604941,5,0.7608307930070038,0,0.9003604966458504,5,0.9949734661185864,6,16
Reweigh_15,0.5,0.0,0.8,0.8470971647227957,0.8157705101011901,3.0503821084604366,0.6798844490692689,1,0.3617836649863148,0,0.8096473044033462,5,0.8865485369787017,6,12
Reweigh_15,0.5,0.4,0.0,0.7940559705122523,0.8157705101011901,8.35450152951478,0.9075092189703564,5,0.853183904203993,2,0.9629342048105729,5,0.9828812780478684,6,18
Reweigh_15,0.5,0.4,0.4,0.8491239069103802,0.8157705101011901,2.847707889701989,0.7305683255070738,1,0.357976479930878,0,0.8263871136509545,6,0.8940461533006049,6,13
Reweigh_15,0.5,0.4,0.8,0.8456271010560678,0.8157705101011901,3.1973884751332338,0.6209828385602769,2,0.184785606514864,0,0.7614688402788934,4,0.800654962452252,6,12
Reweigh_15,0.5,0.8,0.0,0.8303859998054327,0.8157705101011901,4.721498600196739,0.8626894240237013,3,0.3135840297334694,0,0.8734362798508092,6,0.9041403427112282,6,15
Reweigh_15,0.5,0.8,0.4,0.8481943078270081,0.8157705101011901,2.940667798039198,0.6704135315922598,1,0.178780339241393,0,0.7764944907173313,4,0.7866633248080543,5,10
Reweigh_15,0.5,0.8,0.8,0.8448326181185347,0.8157705101011901,3.2768367688865374,0.64557217029785,1,0.178780339241393,0,0.7867219613332866,4,0.7929325212347157,5,10
Reweigh_15,0.5,1.0,0.0,0.841022342805876,0.8157705101011901,3.6578643001524136,0.681964851166482,1,0.20499970247655014,0,0.7822722361416864,4,0.8368244445714732,6,11
Reweigh_15,0.5,1.0,0.4,0.8481186427853383,0.8157705101011901,2.9482343022061763,0.6715291349978015,1,0.178780339241393,0,0.779145537747831,4,0.7885435454934653,5,10
Reweigh_15,0.5,1.0,0.8,0.843935446910164,0.8157705101011901,3.3665538897236114,0.6550255114894247,1,0.178780339241393,0,0.7976815646073515,4,0.797396789472116,5,10
Reweigh_15,0.6,0.0,0.0,0.7607201150108633,0.8157705101011901,11.688087079653675,0.8577749181821751,4,0.6661869102391764,0,0.9847621591614503,4,0.9443451973121664,5,13
Reweigh_15,0.6,0.0,0.4,0.8156907677839871,0.8157705101011901,6.191021802341301,0.8859225891594329,5,0.7759014306265626,0,0.8921589881265021,5,0.9812744240223455,6,16
Reweigh_15,0.6,0.0,0.8,0.8448542367018689,0.8157705101011901,3.2746749105531214,0.6723536234019751,1,0.34152308235245754,0,0.8034858021801459,5,0.8716635371050334,6,12
Reweigh_15,0.6,0.4,0.0,0.8024926226584372,0.8157705101011901,7.510836314896285,0.9356621152422155,5,0.8734543356763399,2,0.9765976389491349,5,0.9951141032820839,6,18
Reweigh_15,0.6,0.4,0.4,0.8441246095143385,0.8157705101011901,3.347637629306155,0.749608528482275,1,0.28885142028190935,0,0.8173191221543673,6,0.8869584220205837,6,13
Reweigh_15,0.6,0.4,0.8,0.8430436803476268,0.8157705101011901,3.4557305459773313,0.6212797519731973,2,0.1819595983861718,0,0.768864033225816,4,0.7936524282872597,5,11
Reweigh_15,0.6,0.8,0.0,0.8354825808264784,0.8157705101011901,4.211840498092167,0.7230679357076752,1,0.2523589511867009,0,0.8505003973452596,6,0.8449628441009239,6,13
Reweigh_15,0.6,0.8,0.4,0.848048382389502,0.8157705101011901,2.9552603417898116,0.6712808612479063,1,0.178780339241393,0,0.7778542629976545,4,0.788343569077678,5,10
Reweigh_15,0.6,0.8,0.8,0.842649141201777,0.8157705101011901,3.495184460562306,0.6404585988308501,2,0.178780339241393,0,0.7935145747194178,4,0.7913177096181594,5,11
Reweigh_15,0.6,1.0,0.0,0.8417789932225741,0.8157705101011901,3.582199258482599,0.690339645678421,1,0.20473865000855707,0,0.7837290014746509,5,0.8350511628283791,6,12
Reweigh_15,0.6,1.0,0.4,0.8479510987644979,0.8157705101011901,2.9649887042902168,0.6723939692001157,1,0.178780339241393,0,0.7807227611513192,4,0.7897538198107109,5,10
Reweigh_15,0.6,1.0,0.8,0.8423518856809313,0.8157705101011901,3.5249100126468758,0.6394390963009999,2,0.178780339241393,0,0.8015676981897808,6,0.7943328985885544,5,13
Reweigh_15,0.7,0.0,0.0,0.7678380335736599,0.8157705101011901,10.976295223374022,0.8794281771945801,4,0.7151984844034747,0,0.9847118283738311,4,0.9500703497473872,5,13
Reweigh_15,0.7,0.0,0.4,0.828705154951196,0.8157705101011901,4.8895830856204086,0.9087754385497674,3,0.7131877809078749,0,0.8674432158921909,5,0.9534517127967816,6,14
Reweigh_15,0.7,0.0,0.8,0.8365689146390237,0.8157705101011901,4.103207116837638,0.6858888599406304,1,0.3121048809955379,0,0.7867579635234927,4,0.8580114132095074,6,11
Reweigh_15,0.7,0.4,0.0,0.806767697512782,0.8157705101011901,7.08332882946181,0.9152923973364983,5,0.668640634707465,0,0.9895233628537855,5,0.9790007704356625,6,16
Reweigh_15,0.7,0.4,0.4,0.843286889410137,0.8157705101011901,3.4314096397263127,0.7597125214640081,1,0.2592538393404046,0,0.8269651014241858,6,0.879780279898577,6,13
Reweigh_15,0.7,0.4,0.8,0.8380497875974188,0.8157705101011901,3.955119820998132,0.6244381082315722,2,0.178780339241393,0,0.7837806911355514,4,0.78114707370124,4,10
Reweigh_15,0.7,0.8,0.0,0.8372174721390507,0.8157705101011901,4.038351366834936,0.7330525528788613,1,0.24423400857631541,0,0.8347235499470967,6,0.8941013802013876,6,13
Reweigh_15,0.7,0.8,0.4,0.8478754337228281,0.8157705101011901,2.972555208457195,0.6719127798792556,1,0.178780339241393,0,0.7793413161419707,4,0.7893289606195512,5,10
Reweigh_15,0.7,0.8,0.8,0.8387253683266136,0.8157705101011901,3.8875617480786495,0.6310073967654003,2,0.178780339241393,0,0.8054908963528151,6,0.788283251832664,5,13
Reweigh_15,0.7,1.0,0.0,0.8426815690767784,0.8157705101011901,3.491941673062171,0.7069409479543449,1,0.2045604800670084,0,0.7853633101428755,5,0.8325203112756875,6,12
Reweigh_15,0.7,1.0,0.4,0.847729508285322,0.8157705101011901,2.9871477522078083,0.6731248818519975,1,0.178780339241393,0,0.782698884944298,4,0.7906872674524654,5,10
Reweigh_15,0.7,1.0,0.8,0.8393793304724741,0.8157705101011901,3.822165533492594,0.6305586326950466,2,0.178780339241393,0,0.8093382307562865,6,0.789360449927227,5,13
Reweigh_15,0.8,0.0,0.0,0.7755180353031466,0.8157705101011901,10.208295050425352,0.9094838541404832,3,0.7810700017212983,0,0.9856734236361906,4,0.9558530630824078,5,12
Reweigh_15,0.8,0.0,0.4,0.8358933339098289,0.8157705101011901,4.17076518975712,0.7569893686374806,1,0.5628535514520114,1,0.8557843505143086,6,0.9090568863083597,6,14
Reweigh_15,0.8,0.0,0.8,0.8318938959929956,0.8157705101011901,4.570708981440452,0.6893959333638047,1,0.2806950273296888,0,0.7765519539719924,4,0.8488597661776673,6,11
Reweigh_15,0.8,0.4,0.0,0.8135343140963973,0.8157705101011901,6.406667171100278,0.8672902719799508,3,0.5591805402132827,0,0.9948243205439659,5,0.9741211437521131,6,14
Reweigh_15,0.8,0.4,0.4,0.8441354188060056,0.8157705101011901,3.346556700139447,0.7680793036446425,1,0.24850215287760333,0,0.8238701255449191,6,0.8725787877478652,6,13
Reweigh_15,0.8,0.4,0.8,0.8357798363473241,0.8157705101011901,4.182114946007598,0.6249095274887322,2,0.17597055521950672,0,0.7837828213793936,4,0.7785603812801091,4,10
Reweigh_15,0.8,0.8,0.0,0.8383956849307664,0.8157705101011901,3.9205300876633653,0.7436947076865699,1,0.24358992905165272,0,0.8241957822565632,6,0.890076121539947,6,13
Reweigh_15,0.8,0.8,0.4,0.847670057181153,0.8157705101011901,2.9930928626247133,0.6723494228250553,1,0.178780339241393,0,0.7802621814282469,4,0.790821754409745,5,10
Reweigh_15,0.8,0.8,0.8,0.8364229892015176,0.8157705101011901,4.1177996605882505,0.6278461250512481,1,0.178780339241393,0,0.8065070620572127,6,0.7852338575379268,4,11
Reweigh_15,0.8,1.0,0.0,0.843567930993482,0.8157705101011901,3.403305481391805,0.7301143374528342,1,0.20412893289678072,0,0.7884932539337451,5,0.8301607575073109,6,12
Reweigh_15,0.8,1.0,0.4,0.8475133224519797,0.8157705101011901,3.0087663355420347,0.6737739188876398,1,0.178780339241393,0,0.7843124239363893,4,0.793086203326749,5,10
Reweigh_15,0.8,1.0,0.8,0.8370715467015446,0.8157705101011901,4.052943910585549,0.6303796445109431,1,0.178780339241393,0,0.812768893338268,6,0.7859454636355554,4,11
Reweigh_15,0.9,0.0,0.0,0.783824975949326,0.8157705101011901,9.37760098580741,0.9456470614164757,3,0.8634547070375619,2,0.9904408321405819,4,0.9644200859602661,5,14
Reweigh_15,0.9,0.0,0.4,0.8369472398473728,0.8157705101011901,4.065374596002725,0.725567173591711,1,0.48638104384998004,0,0.8963555311196484,6,0.9338407318735575,6,13
Reweigh_15,0.9,0.0,0.8,0.827272923805303,0.8157705101011901,5.032806200209706,0.6995143027709877,1,0.2460816083659809,0,0.764169300365803,4,0.8422829349828238,6,11
Reweigh_15,0.9,0.4,0.0,0.8234086020343087,0.8157705101011901,5.419238377309144,0.7435883506750891,1,0.4385063231245158,0,0.9097759810475352,5,0.9405174359361492,6,12
Reweigh_15,0.9,0.4,0.4,0.8434220055559759,0.8157705101011901,3.4178980251424185,0.7808177003830482,2,0.23723318706472774,0,0.8176692948706118,6,0.8667568883591321,6,14
Reweigh_15,0.9,0.4,0.8,0.8344016516597668,0.8157705101011901,4.319933414763333,0.621156642833768,1,0.17251119701871462,0,0.7773709677435713,4,0.7778674472914795,4,9
Reweigh_15,0.9,0.8,0.0,0.8385956568266082,0.8157705101011901,3.90053289807919,0.760375005180352,1,0.24288480392125741,0,0.8095934079631933,6,0.8854820578076101,6,13
Reweigh_15,0.9,0.8,0.4,0.8474160388269757,0.8157705101011901,3.01849469804244,0.6724285304715191,1,0.178780339241393,0,0.7822003806438241,4,0.7928303496633464,5,10
Reweigh_15,0.9,0.8,0.8,0.8357528131181564,0.8157705101011901,4.184817268924368,0.6257833454707259,1,0.178780339241393,0,0.8019979466455485,5,0.7844696608722631,4,10
Reweigh_15,0.9,1.0,0.0,0.8445407672435226,0.8157705101011901,3.306021856387753,0.763574592762512,1,0.20333676644500676,0,0.7934061406770417,5,0.8255243548310105,6,12
Reweigh_15,0.9,1.0,0.4,0.8471836390561327,0.8157705101011901,3.0417346751267393,0.673922731676642,1,0.178780339241393,0,0.7862656051252691,4,0.7949972771712408,5,10
Reweigh_15,0.9,1.0,0.8,0.8365581053473566,0.8157705101011901,4.104288046004346,0.6282891281382484,1,0.178780339241393,0,0.8081777767946867,6,0.7853750403804366,4,11
Reweigh_15,1.0,0.0,0.0,0.7923481024288478,0.8157705101011901,8.52528833785523,0.9963967999125223,3,0.9957441696430298,2,0.9990013430267964,4,0.9762846592078649,5,14
Reweigh_15,1.0,0.0,0.4,0.8347367397014474,0.8157705101011901,4.286424610595274,0.7301720779776127,1,0.43223704506251703,0,0.9001522233563615,6,0.9352106910217647,6,13
Reweigh_15,1.0,0.0,0.8,0.8250894468885454,0.8157705101011901,5.251153891885474,0.7190442007267074,1,0.22483109075565,0,0.7646016469175323,4,0.8420695237600635,6,11
Reweigh_15,1.0,0.4,0.0,0.8261001156594209,0.8157705101011901,5.150087014797922,0.670069770034761,1,0.3230663530210887,0,0.9330487529638953,6,0.8924682568877056,6,13
Reweigh_15,1.0,0.4,0.4,0.8435030752434793,0.8157705101011901,3.4097910563920752,0.7894773039314442,2,0.23431849147341038,0,0.8160023498137693,6,0.8593359612513709,6,14
Reweigh_15,1.0,0.4,0.8,0.8320884632430037,0.8157705101011901,4.551252256439642,0.6222490459946871,1,0.1681561668000809,0,0.769707685313064,4,0.7768836410106482,4,9
Reweigh_15,1.0,0.8,0.0,0.8396117302433171,0.8157705101011901,3.7989255564082947,0.7711901063069436,2,0.24196058994833083,0,0.8108272997484578,6,0.88348754787986,6,14
Reweigh_15,1.0,0.8,0.4,0.8468377417227849,0.8157705101011901,3.076324408461517,0.6693096714025831,1,0.178780339241393,0,0.7855583545892896,4,0.7953243245878001,5,10
Reweigh_15,1.0,0.8,0.8,0.835023185930626,0.8157705101011901,4.257779987677413,0.6292336372373676,1,0.1786472960949221,0,0.7963126765608408,4,0.7835638519974795,4,9
Reweigh_15,1.0,1.0,0.0,0.8454487477435604,0.8157705101011901,3.215223806383971,0.7846453275156278,2,0.20169946838902192,0,0.8027972677839803,6,0.8175556334425748,6,14
Reweigh_15,1.0,1.0,0.4,0.8465945326602747,0.8157705101011901,3.1006453147125357,0.6707145982762284,1,0.178780339241393,0,0.7900056363762556,4,0.7984277092931138,5,10
Reweigh_15,1.0,1.0,0.8,0.8358987385556624,0.8157705101011901,4.170224725173766,0.6321652449285701,1,0.178780339241393,0,0.8034234900837423,5,0.784404009095335,4,10
Reweigh_25,0.0,0.0,0.0,0.7104515041129355,0.8050296602752729,16.714948169446465,0.7753270459059047,1,0.44703534317501736,0,0.9947244293660527,5,0.9097085794993027,5,11
Reweigh_25,0.0,0.0,0.4,0.7517105704063213,0.8050296602752729,12.589041540107882,0.7769836830603585,1,0.548051221400278,0,0.9197285618872035,5,0.9587209422038921,6,12
Reweigh_25,0.0,0.0,0.8,0.8065461070336061,0.8050296602752729,7.105487877379401,0.7658093224841039,3,0.5858887034621338,0,0.828592288457526,6,0.9566641948127809,6,15
Reweigh_25,0.0,0.4,0.0,0.7478732718644947,0.8050296602752729,12.97277139429054,0.7916995416127092,2,0.5476984757331504,0,0.9540754854317562,5,0.9458744659095023,6,13
Reweigh_25,0.0,0.4,0.4,0.7988552960124523,0.8050296602752729,7.874568979494779,0.7858531309725322,3,0.6102328886830747,0,0.86089240698825,6,0.9794862246120186,6,15
Reweigh_25,0.0,0.4,0.8,0.8589495530357896,0.8050296602752729,1.865143277161052,0.6547419095056068,4,0.2237139672722082,1,0.7029309526640555,4,0.8184955180344505,6,15
Reweigh_25,0.0,0.8,0.0,0.7919373493454974,0.8050296602752729,8.566363646190267,0.8132025621457989,3,0.6531411667242059,0,0.8973934186107275,5,0.9921719307295608,6,14
Reweigh_25,0.0,0.8,0.4,0.8519721552646655,0.8050296602752729,2.562883054273457,0.7357291491831297,3,0.22794393159164156,1,0.8187110617344221,6,0.8133082213864653,6,16
Reweigh_25,0.0,0.8,0.8,0.8525774755980241,0.8050296602752729,2.5023510209375988,0.6178524902877613,4,0.19838994428390586,0,0.7659425893885878,4,0.8130043623464711,6,14
Reweigh_25,0.0,1.0,0.0,0.8143450109714311,0.8050296602752729,6.325597483596901,0.7737401527977948,4,0.4173668454637857,0,0.8183704677299806,6,0.8955984666896423,6,16
Reweigh_25,0.0,1.0,0.4,0.8523991222855166,0.8050296602752729,2.520186352188347,0.6857166957331972,3,0.19477246289715977,1,0.7690471893763077,4,0.7998750752894461,5,13
Reweigh_25,0.0,1.0,0.8,0.8512263141396345,0.8050296602752729,2.6374671667765637,0.623294888722007,4,0.19514611018933437,0,0.7837101880191587,4,0.8014050341186912,6,14
Reweigh_25,0.3,0.0,0.0,0.7317566179888232,0.8050296602752729,14.58443678185769,0.809472697157819,3,0.52389911721684,0,0.9889153988183801,5,0.9217669361536256,5,13
Reweigh_25,0.3,0.0,0.4,0.7775609914282318,0.8050296602752729,10.003999437916832,0.8265311883136572,5,0.6613985224310316,0,0.9116048391357419,5,0.9794056541917494,6,16
Reweigh_25,0.3,0.0,0.8,0.8452001340352167,0.8050296602752729,3.2400851772183437,0.7906387439759665,3,0.4501721338070756,1,0.8063961176874119,5,0.9085076176596149,6,15
Reweigh_25,0.3,0.4,0.0,0.7706592586987775,0.8050296602752729,10.69417271086226,0.8413756003884091,3,0.6495264312272119,0,0.9535370108362127,5,0.9591327478343069,6,14
Reweigh_25,0.3,0.4,0.4,0.8403575713683482,0.8050296602752729,3.724341443905188,0.8449481635569099,5,0.5537484930556588,0,0.8405252505880029,6,0.9355592488298861,6,17
Reweigh_25,0.3,0.4,0.8,0.8476052014311503,0.8050296602752729,2.9995784376249834,0.616714045693884,2,0.199164041056474,0,0.7545867860794656,4,0.8012821046550945,6,12
Reweigh_25,0.3,0.8,0.0,0.8119291342838304,0.8050296602752729,6.567185152356969,0.9296322112891999,3,0.5184169252177762,0,0.9220329089094353,6,0.9609266108722422,6,15
Reweigh_25,0.3,0.8,0.4,0.8526693545771945,0.8050296602752729,2.4931631230205586,0.6886448594970143,3,0.19063459990697237,1,0.778709544945444,4,0.7952527440893099,5,13
Reweigh_25,0.3,0.8,0.8,0.844913687806038,0.8050296602752729,3.2687298001362053,0.6323035502254779,4,0.19064897655822388,0,0.7933385481770493,4,0.7899293507413456,5,13
Reweigh_25,0.3,1.0,0.0,0.8369580491390399,0.8050296602752729,4.064293666836017,0.7823433970969207,2,0.24302942439957556,1,0.8273535242200442,6,0.8230474506701119,6,15
Reweigh_25,0.3,1.0,0.4,0.852064034243836,0.8050296602752729,2.553695156356406,0.6917681228186596,3,0.18969057103028233,0,0.7845886185056005,4,0.798342224914941,5,12
Reweigh_25,0.3,1.0,0.8,0.8446002183476917,0.8050296602752729,3.300076745970837,0.6394225086167208,4,0.18969057103028233,0,0.8004958536668544,6,0.791968422458842,5,15
Reweigh_25,0.5,0.0,0.0,0.746192427010258,0.8050296602752729,13.14085587971421,0.8343933621059302,3,0.5831865796050016,0,0.9863398759024609,4,0.9315197979043874,5,12
Reweigh_25,0.5,0.0,0.4,0.7976987018040708,0.8050296602752729,7.990228400332933,0.8753460591589298,5,0.7356725106918922,0,0.8983139469826649,5,0.9990688204508827,6,16
Reweigh_25,0.5,0.0,0.8,0.8393306886599721,0.8050296602752729,3.8270297147428023,0.7356850052106648,3,0.31781476293188443,0,0.7789449952786895,4,0.8710539817990333,6,13
Reweigh_25,0.5,0.4,0.0,0.7892080031995503,0.8050296602752729,8.839298260784979,0.9018050213271064,3,0.7874867675685281,1,0.9642992658644496,5,0.9750380937334158,6,15
Reweigh_25,0.5,0.4,0.4,0.8493454973895561,0.8050296602752729,2.8255488417843977,0.7698392726289809,1,0.3565064178463989,0,0.8114243442052634,6,0.8974076686090504,6,13
Reweigh_25,0.5,0.4,0.8,0.8406980640558624,0.8050296602752729,3.6902921751537643,0.6210675155079328,2,0.18010166108098022,0,0.7423087348560078,4,0.7969238761271027,5,11
Reweigh_25,0.5,0.8,0.0,0.83575821776399,0.8050296602752729,4.184276804341014,0.8089519906071526,3,0.33100353276050304,0,0.8836089546592683,6,0.8936510574300535,6,15
Reweigh_25,0.5,0.8,0.4,0.852015392431334,0.8050296602752729,2.558559337606614,0.7036057637962607,3,0.18969057103028233,0,0.7873917326139693,4,0.8018260821723656,6,13
Reweigh_25,0.5,0.8,0.8,0.8410169381600424,0.8050296602752729,3.6584047647357676,0.6394661508763675,4,0.17764516788711696,0,0.7740181783422574,4,0.7925042009668027,5,13
Reweigh_25,0.5,1.0,0.0,0.8452866083685536,0.8050296602752729,3.2314377438846464,0.6925122457264985,1,0.19805578716290703,1,0.7760885362457834,4,0.8250182429900497,6,12
Reweigh_25,0.5,1.0,0.4,0.8506966588479457,0.8050296602752729,2.690432695945444,0.7028279863465814,3,0.18969057103028233,0,0.7975253906541752,5,0.8103735396242894,6,14
Reweigh_25,0.5,1.0,0.8,0.8405953757850249,0.8050296602752729,3.7005610022375235,0.6490201644520074,4,0.17845355320165945,0,0.7842017657178708,4,0.7958398629251269,5,13
Reweigh_25,0.6,0.0,0.0,0.7539102612605796,0.8050296602752729,12.369072454682051,0.8534435973979361,3,0.6217000286796942,0,0.9858895793937436,4,0.9359415749683415,5,12
Reweigh_25,0.6,0.0,0.4,0.8117832088463243,0.8050296602752729,6.581777696107583,0.8944913838585861,5,0.7543022034352215,0,0.8900005871802048,5,0.9827689025629656,6,16
Reweigh_25,0.6,0.0,0.8,0.8378714342849113,0.8050296602752729,3.9729551522488804,0.6913669834485523,1,0.2904971326111534,0,0.7577008421754684,4,0.8622800955266273,6,11
Reweigh_25,0.6,0.4,0.0,0.7986174915957758,0.8050296602752729,7.898349421162432,0.9398453760779911,5,0.8860020899519243,2,0.9823037744545133,5,0.9885977806374167,6,18
Reweigh_25,0.6,0.4,0.4,0.8486591073686941,0.8050296602752729,2.8941878438705992,0.7878812041532469,2,0.30510411054928516,0,0.8186573516168268,6,0.888000079721442,6,14
Reweigh_25,0.6,0.4,0.8,0.8362824684098451,0.8050296602752729,4.131851739755499,0.6192236076990579,2,0.16924022248290282,0,0.7284939512640093,3,0.7913039393585171,4,9
Reweigh_25,0.6,0.8,0.0,0.841768183930907,0.8050296602752729,3.583280187649307,0.7197197658885559,1,0.27947859982849516,0,0.8433210812923111,6,0.8825155000034077,6,13
Reweigh_25,0.6,0.8,0.4,0.850167003556257,0.8050296602752729,2.743398225114313,0.6950221790863598,3,0.18969057103028233,0,0.7961269835428715,5,0.810989187397824,6,14
Reweigh_25,0.6,0.8,0.8,0.8362392312431767,0.8050296602752729,4.136175456422341,0.6371910112359551,2,0.16681405561335672,0,0.7546773132734996,4,0.7884229128371321,4,10
Reweigh_25,0.6,1.0,0.0,0.8465783187227741,0.8050296602752729,3.1022667084625977,0.7078441406250782,1,0.19730487288301132,1,0.7795606627888872,5,0.821325729887075,6,13
Reweigh_25,0.6,1.0,0.4,0.8497454411812394,0.8050296602752729,2.785554462616069,0.6923309666659094,3,0.18969057103028233,0,0.8025433999551833,6,0.8093147475736636,6,15
Reweigh_25,0.6,1.0,0.8,0.8372174721390507,0.8050296602752729,4.038351366834936,0.6395325491734322,2,0.16937577300786705,0,0.7669313116758537,4,0.791953900114124,5,11
Reweigh_25,0.7,0.0,0.0,0.761655118740069,0.8050296602752729,11.594586706733113,0.8746052095403509,4,0.6668306612935342,0,0.9864435785841884,4,0.9418131711349055,5,13
Reweigh_25,0.7,0.0,0.4,0.8281700950136738,0.8050296602752729,4.943089079372632,0.8802871197301819,3,0.7009404945315988,0,0.8576834323439277,5,0.9507438472029652,6,14
Reweigh_25,0.7,0.0,0.8,0.8369580491390399,0.8050296602752729,4.064293666836017,0.7111961699491606,3,0.26707954141155266,0,0.7491037441429128,4,0.8525856926474161,6,13
Reweigh_25,0.7,0.4,0.0,0.8046598856376942,0.8050296602752729,7.29411001697059,0.9478206902725906,4,0.7040330551121844,0,0.9844169387331386,5,0.9861087897414913,6,15
Reweigh_25,0.7,0.4,0.4,0.8486645120145276,0.8050296602752729,2.8936473792872452,0.8066899314868473,3,0.28513157623124785,0,0.8248500604006958,6,0.8738527246812998,6,15
Reweigh_25,0.7,0.4,0.8,0.8349907580556246,0.8050296602752729,4.261022775177548,0.6201917564778721,2,0.1649377375982953,0,0.7372620826216635,4,0.7824868458380477,4,10
Reweigh_25,0.7,0.8,0.0,0.8436976424934874,0.8050296602752729,3.390334331391265,0.7248740203503515,1,0.2765327320913695,0,0.8186063083000032,6,0.8885601563278438,6,13
Reweigh_25,0.7,0.8,0.4,0.8490536465145438,0.8050296602752729,2.8547339292856244,0.6862571990627144,3,0.18969057103028233,0,0.8012450737169747,6,0.8060832630208867,6,15
Reweigh_25,0.7,0.8,0.8,0.8334396247013933,0.8050296602752729,4.416136110600677,0.634210542147702,2,0.1621311375556114,0,0.7493234633441259,4,0.7858013952735735,4,10
Reweigh_25,0.7,1.0,0.0,0.8480159545145006,0.8050296602752729,2.9585031292899466,0.726692393875445,1,0.1960897116062884,1,0.7839896717960702,5,0.8172655258659733,6,13
Reweigh_25,0.7,1.0,0.4,0.8476592478894858,0.8050296602752729,2.9941737917914324,0.6805441792932645,3,0.18969057103028233,0,0.8113375851512101,6,0.8025108569220458,6,15
Reweigh_25,0.7,1.0,0.8,0.8334666479305611,0.8050296602752729,4.413433787683896,0.634210542147702,2,0.1622056501552131,0,0.7495081066244375,4,0.7859108095805101,4,10
Reweigh_25,0.8,0.0,0.0,0.7709348956362889,0.8050296602752729,10.666609017111117,0.9033432327320533,4,0.7295934830155222,0,0.9865491121748449,4,0.95186517488927,5,13
Reweigh_25,0.8,0.0,0.4,0.837152616389048,0.8050296602752729,4.0448369418352055,0.7639383180411368,1,0.5381885026962387,1,0.9026157670392592,6,0.9083688115346518,6,14
Reweigh_25,0.8,0.0,0.8,0.8347637629306152,0.8050296602752729,4.2837222876784935,0.7265499752488159,3,0.23093959173022818,0,0.7451087938144398,4,0.8478477787118585,6,13
Reweigh_25,0.8,0.4,0.0,0.8158799303881616,0.8050296602752729,6.172105541923845,0.8583423669385654,3,0.5339619639555785,0,0.9752253010103628,5,0.9747061033729271,6,14
Reweigh_25,0.8,0.4,0.4,0.8470052857436252,0.8050296602752729,3.0595700063774878,0.8182975329009711,5,0.2516696968002706,0,0.8248327998428197,6,0.8652234817755028,6,17
Reweigh_25,0.8,0.4,0.8,0.8345529817431063,0.8050296602752729,4.304800406429377,0.6295467060762346,2,0.16259912303957802,0,0.740273519848038,4,0.782474794786226,4,10
Reweigh_25,0.8,0.8,0.0,0.84440024645185,0.8050296602752729,3.3200739355550124,0.7377385877799686,1,0.25762587915756385,0,0.8064361534904099,6,0.8821761129324059,6,13
Reweigh_25,0.8,0.8,0.4,0.8454973895560624,0.8050296602752729,3.210359625133774,0.6872825236148403,3,0.1898748797856557,0,0.8143296163568954,6,0.799523202887478,5,14
Reweigh_25,0.8,0.8,0.8,0.8333531503680564,0.8050296602752729,4.424783543934375,0.634210542147702,2,0.1618337704804126,0,0.7485857990743786,4,0.7854171750487021,4,10
Reweigh_25,0.8,1.0,0.0,0.8496967993687373,0.8050296602752729,2.790418643866277,0.7568457028851128,2,0.1937499867996717,1,0.7944349387962163,5,0.8091439467294477,6,14
Reweigh_25,0.8,1.0,0.4,0.8444542929101856,0.8050296602752729,3.3146692897214503,0.6691273368193159,3,0.18969057103028233,0,0.820499559059884,6,0.7974567208174116,5,14
Reweigh_25,0.8,1.0,0.8,0.8333963875347249,0.8050296602752729,4.4204598272675195,0.634210542147702,2,0.16194928352144072,0,0.7488724958651607,4,0.7855340662902119,4,10
Reweigh_25,0.9,0.0,0.0,0.7806146163241923,0.8050296602752729,9.698636948320782,0.9371415674259096,3,0.8257649061970567,2,0.992748576930229,4,0.9594243541594475,5,14
Reweigh_25,0.9,0.0,0.4,0.8365472960556894,0.8050296602752729,4.105368975171064,0.7541379409929888,1,0.4944218981019056,0,0.9009327705737441,6,0.9424086499005121,6,13
Reweigh_25,0.9,0.0,0.8,0.833650405888902,0.8050296602752729,4.3950579918498045,0.7177709819162468,3,0.22071151235746397,0,0.7476303698455428,4,0.844603040365117,6,13
Reweigh_25,0.9,0.4,0.0,0.8271594262427983,0.8050296602752729,5.044155956460184,0.7298514517627717,1,0.38060881414641573,0,0.8866873872961193,6,0.9219672072906725,6,13
Reweigh_25,0.9,0.4,0.4,0.8438814004518284,0.8050296602752729,3.3719585355571735,0.8075982150707451,5,0.24739983672842142,0,0.8275657129941603,6,0.8539349098698196,6,17
Reweigh_25,0.9,0.4,0.8,0.834055754326419,0.8050296602752729,4.35452314809811,0.6365224508276377,4,0.16186786443596013,0,0.7429919018117955,4,0.782170981962098,4,12
Reweigh_25,0.9,0.8,0.0,0.8455730545977322,0.8050296602752729,3.202793120966785,0.7306918385047688,1,0.25356533475476245,0,0.8089122108376132,6,0.8786077302639089,6,13
Reweigh_25,0.9,0.8,0.4,0.8443461999935145,0.8050296602752729,3.3254785813885634,0.700024449512401,3,0.19009605029210375,0,0.8130420590101731,6,0.796600385653687,5,14
Reweigh_25,0.9,0.8,0.8,0.833272080680553,0.8050296602752729,4.432890512684706,0.6215069316978423,2,0.1616114600350821,0,0.747970208511213,4,0.7850317698263803,4,10
Reweigh_25,0.9,1.0,0.0,0.8501832174937576,0.8050296602752729,2.741776831364251,0.8132804224618455,5,0.19281432557222905,1,0.7981497709951675,5,0.8078101287355187,6,17
Reweigh_25,0.9,1.0,0.4,0.8443894371601829,0.8050296602752729,3.3211548647217204,0.666779521602406,3,0.18969057103028233,0,0.8152033351311554,6,0.7965755727218942,5,14
Reweigh_25,0.9,1.0,0.8,0.8332828899722201,0.8050296602752729,4.431809583517998,0.6217342776262182,2,0.16164435636810026,0,0.748051971760941,4,0.7850803019749893,4,10
Reweigh_25,1.0,0.0,0.0,0.790607806470442,0.8050296602752729,8.699317933695806,0.9968473242212281,3,0.9962697489171454,2,0.9994904955137497,4,0.9741063497210936,5,14
Reweigh_25,1.0,0.0,0.4,0.8299212002637467,0.8050296602752729,4.767978554365337,0.7615740380887046,1,0.38906148490941994,0,0.9087489702560811,6,0.9459337373931264,6,13
Reweigh_25,1.0,0.0,0.8,0.8334882665138953,0.8050296602752729,4.41127192935048,0.7219339484260863,3,0.21539277769676848,0,0.7506991592264123,4,0.8405841882282716,6,13
Reweigh_25,1.0,0.4,0.0,0.8294239728470594,0.8050296602752729,4.8177012960340715,0.711855490856063,1,0.2975108867257449,0,0.9100396610410054,6,0.9437236834966561,6,13
Reweigh_25,1.0,0.4,0.4,0.8411412450142142,0.8050296602752729,3.6459740793185924,0.8079809132998095,5,0.24479888888692283,0,0.8254890888272881,6,0.8466883893621125,6,17
Reweigh_25,1.0,0.4,0.8,0.833823354555576,0.8050296602752729,4.37776312518241,0.6525211160556815,3,0.16176307932757603,0,0.7445702106253727,4,0.7831855538321253,4,11
Reweigh_25,1.0,0.8,0.0,0.8470701414936279,0.8050296602752729,3.0530844313772176,0.743895921543524,1,0.24896804413431617,0,0.8135287526588226,6,0.8725970813750148,6,13
Reweigh_25,1.0,0.8,0.4,0.8439408515559975,0.8050296602752729,3.3660134251402574,0.7152803604121046,3,0.19024349729640244,0,0.8059352979004932,6,0.7961905919579219,5,14
Reweigh_25,1.0,0.8,0.8,0.833272080680553,0.8050296602752729,4.432890512684706,0.620033226251044,2,0.16139795980842123,0,0.7474391827501596,4,0.7847164570596576,4,10
Reweigh_25,1.0,1.0,0.0,0.8507182774312799,0.8050296602752729,2.688270837612017,0.8148186527474177,5,0.19193410097930888,1,0.7972531403151805,5,0.8083866667589829,6,17
Reweigh_25,1.0,1.0,0.4,0.8441246095143385,0.8050296602752729,3.347637629306155,0.6700323637098194,3,0.18969057103028233,0,0.808279347553588,6,0.7963597347335327,5,14
Reweigh_25,1.0,1.0,0.8,0.8332666760347195,0.8050296602752729,4.43343097726806,0.6202029124103902,2,0.16142256565654733,0,0.7475004164689465,4,0.7847528263743572,4,10
Reweigh_50,0.0,0.0,0.0,0.7039226919459968,0.7991908160526082,17.367829386140333,0.7717330574414588,1,0.4256491489216523,0,0.9998307031082303,5,0.9026796789112284,5,11
Reweigh_50,0.0,0.0,0.4,0.7460681201560861,0.7991908160526082,13.153286565131395,0.7750300529291291,1,0.5207769960911084,0,0.9221487736416001,5,0.9508681359850951,6,12
Reweigh_50,0.0,0.0,0.8,0.8024493854917687,0.7991908160526082,7.5151600315631395,0.7661811152785798,3,0.5793381419107727,0,0.82838911203324,6,0.9648273088662488,6,15
Reweigh_50,0.0,0.4,0.0,0.7419281614475803,0.7991908160526082,13.567282435981976,0.7911376854082328,2,0.48963482086619936,0,0.9604377601259318,5,0.9359710078355402,6,13
Reweigh_50,0.0,0.4,0.4,0.7936073849080669,0.7991908160526082,8.399360089933317,0.7839642351939944,3,0.5932145700786244,0,0.8587989870123808,6,0.9856283033045323,6,15
Reweigh_50,0.0,0.4,0.8,0.8588792926399533,0.7991908160526082,1.8721693167446762,0.5833319792495559,4,0.2326538038659562,1,0.7157290609427776,4,0.8267212151410744,6,15
Reweigh_50,0.0,0.8,0.0,0.7867164614702798,0.7991908160526082,9.088452433712025,0.8096696164602236,3,0.5970755975021104,0,0.9012966784868945,5,0.9995180288441141,6,14
Reweigh_50,0.0,0.8,0.4,0.850350761514598,0.7991908160526082,2.7250224292802105,0.7460568820224719,3,0.23667935886747649,1,0.8253772747594398,6,0.809852142634661,6,16
Reweigh_50,0.0,0.8,0.8,0.8505885659312745,0.7991908160526082,2.701241987612557,0.6089095969215912,4,0.20725836201008888,0,0.7831683729166374,4,0.8045788162443648,6,14
Reweigh_50,0.0,1.0,0.0,0.8111562699296315,0.7991908160526082,6.644471587776857,0.7919734805609399,4,0.40194454609814423,0,0.807207121317766,6,0.8954616466622991,6,16
Reweigh_50,0.0,1.0,0.4,0.854144822889756,0.7991908160526082,2.3456162917644074,0.6821858645236502,3,0.20418670131811756,1,0.7747223511631006,4,0.8147062311563333,6,14
Reweigh_50,0.0,1.0,0.8,0.8498805573270783,0.7991908160526082,2.7720428480321746,0.6047641008440942,4,0.2037646103938231,0,0.789548469935985,4,0.80006052317998,6,14
Reweigh_50,0.3,0.0,0.0,0.7263141396344297,0.7991908160526082,15.12868461729704,0.8062490926774667,3,0.4918922157199071,0,0.9922524633499757,5,0.9136835582736982,5,13
Reweigh_50,0.3,0.0,0.4,0.7725238615113552,0.7991908160526082,10.507712429604489,0.8185642557976398,3,0.6289785874035453,0,0.9107699873998956,5,0.9729369408804285,6,14
Reweigh_50,0.3,0.0,0.8,0.841033152097543,0.7991908160526082,3.6567833709857056,0.7426417068047688,3,0.43134246194581316,0,0.8088439879379484,5,0.9031766553217765,6,14
Reweigh_50,0.3,0.4,0.0,0.7665247046361052,0.7991908160526082,11.107628117129487,0.8358976555950008,3,0.5890933344665361,0,0.9572553122065469,5,0.9569724856757245,6,14
Reweigh_50,0.3,0.4,0.4,0.8391090981807963,0.7991908160526082,3.8491887626603827,0.8128986517789872,5,0.54657070329933,0,0.8433119053569608,6,0.9356114628192744,6,17
Reweigh_50,0.3,0.4,0.8,0.846432393285268,0.7991908160526082,3.116859252213211,0.6166197453080255,4,0.19102298812486934,0,0.7165444815965789,4,0.8000795382871101,6,14
Reweigh_50,0.3,0.8,0.0,0.8107941586587831,0.7991908160526082,6.680682714861696,0.9284048472772418,3,0.5207331249709055,0,0.9181776016732934,6,0.9595950635379065,6,15
Reweigh_50,0.3,0.8,0.4,0.853496265389729,0.7991908160526082,2.410472041767109,0.6889904953429774,3,0.2001960152515068,0,0.7953997239797628,5,0.8193938349425491,6,14
Reweigh_50,0.3,0.8,0.8,0.8412979797433874,0.7991908160526082,3.630300606401271,0.6269372548440598,4,0.17550168192305732,0,0.7362747161144141,4,0.7900077797599925,5,13
Reweigh_50,0.3,1.0,0.0,0.8379687179099153,0.7991908160526082,3.963226789748475,0.7704689271653511,2,0.24564247228215477,1,0.8610920938241884,6,0.8132884267151533,6,15
Reweigh_50,0.3,1.0,0.4,0.8517073276188212,0.7991908160526082,2.5893658188578916,0.6874722871200661,3,0.19903114046210818,0,0.809700274709892,6,0.8095311343228498,6,15
Reweigh_50,0.3,1.0,0.8,0.8398549393058273,0.7991908160526082,3.774604650157276,0.626169285505726,4,0.17390578787313216,0,0.7396174596457373,4,0.7816559921529495,4,12
Reweigh_50,0.5,0.0,0.0,0.7419281614475803,0.7991908160526082,13.567282435981976,0.8336575713961762,3,0.5488616109798986,0,0.988133479217522,5,0.9252590418518004,5,13
Reweigh_50,0.5,0.0,0.4,0.7954341551998098,0.7991908160526082,8.216683060759033,0.8740460508107071,5,0.7182749351635236,0,0.900216307291679,5,0.9943011850012189,6,16
Reweigh_50,0.5,0.0,0.8,0.8443894371601829,0.7991908160526082,3.3211548647217204,0.683724214981879,3,0.3125499992597893,0,0.7746336579544549,4,0.8655910802586508,6,13
Reweigh_50,0.5,0.4,0.0,0.7861111411369213,0.7991908160526082,9.148984467047882,0.8963111578792268,3,0.7214790026120419,0,0.9629446735148967,5,0.9726661093042739,6,14
Reweigh_50,0.5,0.4,0.4,0.8510047236604585,0.7991908160526082,2.659626214694155,0.7873895959949757,2,0.34321818702814794,0,0.8056265617327482,6,0.9024960126423013,6,14
Reweigh_50,0.5,0.4,0.8,0.8416168538475673,0.7991908160526082,3.5984131959832744,0.6162896063803657,4,0.18105321206260278,0,0.7250146280756582,4,0.7945523363905445,5,13
Reweigh_50,0.5,0.8,0.0,0.8392442143266352,0.7991908160526082,3.8356771480764884,0.8001558778157887,3,0.3230271942764646,0,0.9024519957062449,6,0.8720645123928458,6,15
Reweigh_50,0.5,0.8,0.4,0.848134856722839,0.7991908160526082,2.9466129084561143,0.6830029592116775,3,0.19903114046210818,0,0.8207602949527012,6,0.7999514420120823,5,14
Reweigh_50,0.5,0.8,0.8,0.8396819906391534,0.7991908160526082,3.7918995168246705,0.6273139841559308,4,0.17346302132043975,0,0.7385607181180115,4,0.7811279042534339,4,12
Reweigh_50,0.5,1.0,0.0,0.8471566158269649,0.7991908160526082,3.0444369980435204,0.7084330522841106,1,0.20730239397515904,1,0.7815898661120925,5,0.8338795162174942,6,13
Reweigh_50,0.5,1.0,0.4,0.8482807821603451,0.7991908160526082,2.932020364705501,0.6826047666753233,3,0.19903114046210818,0,0.8195312656862533,6,0.7998563438357827,5,14
Reweigh_50,0.5,1.0,0.8,0.8387956287224498,0.7991908160526082,3.8805357084950254,0.644870672625311,4,0.17346302132043975,0,0.7449468540837798,4,0.7848485798960063,4,12
Reweigh_50,0.6,0.0,0.0,0.7499594651562483,0.7991908160526082,12.764152065115175,0.8497067289116745,3,0.5864365751311413,0,0.9876401887907786,4,0.9319337144105319,5,12
Reweigh_50,0.6,0.0,0.4,0.8109022515754543,0.7991908160526082,6.669873423194583,0.8842729201842436,5,0.7384464311801663,0,0.8897681051040179,5,0.9846418258213128,6,16
Reweigh_50,0.6,0.0,0.8,0.8431139407434631,0.7991908160526082,3.448704506393696,0.6861191588098264,3,0.27669826133635317,0,0.747405586168674,4,0.8497429245796182,6,13
Reweigh_50,0.6,0.4,0.0,0.796336731054014,0.7991908160526082,8.126425475338605,0.947674971833988,3,0.8905012123921836,2,0.9838199908250725,5,0.991277187148305,6,16
Reweigh_50,0.6,0.4,0.4,0.8487563909936982,0.7991908160526082,2.884459481370194,0.800158722331429,3,0.2999193520404659,0,0.8180029409616209,6,0.8892992439080487,6,15
Reweigh_50,0.6,0.4,0.8,0.8413141936808881,0.7991908160526082,3.628679212651198,0.6115089091724296,4,0.1778664511628612,0,0.7256448963875163,4,0.7916484776944638,5,13
Reweigh_50,0.6,0.8,0.0,0.844167846681007,0.7991908160526082,3.343313912639312,0.7378912136155076,1,0.28081906495835113,0,0.8233553479840213,6,0.8744849875671983,6,13
Reweigh_50,0.6,0.8,0.4,0.8481510706603397,0.7991908160526082,2.9449915147060413,0.6859911909102481,3,0.19903114046210818,0,0.8131310752287744,6,0.7986840915895007,5,14
Reweigh_50,0.6,0.8,0.8,0.8395793023683158,0.7991908160526082,3.8021683439084297,0.6296400461063649,4,0.17345382099046622,0,0.7404572395247068,4,0.782182203250776,4,12
Reweigh_50,0.6,1.0,0.0,0.8483618518478484,0.7991908160526082,2.923913395955169,0.7273395666852376,1,0.2063707456213614,1,0.7890042054730868,5,0.8363282393083494,6,13
Reweigh_50,0.6,1.0,0.4,0.8482861868061786,0.7991908160526082,2.931479900122147,0.6852854386562253,3,0.19903114046210818,0,0.8115985046282534,6,0.7983259371404732,5,14
Reweigh_50,0.6,1.0,0.8,0.8388010333682834,0.7991908160526082,3.8799952439116714,0.6419527057808525,4,0.17345382099046622,0,0.7449308054204578,4,0.7848069301093423,4,12
Reweigh_50,0.7,0.0,0.0,0.7580123874482505,0.7991908160526082,11.958859835914959,0.872364495459684,3,0.6298122066150645,0,0.9873736767770345,4,0.9362116925406745,5,12
Reweigh_50,0.7,0.0,0.4,0.8291375266178808,0.7991908160526082,4.846345918951933,0.8451829175941344,5,0.6840356809651457,0,0.8547003746223766,6,0.9452913383180163,6,17
Reweigh_50,0.7,0.0,0.8,0.8411358403683806,0.7991908160526082,3.6465145439019464,0.7010428960659856,3,0.2335055752915546,0,0.7217888381647167,4,0.8411707818987825,6,13
Reweigh_50,0.7,0.4,0.0,0.8051354944710473,0.7991908160526082,7.246549133635282,0.947106554479301,3,0.7013249734745717,0,0.9899648910860871,5,0.9897347148285871,6,14
Reweigh_50,0.7,0.4,0.4,0.8454109152227255,0.7991908160526082,3.21900705846746,0.8049371358655341,3,0.2595878156533131,0,0.8177595680323051,6,0.8660637750761342,6,15
Reweigh_50,0.7,0.4,0.8,0.8406764454725282,0.7991908160526082,3.6924540334871914,0.6158865107342372,4,0.17345382099046622,0,0.7306989035766678,4,0.7894639916079706,4,12
Reweigh_50,0.7,0.8,0.0,0.8456433149935685,0.7991908160526082,3.1957670813831607,0.7403894809548879,1,0.2615891559889797,0,0.8093544902899866,6,0.8892377683624373,6,13
Reweigh_50,0.7,0.8,0.4,0.8477349129311557,0.7991908160526082,2.986607287624443,0.6931011244303339,3,0.19903114046210818,0,0.8015800328155445,6,0.7969479070132508,5,14
Reweigh_50,0.7,0.8,0.8,0.8388334612432847,0.7991908160526082,3.8767524564115363,0.6386337310320862,4,0.17345382099046622,0,0.7447702734294189,4,0.7846789936149273,4,12
Reweigh_50,0.7,1.0,0.0,0.8487888188686995,0.7991908160526082,2.881216693870059,0.7218510878416053,1,0.20531321194195587,0,0.8019300362339213,6,0.8405843297888244,6,13
Reweigh_50,0.7,1.0,0.4,0.84768086647282,0.7991908160526082,2.9920119334580053,0.6924451562497719,3,0.19903114046210818,0,0.7999468281807881,5,0.7971665566257303,5,13
Reweigh_50,0.7,1.0,0.8,0.8388064380141169,0.7991908160526082,3.8794547793283174,0.6390347389363941,4,0.17345382099046622,0,0.7449147567571357,4,0.7847652803226783,4,12
Reweigh_50,0.8,0.0,0.0,0.7673029736361376,0.7991908160526082,11.029801217126245,0.8947141548329339,3,0.6889918076583015,0,0.9864461172943413,4,0.9457431075594016,5,12
Reweigh_50,0.8,0.0,0.4,0.8350934463264622,0.7991908160526082,4.250753948093788,0.7524737922709077,1,0.5286062810560325,0,0.9128271948144775,6,0.9188117174841912,6,13
Reweigh_50,0.8,0.0,0.8,0.840935868472539,0.7991908160526082,3.666511733486111,0.6917080908167802,3,0.22727562017713435,0,0.7295292007502676,4,0.8369938375016649,6,13
Reweigh_50,0.8,0.4,0.0,0.8184255185757677,0.7991908160526082,5.917546723163236,0.8335962305758348,3,0.5242291724143673,0,0.9689283537839776,5,0.9733043049405831,6,14
Reweigh_50,0.8,0.4,0.4,0.8450704225352113,0.7991908160526082,3.253056327218884,0.8031931737484033,5,0.25223781347915486,0,0.8117504812780869,6,0.8470594601036902,6,17
Reweigh_50,0.8,0.4,0.8,0.8401251715975052,0.7991908160526082,3.7475814209894875,0.6153084403714446,4,0.17345382099046622,0,0.7354213659885378,4,0.7834789751247455,4,12
Reweigh_50,0.8,0.8,0.0,0.8458757147644115,0.7991908160526082,3.172527104298861,0.7352772259658016,1,0.25580857037746174,0,0.8199739522300407,6,0.8932802804448173,6,13
Reweigh_50,0.8,0.8,0.4,0.8461243284727552,0.7991908160526082,3.1476657334644886,0.6910964599410144,3,0.19903114046210818,0,0.7843973521035931,4,0.7950665221599558,5,12
Reweigh_50,0.8,0.8,0.8,0.8388118426599505,0.7991908160526082,3.8789143147449634,0.6361167720919357,4,0.17345382099046622,0,0.7448987080938136,4,0.7847236305360143,4,12
Reweigh_50,0.8,1.0,0.0,0.8496211343270675,0.7991908160526082,2.797985148033255,0.7124582655275068,1,0.20360888490066895,0,0.8120609384106783,6,0.8300986007027843,6,13
Reweigh_50,0.8,1.0,0.4,0.8455784592435658,0.7991908160526082,3.202252656383431,0.6895776500735544,3,0.1981398570708422,0,0.7807581423183889,4,0.7957255634792982,5,12
Reweigh_50,0.8,1.0,0.8,0.8388118426599505,0.7991908160526082,3.8789143147449634,0.6361167720919357,4,0.17345382099046622,0,0.7448987080938136,4,0.7847236305360143,4,12
Reweigh_50,0.9,0.0,0.0,0.7779717445115821,0.7991908160526082,9.962924129581797,0.9277002231226826,3,0.7842085845940878,0,0.9913974768646163,4,0.9557741661833905,5,12
Reweigh_50,0.9,0.0,0.4,0.831153459513798,0.7991908160526082,4.644752629360205,0.7373671319940983,1,0.4725672196819165,0,0.8829069768061222,6,0.9293534371623783,6,13
Reweigh_50,0.9,0.0,0.8,0.8394982326808125,0.7991908160526082,3.810275312658762,0.6854979774139806,3,0.2221047039636321,0,0.7414481080795797,4,0.8365462976308567,6,13
Reweigh_50,0.9,0.4,0.0,0.8307751343054489,0.7991908160526082,4.682585150195118,0.7069450664212815,1,0.35192637620994216,0,0.9332780613162841,5,0.9061400908368131,6,12
Reweigh_50,0.9,0.4,0.4,0.8402927156183455,0.7991908160526082,3.730827018905458,0.7809576854070007,3,0.2331631831065207,0,0.7797544329830598,4,0.8293211557717372,6,13
Reweigh_50,0.9,0.4,0.8,0.8397090138683212,0.7991908160526082,3.7891971939078894,0.6100166848787467,4,0.17345382099046622,0,0.7383638140767342,4,0.7808718348787899,4,12
Reweigh_50,0.9,0.8,0.0,0.8467242441602801,0.7991908160526082,3.0876741647119954,0.7519122375586413,1,0.24985399049508616,0,0.8252580310127122,6,0.8803879356235464,6,13
Reweigh_50,0.9,0.8,0.4,0.8408115616183671,0.7991908160526082,3.678942418903297,0.6758873508224217,3,0.1846061722243438,0,0.7533511205922149,4,0.7907580323816524,5,12
Reweigh_50,0.9,0.8,0.8,0.8388064380141169,0.7991908160526082,3.8794547793283174,0.6273628715585604,4,0.17345382099046622,0,0.7448505621038474,4,0.7846526572214987,4,12
Reweigh_50,0.9,1.0,0.0,0.8479889312853329,0.7991908160526082,2.9612054522067166,0.6919482081484504,3,0.2008718127622431,0,0.8366887914482242,6,0.8111924742243651,6,15
Reweigh_50,0.9,1.0,0.4,0.840200836639175,0.7991908160526082,3.7400149168225094,0.6758873508224217,3,0.181360821925147,0,0.7507577989472595,4,0.7949302778272955,5,12
Reweigh_50,0.9,1.0,0.8,0.8388064380141169,0.7991908160526082,3.8794547793283174,0.6273628715585604,4,0.17345382099046622,0,0.7448505621038474,4,0.7846526572214987,4,12
Reweigh_50,1.0,0.0,0.0,0.7893052868245544,0.7991908160526082,8.829569898284573,0.9912549017512334,3,0.9881348588581057,2,0.9976611205849917,4,0.9743139462128387,5,14
Reweigh_50,1.0,0.0,0.4,0.8276836768886535,0.7991908160526082,4.991730891874657,0.7510097165830165,1,0.37077011714560915,0,0.8605138163300752,6,0.9278154453406092,6,13
Reweigh_50,1.0,0.0,0.8,0.839784678909991,0.7991908160526082,3.7816306897409113,0.6876333623202842,3,0.21693186445504517,0,0.7431272593961005,4,0.8319571085595329,6,13
Reweigh_50,1.0,0.4,0.0,0.8323478862430145,0.7991908160526082,4.525309956438561,0.7161153339901667,1,0.2990771001605858,0,0.9144592603285541,6,0.9547392862996747,6,13
Reweigh_50,1.0,0.4,0.4,0.8398549393058273,0.7991908160526082,3.774604650157276,0.7794016297772071,3,0.22440455318417826,0,0.7710080314276521,4,0.828539319615381,6,13
Reweigh_50,1.0,0.4,0.8,0.8395793023683158,0.7991908160526082,3.8021683439084297,0.6118220950740736,4,0.17345382099046622,0,0.7401168658187006,4,0.7818937581955011,4,12
Reweigh_50,1.0,0.8,0.0,0.8447515484310313,0.7991908160526082,3.2849437376368806,0.8004781813678522,3,0.24290282560655602,0,0.8427711111830942,6,0.859104058397014,6,15
Reweigh_50,1.0,0.8,0.4,0.8401846227016744,0.7991908160526082,3.7416363105725714,0.6758873508224217,3,0.18143125331230237,0,0.7503074725499765,4,0.7950188339407464,5,12
Reweigh_50,1.0,0.8,0.8,0.8388010333682834,0.7991908160526082,3.8799952439116714,0.6244449047141021,4,0.17345382099046622,0,0.7448345134405253,4,0.7846649838675944,4,12
Reweigh_50,1.0,1.0,0.0,0.8471998529936333,0.7991908160526082,3.0401132813766774,0.6880979602697307,3,0.1999889914314197,0,0.8329144256277107,6,0.8047115203925795,6,15
Reweigh_50,1.0,1.0,0.4,0.8399306043474971,0.7991908160526082,3.767038145990298,0.6758873508224217,3,0.17978550527510997,0,0.7522820332035098,4,0.7929913452376254,5,12
Reweigh_50,1.0,1.0,0.8,0.8388010333682834,0.7991908160526082,3.8799952439116714,0.6244449047141021,4,0.17345382099046622,0,0.7448345134405253,4,0.7846649838675944,4,12
