{
  "method": "AFCE + Hospital Cal",
  "accuracy": 0.8784873477241036,
  "f1": 0.8651912433968713,
  "auc": 0.9535227189526988,
  "precision": 0.8647505123994679,
  "recall": 0.8656324238715715,
  "base_accuracy": 0.878752175369948,
  "base_f1": 0.8638300455235205,
  "overfit_gap": 0.02500973781275484,
  "n_features": 48,
  "global_threshold": 0.48000000000000015,
  "age_alpha": 0.0,
  "fairness": {
    "RACE": {
      "DI": 0.8018666538183311,
      "DI_before": 0.6184519894963175,
      "WTPR": 0.8629745362675354,
      "WTPR_before": 0.8181818181818182,
      "SPD": 0.10083320026956227,
      "EOD": 0.05477438148138236,
      "PPV_Ratio": 0.8201616794178753,
      "fair": "True"
    },
    "ETHNICITY": {
      "DI": 0.8523687020126862,
      "DI_before": 0.8336499337304708,
      "WTPR": 0.8607149930679342,
      "WTPR_before": 0.8400673400673401,
      "SPD": 0.06937413932900938,
      "EOD": 0.006490074232144982,
      "PPV_Ratio": 0.9873270203492309,
      "fair": "True"
    },
    "SEX": {
      "DI": 0.8039507596455343,
      "DI_before": 0.7893878586831214,
      "WTPR": 0.861909811014782,
      "WTPR_before": 0.8466911994012349,
      "SPD": 0.10093272387812696,
      "EOD": 0.00880259004062689,
      "PPV_Ratio": 0.9730004425815626,
      "fair": "True"
    },
    "AGE_GROUP": {
      "DI": 0.25995647142848244,
      "DI_before": 0.2517565426656336,
      "WTPR": 0.7467073702573048,
      "WTPR_before": 0.7269079808111644,
      "SPD": 0.5807174543617061,
      "EOD": 0.19581718412610738,
      "PPV_Ratio": 0.9140762157477383,
      "fair": "False"
    }
  },
  "per_attr_thresholds": {
    "RACE": {
      "Asian/PI": 0.4644738237286404,
      "Black": 0.5417283925396852,
      "Hispanic": 0.48000000000000015,
      "Other/Unknown": 0.2948775454040856,
      "White": 0.4748873224016562
    },
    "ETHNICITY": {
      "Hispanic": 0.48000000000000015,
      "Non-Hispanic": 0.48000000000000015
    },
    "SEX": {
      "Female": 0.48457297577867475,
      "Male": 0.4647567474044182
    },
    "AGE_GROUP": {
      "Elderly": 0.5029599960231607,
      "Middle-aged": 0.365662582037654,
      "Pediatric": 0.22046892267523263,
      "Unknown": 0.8336731443591445,
      "Young Adult": 0.05
    }
  },
  "pareto": [
    {
      "alpha": 0.0,
      "acc": 0.8783414222865975,
      "f1": 0.864851883427995,
      "race_di": 0.7988633477570101,
      "age_di": 0.2587485521741577,
      "sex_di": 0.8034469540967012,
      "eth_di": 0.8513828993668822
    },
    {
      "alpha": 0.05,
      "acc": 0.8781684736199237,
      "f1": 0.8650001796643869,
      "race_di": 0.8031066379826135,
      "age_di": 0.26932142354333566,
      "sex_di": 0.8057366888230236,
      "eth_di": 0.85470106216572
    },
    {
      "alpha": 0.1,
      "acc": 0.8779306692032471,
      "f1": 0.8650986107295163,
      "race_di": 0.8059269301008068,
      "age_di": 0.27958950064213217,
      "sex_di": 0.8077616971669603,
      "eth_di": 0.8598248018661506
    },
    {
      "alpha": 0.15000000000000002,
      "acc": 0.8776820554949034,
      "f1": 0.8651797841160912,
      "race_di": 0.8061062491635742,
      "age_di": 0.2915137477349459,
      "sex_di": 0.8099089575672996,
      "eth_di": 0.8628399166842499
    },
    {
      "alpha": 0.2,
      "acc": 0.8772929209948872,
      "f1": 0.8651044513629774,
      "race_di": 0.8089235165338432,
      "age_di": 0.3019755602820983,
      "sex_di": 0.8127947702815174,
      "eth_di": 0.8659107178400128
    },
    {
      "alpha": 0.25,
      "acc": 0.8766065309740253,
      "f1": 0.8646771182171117,
      "race_di": 0.810023160867324,
      "age_di": 0.3139428090779442,
      "sex_di": 0.8146127645910103,
      "eth_di": 0.8687989066069918
    },
    {
      "alpha": 0.30000000000000004,
      "acc": 0.8759579734739983,
      "f1": 0.8643694191481943,
      "race_di": 0.811750151157074,
      "age_di": 0.32683426147478434,
      "sex_di": 0.817022409004676,
      "eth_di": 0.8726728862258674
    },
    {
      "alpha": 0.35000000000000003,
      "acc": 0.8751364673072973,
      "f1": 0.8638862213005132,
      "race_di": 0.8148869048119461,
      "age_di": 0.3418917515833816,
      "sex_di": 0.8192870345681954,
      "eth_di": 0.8762668922286863
    },
    {
      "alpha": 0.4,
      "acc": 0.8740555381405857,
      "f1": 0.8631416976466926,
      "race_di": 0.8180039974095853,
      "age_di": 0.3576857246616059,
      "sex_di": 0.8225887709429356,
      "eth_di": 0.8797993713835208
    },
    {
      "alpha": 0.45,
      "acc": 0.872753018494698,
      "f1": 0.8621900681323312,
      "race_di": 0.8209778249181457,
      "age_di": 0.37524952626380126,
      "sex_di": 0.825180942334647,
      "eth_di": 0.8847097808430748
    },
    {
      "alpha": 0.5,
      "acc": 0.8709965085987915,
      "f1": 0.8608327065586865,
      "race_di": 0.8259232734157262,
      "age_di": 0.3946780247577817,
      "sex_di": 0.8293211420552214,
      "eth_di": 0.8908510995777944
    },
    {
      "alpha": 0.55,
      "acc": 0.8691535243695481,
      "f1": 0.8593717326146053,
      "race_di": 0.8277697714225863,
      "age_di": 0.4128423392791209,
      "sex_di": 0.8335137360679672,
      "eth_di": 0.8944401105605065
    },
    {
      "alpha": 0.6000000000000001,
      "acc": 0.8672835169111368,
      "f1": 0.8579148970640992,
      "race_di": 0.8334170762778238,
      "age_di": 0.43328039607109375,
      "sex_di": 0.837478290289901,
      "eth_di": 0.8997468005079104
    },
    {
      "alpha": 0.65,
      "acc": 0.8646946915568623,
      "f1": 0.8557733853359527,
      "race_di": 0.8364287296377054,
      "age_di": 0.45712429385898773,
      "sex_di": 0.8420876816381172,
      "eth_di": 0.9044811343347318
    },
    {
      "alpha": 0.7000000000000001,
      "acc": 0.8618680617859111,
      "f1": 0.8534568764836072,
      "race_di": 0.8392095507083398,
      "age_di": 0.48398887062371554,
      "sex_di": 0.8484806931936266,
      "eth_di": 0.9106792108818487
    },
    {
      "alpha": 0.75,
      "acc": 0.858663106806611,
      "f1": 0.8508188959309059,
      "race_di": 0.8436041049751425,
      "age_di": 0.5145122769365194,
      "sex_di": 0.8553039215471113,
      "eth_di": 0.9171026024856129
    },
    {
      "alpha": 0.8,
      "acc": 0.854328580848097,
      "f1": 0.8472199391215133,
      "race_di": 0.8560584222023208,
      "age_di": 0.5543197187202131,
      "sex_di": 0.8629473694486044,
      "eth_di": 0.9266308019907824
    },
    {
      "alpha": 0.8500000000000001,
      "acc": 0.8486591073686941,
      "f1": 0.8424375422012154,
      "race_di": 0.8648609741177246,
      "age_di": 0.6066532352970883,
      "sex_di": 0.8736518196388038,
      "eth_di": 0.9371264251872822
    },
    {
      "alpha": 0.9,
      "acc": 0.8412979797433874,
      "f1": 0.8363684996545037,
      "race_di": 0.8783797423529199,
      "age_di": 0.6642385135535821,
      "sex_di": 0.8883765714169372,
      "eth_di": 0.9514691724378285
    },
    {
      "alpha": 0.9500000000000001,
      "acc": 0.8323154583680131,
      "f1": 0.8289240066608586,
      "race_di": 0.8940903811465248,
      "age_di": 0.737549784918206,
      "sex_di": 0.9046085850028418,
      "eth_di": 0.9640824346828625
    },
    {
      "alpha": 1.0,
      "acc": 0.8281809043053409,
      "f1": 0.8255149589185451,
      "race_di": 0.8900898714559865,
      "age_di": 0.7753391030778884,
      "sex_di": 0.9043102925529168,
      "eth_di": 0.9633214386471316
    }
  ]
}