N,Rep,DI_RACE,SPD_RACE,EOPP_RACE,EOD_RACE,TI_RACE,PP_RACE,CAL_RACE,DI_SEX,SPD_SEX,EOPP_SEX,EOD_SEX,TI_SEX,PP_SEX,CAL_SEX,DI_ETHNICITY,SPD_ETHNICITY,EOPP_ETHNICITY,EOD_ETHNICITY,TI_ETHNICITY,PP_ETHNICITY,CAL_ETHNICITY,DI_AGE_GROUP,SPD_AGE_GROUP,EOPP_AGE_GROUP,EOD_AGE_GROUP,TI_AGE_GROUP,PP_AGE_GROUP,CAL_AGE_GROUP
1000,0,0.641025641025641,0.1866666666666667,0.16666666666666663,0.1694915254237288,0.04760509874534426,0.16901408450704225,0.6115437676654774,0.709015169117403,0.1523820284287694,0.06927803379416275,0.06927803379416275,0.013774353646393213,0.03535669586983736,0.12451372799032212,0.8006467187880667,0.08988820148698512,0.001993957703927518,0.028046811945117017,0.005310100041101953,0.011165644171779121,0.20993236516187508,0.2527444143096991,0.48426514897890865,0.2867063492063492,0.2867063492063492,0.04780626566104469,0.0902868318122555,0.6273593144717405
1000,1,0.5333333333333333,0.35,0.16666666666666663,0.21428571428571427,0.009752657631181293,0.375,0.5832628971326623,0.6969070854127595,0.16809463366476274,0.08039275230286469,0.08039275230286469,0.0006415743713525657,0.006517805740603677,0.2561567736831246,0.9439455926890176,0.025363625435749493,0.01714015151515147,0.023201338538761843,0.008657642691026132,0.020550330895158453,0.2639551863130051,0.28964108745145306,0.4410285191652116,0.22262383964511623,0.22262383964511623,0.025166198196372953,0.13754498200719711,0.7881709811417054
1000,2,0.0,0.47692307692307695,0.25526315789473686,0.25526315789473686,0.01595582086925816,0.14022140221402213,0.5030276297145846,0.8010326387608335,0.0934377110791666,0.02356132780792075,0.04766666666666666,0.0027004957173805202,0.014460784313725439,0.1802866754362904,0.7642890334572491,0.10318400724169668,0.02580081537565515,0.0819327731092437,0.017194141503200394,0.07708333333333339,0.26917333423773515,0.25626086956521743,0.44165031498502527,0.30434782608695643,0.30434782608695643,0.04906260313738762,0.19999999999999996,0.8414216328462516
1000,3,0.4678362573099415,0.25277777777777777,0.25,0.25,0.018199173453047807,0.2435897435897436,0.5086708283644683,0.7405594290329492,0.13696722880662737,0.05475095785440609,0.05475095785440609,0.009263054929641641,0.07327304538459911,0.2806030937782056,0.7866832349590971,0.10004856726566291,0.015516133814300614,0.06011976427349344,0.006740326701235193,0.0456905503634476,0.3379680349615066,0.23878794065605008,0.4707745404421436,0.22592592592592597,0.22592592592592597,0.028501537646349523,0.17142857142857137,0.6867256914035662
1000,4,0.0,0.5042016806722689,0.057720057720057616,0.18181818181818182,0.022043960691629193,0.11666666666666659,0.8634804614955518,0.8328475315771141,0.0789587627080483,0.03324213406292742,0.03324213406292742,0.006345815933318205,0.005195591901400176,0.17130486413840024,0.8203572270943672,0.08009713378840894,0.06443682104059467,0.06443682104059467,0.007623969695117562,0.07084444704985782,0.1657580596479367,0.3012418300653595,0.4252585521081941,0.22051886792452835,0.22051886792452835,0.03929274420014158,0.09511889862327905,0.5493411666981308
1000,5,0.0,0.5,0.08708708708708712,0.14285714285714285,0.07181551695351851,0.07592752372735123,0.8370068352300839,0.7435453024145351,0.12788722319911777,0.09547792086361506,0.09547792086361506,0.01270761778564461,0.00950999355254678,0.13360573564900663,0.9261569872958259,0.03161728994657598,0.009874608150470143,0.01560102301790281,0.0027219584691793794,0.005377574370709404,0.15467411414222354,0.3458532198934772,0.3875819672131148,0.199107683000605,0.199107683000605,0.010826368324062037,0.19999999999999996,0.6046501359308863
1000,6,0.0,0.5333333333333333,0.2432432432432432,0.2432432432432432,0.02609094879220826,0.13888888888888884,0.37198281370712877,0.7856594824579759,0.10777918069584735,0.06454640250260679,0.06454640250260679,0.008150334466077783,0.003200035310734428,0.28643266001422873,0.7157700524373666,0.13334244453555644,0.11284838350055748,0.11284838350055748,0.006879717123431051,0.011985090932459364,0.19803336287556056,0.26758938869665516,0.4293441514536849,0.3914053426248547,0.3914053426248547,0.035417216221495504,0.23363095238095233,0.8445508685909897
1000,7,0.7253891147020917,0.15662991235510326,0.2666666666666667,0.2666666666666667,0.03589365177376656,0.12177121771217714,0.6256016507422943,0.6664234686122511,0.1848426655885722,0.09060390097524385,0.09060390097524385,0.0020368648317511395,0.012492282362626006,0.12898426838324584,0.8196208913087315,0.0834772059166628,0.00631573384070605,0.04019591285255869,0.00739476383405982,0.01594896331738438,0.339128079833246,0.2774979854955681,0.45177137458667926,0.2159420289855073,0.2159420289855073,0.036302755802753967,0.03898635477582846,0.7171808714033947
1000,8,0.0,0.5230769230769231,0.8837209302325582,0.8837209302325582,0.019969115135471074,0.14743589743589747,0.35025640045894146,0.8083510932196701,0.10254460986168301,0.029823785298237926,0.07193375884077971,0.006203664398737936,0.030184685013504686,0.17287112678419425,0.7101223470661673,0.14830029993204263,0.027968532112505606,0.08462878584829805,0.013895439656411462,0.038240549828178705,0.16054555512724145,0.31109440267335003,0.453436709556802,0.23318450237649435,0.23318450237649435,0.010558268486163425,0.05690312738367653,0.6466199332071088
1000,9,0.0,0.5263157894736842,0.1694915254237288,0.1694915254237288,0.06316589387956835,0.14035087719298245,0.4436624728188041,0.800862812769629,0.09701555275325768,0.009708121827411209,0.030205853521915696,0.010701752119451131,0.014462627156125563,0.17730558682517017,0.706233876498057,0.13660729199884591,0.03646884272997042,0.08481023988542785,0.013402736306092407,0.07122733750952892,0.23456283585809723,0.22878228782287824,0.4837962962962963,0.249441170493802,0.249441170493802,0.012655453783408849,0.11511701454775458,0.8183927481304517
1000,10,0.5122655122655122,0.29264069264069265,0.2168674698795181,0.2168674698795181,0.029683962272972902,0.1387900355871886,0.6305411249713841,0.8023365878455363,0.09800581438299316,0.025465430984991322,0.06735213091062368,0.0070298402331896645,0.0362634941617096,0.41181812405106155,0.6583999842788925,0.1649272282206493,0.0894161072030385,0.0894161072030385,0.002121636908321005,0.00037091988130566467,0.18205209423625224,0.28783398184176395,0.4178691019786911,0.20331882034009696,0.20331882034009696,0.02024601944593145,0.15546218487394958,0.42578712174151545
1000,11,0.7166666666666667,0.13178294573643412,0.16666666666666663,0.16666666666666663,0.03363726136555723,0.20833333333333337,0.8525011918765755,0.7343865192206426,0.1411297786157349,0.029646748101683773,0.029646748101683773,0.01173880562087238,0.07854251012145752,0.25103352328740325,0.9834576400841462,0.0073423308717426305,0.009648991784914185,0.014041601218525407,0.0012367975978644571,0.02814895947426066,0.16791572566429147,0.21463710492620797,0.49020453230979544,0.20879120879120883,0.21987202275151083,0.041093691345150236,0.09698996655518399,0.5662808198807732
1000,12,0.3616438356164384,0.35303030303030297,0.33333333333333337,0.33333333333333337,0.022823640965538308,0.19999999999999996,0.6427613434973208,0.7653957728968089,0.12212274835508574,0.03655549659141932,0.05440250625056481,0.003883922649319367,0.007738714374869948,0.19437115920236314,0.8441851257121488,0.07204572846688606,0.019083571986461934,0.07293336386535379,0.009696011453489514,0.07238658777120321,0.37062897347260226,0.2688005772898304,0.42694194480392456,0.3125,0.3125,0.07941071682265488,0.2028985507246377,0.4413839341375262
1000,13,0.3873015873015873,0.35154826958105645,0.33333333333333337,0.33333333333333337,0.013082177454883381,0.16049382716049387,0.8209257163687571,0.7516508756818835,0.12135241301907967,0.07285714285714295,0.07285714285714295,0.008632446671497408,0.01074848544068785,0.4782162644516883,0.8938871757663704,0.04491707616707613,0.013655462184873901,0.013655462184873901,0.00023691213621941654,0.036553211888782355,0.29632361075935637,0.30304267919134165,0.38792907478972494,0.1597222222222222,0.17098445595854922,0.02235350107396334,0.16981132075471694,0.4751472491047703
1000,14,0.0,0.47058823529411764,0.0314330257447436,0.15625,0.036470972664419225,0.09962406015037595,0.6443091767999878,0.7113239822100582,0.145122454595487,0.07220410265213295,0.07220410265213295,0.006733448477430709,0.036426692178904596,0.20932094843324828,0.7714078977023356,0.09991238030060295,0.0038699690402476117,0.04704532415375788,0.015713681261295603,0.0267379679144385,0.19620245512395806,0.18578497525865945,0.4869518428840463,0.1937116399267793,0.1937116399267793,0.05771676840127018,0.10504201680672276,0.49621415361870724
1000,15,0.6694866647548036,0.15708055063377402,0.21875,0.21875,0.0647217295250896,0.19444444444444442,0.5320730749905372,0.749462715727776,0.13794463568559956,0.038972030931404666,0.040372778801683065,0.0035985144931878488,0.036259617281515166,0.1431894916600547,0.7808447391631006,0.10649713478419609,0.09503515874707003,0.09503515874707003,0.017472241109569124,0.026170798898071612,0.20540635800753854,0.22640921345863135,0.49925572787801986,0.33591331269349844,0.33591331269349844,0.02772750798707281,0.22242647058823528,0.8974238642547732
1000,16,0.3229166666666667,0.34946236559139787,0.18644067796610164,0.24615384615384617,0.07218595839543628,0.25,0.45845174557833324,0.6983565633451216,0.16739997691034803,0.0855450374586213,0.0855450374586213,0.0012326067322919257,0.011629987475398118,0.14931603887409511,0.8178896066624226,0.08636946332143797,0.021118012422360333,0.07680722891566265,0.022305254305605357,0.06443541661061636,0.13803342925401862,0.2971014492753623,0.44700460829493094,0.33333333333333337,0.33333333333333337,0.029711448635590477,0.1913696060037524,0.44663994232513393
1000,17,0.0,0.5092592592592593,0.07756813417190767,0.21818181818181817,0.03764440414259866,0.12095959595959593,0.57455798257549,0.73845233942897,0.1399509411827441,0.01873325679295834,0.030926216640502366,0.0031403603564927815,0.04840269020596888,0.19396083804091951,0.782057181729057,0.10335110723163626,0.04729333593902685,0.04729333593902685,0.003620678795266563,0.030804920155373283,0.2779171022003444,0.24606060606060606,0.47662835249042146,0.2571724853093674,0.2571724853093674,0.03554193897555621,0.12982456140350873,0.6167342222099458
1000,18,0.5,0.3333333333333333,0.1428571428571429,0.1428571428571429,0.02896184417054753,0.10996563573883167,0.5676340062993488,0.833245009715598,0.08495065542790292,0.017132697591724533,0.0400772430184195,0.006767936342916392,0.013732833957553092,0.2653627120135732,0.9689254471863167,0.01429257746817203,0.03288987435328905,0.037623171095849506,0.019616208722854408,0.04094338240679707,0.35249454648518863,0.3795224689813366,0.3791049530179965,0.08479532163742687,0.10518204584858408,0.04150695134303776,0.09027777777777779,0.5137600765303807
1000,19,0.47619047619047616,0.275,0.1797752808988764,0.1797752808988764,0.029553000770121886,0.25,0.565185488773745,0.7675791733762749,0.12149270482603813,0.06439393939393934,0.06708211143695016,0.0021054315534221046,0.0259197324414715,0.19885627910278691,0.7983860692291357,0.09481153037634005,0.01355042016806729,0.06816995015428437,0.01754944258745903,0.05169683257918545,0.25409613202991044,0.28477336686425964,0.45164095583787056,0.2524717514124294,0.2524717514124294,0.022250860299087294,0.14833929909264965,0.829895647024476
1000,20,0.11764705882352941,0.8823529411764706,0.6666666666666667,0.944954128440367,0.040233958746955324,0.41666666666666663,0.5592070018250919,0.7191868332917526,0.1578184815537116,0.06903299025554732,0.06903299025554732,0.0054953536104202574,0.014103211566877993,0.16569760036724274,0.7988608489585499,0.09864611369382592,0.04980237154150202,0.051826775259215654,0.00325043807246847,0.026157315293805605,0.3787918984909572,0.33699633699633696,0.42093023255813955,0.14425770308123254,0.15868090633569057,0.03122072830163589,0.08571428571428574,0.8027644797874752
1000,21,0.4612476370510397,0.30470420527441194,0.23655913978494625,0.23655913978494625,0.0215486630585977,0.16666666666666663,0.35029065750361865,0.6985074626865672,0.16160000000000002,0.03189166411277966,0.06221781036856769,0.010358147219662182,0.0016583747927032544,0.10803507089085906,0.8141378194758978,0.08530531234068667,0.06414676821737342,0.06414676821737342,0.004615284374946418,0.05541125541125547,0.1925724095811439,0.2565092674315975,0.4361812297734628,0.2642140468227425,0.2642140468227425,0.03918028880285942,0.10530303030303023,0.5623513324549407
1000,22,0.0,0.4781297134238311,0.07901387630537404,0.11428571428571428,0.02300858425950264,0.12618296529968454,0.46112591199015573,0.8031352892034006,0.10510573542530305,0.06381205001894652,0.06381205001894652,0.0014884201973352912,0.009779764292399684,0.2221107069102577,0.950198854945151,0.023515330365111886,0.015002213059379876,0.02253313696612666,0.0085248236426399,0.018994739918176573,0.36999055686752114,0.3048263292558971,0.43175584483434193,0.23333333333333328,0.23333333333333328,0.05916362320555831,0.17948717948717952,0.4078787666169514
1000,23,0.625,0.2,0.09765004763416962,0.2578616352201258,0.018243218957589888,0.9375,0.6951143466502292,0.7190311198703073,0.155824695014456,0.07911617961511042,0.086073500967118,0.003661287634838986,0.016978876046233604,0.11965365728443977,0.7329594925162735,0.1304066127081024,0.10270458068309363,0.10270458068309363,0.00027642546155018377,0.02449901540600019,0.399323517995898,0.2722434497816594,0.4669315209420932,0.39743589743589736,0.39743589743589736,0.023294882625987043,0.22052238805970148,0.6671952531606695
1000,24,0.65015479876161,0.15826330532212884,0.2857142857142857,0.2857142857142857,0.017375644325890435,0.1457627118644068,0.3279144073959282,0.8170762827450877,0.08832464447928484,0.0018066847335139746,0.022456140350877188,0.0031373913807936638,0.022638563622170205,0.1653138422726715,0.7883189708030011,0.09611305989603108,0.010761492572230691,0.058864099796089725,0.01004355156964485,0.038901174198772925,0.16839158336964766,0.2390717754991905,0.43800608859527407,0.21524390243902436,0.21524390243902436,0.021718215518025268,0.15000000000000002,0.5909778065720572
1000,25,0.6111111111111112,0.2121212121212121,0.1558441558441559,0.1558441558441559,0.03247941694916153,0.1384083044982699,0.4656255124832658,0.7121172838051241,0.15667611632053569,0.08025118101163731,0.08025118101163731,0.008410624259516802,0.00873725394798186,0.3075111977162792,0.8605390314613981,0.06470834412802168,0.02692249355376919,0.0414959349593496,0.017562872221886405,0.02025010084711576,0.4517264202503416,0.31025039123630677,0.40706534287693374,0.19725962674226316,0.19725962674226316,0.0262908344543357,0.16666666666666663,0.6346745017580946
1000,26,0.14285714285714285,0.8571428571428572,0.1282051282051282,0.2033898305084746,0.01962538254101002,0.16901408450704225,0.3313460892825541,0.7922907826798221,0.10469895507195959,0.016122364613476714,0.07835497835497834,0.027909051075770755,0.037122375832053245,0.24810548147489464,0.8477214464191067,0.06967961631170222,0.030316949931097903,0.05297888386123681,0.006905965213400131,0.04182816987814064,0.3313292203641257,0.26204783786968305,0.4353386855732805,0.0766009852216748,0.17715273412947832,0.03935252716811874,0.15625,0.6087432626142855
1000,27,0.6429080541696365,0.20031987205117957,0.17142857142857137,0.17142857142857137,0.020948299478383677,0.25,0.5419491375741969,0.7762474095329188,0.11821979650966918,0.01899767571409361,0.07763857538895032,0.01685297693437246,0.02462345738995242,0.21733471365609475,0.8858868238846375,0.053784811679548516,0.0375384024577573,0.0375384024577573,0.00069766416734484,0.0004239084357778866,0.20289099579355419,0.27315566260013613,0.4622248859587787,0.28883183568677784,0.28883183568677784,0.022707724024296737,0.1702702702702703,0.5979834852926877
1000,28,0.33055555555555555,0.33753501400560226,0.23529411764705888,0.23529411764705888,0.052060960924601635,0.1216216216216216,0.42661524263983136,0.7602235204470409,0.1221874662927408,0.06046301213587457,0.06046301213587457,0.0020385179820485225,0.0018358248098609975,0.1345504958951907,0.8014121011707928,0.09061251121441971,0.03876773970231917,0.03876773970231917,0.0004586632831994966,0.007454478797507047,0.14708283706586234,0.24934706549056326,0.4454961980892962,0.2930555555555555,0.2930555555555555,0.04383769445368094,0.16666666666666663,0.6970596791201713
1000,29,0.75,0.125,0.22943722943722944,0.2424242424242424,0.025476437157160227,0.24102564102564106,0.7478857296858248,0.8330751046932687,0.08097440720841437,0.00033370875568339287,0.039601363755573035,0.002821293385565256,0.004666447584620426,0.17115013226007453,0.8050220627916574,0.089673397281474,0.023742386645612457,0.023742386645612457,0.009899655119011336,0.036554345651490516,0.18075603933279016,0.36809284600727527,0.3731969309462916,0.12103174603174593,0.13480392156862747,0.03136004592700163,0.07756813417190767,0.8514841916991815
5000,0,0.7408023279983372,0.12348979996038817,0.1921171171171172,0.1921171171171172,0.01753524293321261,0.2450980392156863,0.7988831649827985,0.7949878427999604,0.10284438248978883,0.03610707232004029,0.05352836505818172,0.004445759236046717,0.014096263116419983,0.11687716896953607,0.8257793702041281,0.07982507465115857,0.04958391047325106,0.04958391047325106,0.007596131475206269,0.027759406146659615,0.15665683595540075,0.28519593856393016,0.43779236564992663,0.2097532314923619,0.2097532314923619,0.01883201876280395,0.11780821917808215,0.43231213804233315
5000,1,0.47884012539184956,0.27209492635024546,0.18844221105527637,0.18844221105527637,0.01734663698985888,0.15909090909090906,0.8656844148277808,0.7693465111692478,0.12007620907450983,0.029845741113346702,0.051614487415592394,0.0047602879593838104,0.002015353208585813,0.13258114214186356,0.8028811941334723,0.09280293125539313,0.037600877877881134,0.037600877877881134,0.0019399611179656481,0.00032142344669250367,0.1180988977267855,0.29891699703280533,0.4321039343666556,0.18942101062196848,0.18942101062196848,0.012477364478550051,0.06355604559253114,0.3070019620464933
5000,2,0.7440865384615385,0.13241293532338305,0.096551724137931,0.17755775577557756,0.018885936502408926,0.40064102564102566,0.7767722732540279,0.7819271678323804,0.11123977348146191,0.034619964518411206,0.037104018912529554,0.001204515793881679,0.015228159813514774,0.0727812830739773,0.7707522747661155,0.10756862624830349,0.027453527517564358,0.03791183084562097,0.006925741386255853,0.008107725017717948,0.10857356739866453,0.3037368388295414,0.43672892701609656,0.1836371480962139,0.1836371480962139,0.030969077096889126,0.09738955823293172,0.3686761620366916
5000,3,0.4076923076923077,0.29056603773584905,0.20833333333333337,0.20833333333333337,0.04855748776499838,0.27243589743589747,0.9068069479645416,0.7463344889777686,0.1308394547592882,0.04827103779669817,0.04827103779669817,0.00517994342747697,0.009338105121522777,0.08715521646240681,0.8966812773951159,0.0460893854748603,0.03245560318432328,0.03245560318432328,0.006192002319277308,0.04162844946951583,0.11906345806740043,0.28149779791789253,0.44036125416392646,0.2137128535624776,0.2137128535624776,0.021179788089197883,0.1136862790428852,0.35526178648430073
5000,4,0.4331569664902998,0.29080709373868985,0.16981132075471694,0.16981132075471694,0.019228876563750733,0.3979591836734694,0.8656844148277808,0.7771765281517284,0.1141801114716709,0.05650365881177266,0.05650365881177266,0.00019722543103033868,0.009024572359489613,0.1371126831238983,0.8462134554420572,0.0705559146735617,0.01395442235573141,0.01986645517319985,0.006593015829906998,0.014110415532571308,0.08289410958609153,0.313873552983081,0.420458785053491,0.158970385258009,0.158970385258009,0.013286150050822523,0.067037037037037,0.27688085429173004
5000,5,0.6059546925566343,0.20158940397350994,0.18575949367088607,0.18575949367088607,0.030750716887142593,0.14895057549085988,0.40720579056162126,0.7925845479852449,0.10635246996958414,0.041955382411082764,0.05271952563707852,0.003920778769284032,0.00757318949057062,0.10801173736388064,0.8628640988346744,0.06347907024805066,0.002312767838922536,0.03055801957301993,0.006952143336937569,0.0039995808299567726,0.0935651435286689,0.30900069190739415,0.42623881429312527,0.18146446973416785,0.18146446973416785,0.016141952684873784,0.04385964912280704,0.31441567521354896
5000,6,0.7981325207063603,0.0967983663987711,0.14840085287846483,0.14840085287846483,0.026659694792556983,0.10810534912209069,0.6799409337029487,0.7841116386527176,0.10939471837586257,0.02982691447914676,0.032546904085431566,0.003966373137604076,0.012908361707558713,0.11347533199322113,0.8604990868136438,0.06318948927470891,0.0008839330473398022,0.01852727296211623,0.0024314932566210368,0.007949585480880872,0.09814037522622499,0.31337036011531505,0.4136283359497645,0.19142406667042056,0.19142406667042056,0.01249382383560977,0.09459459459459463,0.6401799080336154
5000,7,0.7236964186305437,0.13475113122171944,0.23166023166023164,0.23166023166023164,0.03561918657930196,0.16666666666666663,0.5582099827863389,0.7419450573555788,0.13758255365987893,0.047917934672347395,0.047917934672347395,0.003115799953969753,0.043082568807339516,0.13434013975661407,0.771431448454877,0.10861058832285986,0.021191292489965763,0.05785905219354694,0.009271292741144792,0.029208605392105125,0.12888143351373715,0.27229739420149157,0.4495030461211361,0.21310160427807479,0.21310160427807479,0.021389749094058774,0.04586260733801717,0.16058969788058114
5000,8,0.6758974358974359,0.15983813859382906,0.21621621621621623,0.21621621621621623,0.014847460487849289,0.16307692307692312,0.41977060946840683,0.7643022312982373,0.12248449143615148,0.04149757918468411,0.0449359254405126,0.0035299855145446563,0.013309843890980777,0.08507997602443679,0.861394755163611,0.06358458426487812,0.011530246824364543,0.047362081853090265,0.01588027521861996,0.029343130319492094,0.1349718972664174,0.2799674859523819,0.4488382791600771,0.20467490418924272,0.20467490418924272,0.02158559245786265,0.07293046357615884,0.18798327269676118
5000,9,0.7089382940108894,0.14157241379310342,0.14603174603174596,0.14603174603174596,0.02089206963260156,0.06666666666666665,0.8324050774743272,0.775318051745947,0.1148565284357147,0.04504616589198207,0.04790561275068282,0.0018827733628724863,0.005722957156078179,0.07520993886904193,0.8408960137370843,0.07302044902520122,0.013753600481370754,0.04454023343115164,0.006939118529761132,0.020851970109681983,0.12511581501054725,0.27951617573293425,0.4488714822347535,0.208674384024236,0.208674384024236,0.01907845553710638,0.09001920284764187,0.22525522817468802
5000,10,0.5407537248028046,0.24264876128733504,0.19354838709677424,0.19354838709677424,0.0343288668226028,0.15184049079754602,0.545961968652175,0.7857694870086609,0.11060814529444135,0.024132787397181277,0.04154593651531874,0.006929971791656012,0.008394777896379102,0.10395817815307373,0.8345597443022577,0.07721743131806114,0.037028736490861136,0.037028736490861136,0.0013492941733290048,0.02482063215047503,0.1426592450457218,0.2969877674458845,0.4388989213330969,0.17874110733065263,0.17874110733065263,0.022231721230636117,0.07418091901916335,0.26735595192226835
5000,11,0.6507832422586521,0.16694531522117728,0.15320512820512822,0.15320512820512822,0.045008106676560196,0.09661948221270256,0.6282058117575723,0.77129636558657,0.11967914996932472,0.013376737060947552,0.059518600682157224,0.008836823227996608,0.006068871074506488,0.1009423918983316,0.838652831451893,0.07541747889150502,0.028056291095177266,0.040580310880829015,0.006655673150507982,0.01836831898751401,0.15479479861056591,0.24273972214145398,0.47359037020938766,0.26642079381805406,0.26642079381805406,0.025772797422375697,0.0648198481322303,0.5530888962676552
5000,12,0.3317757009345794,0.335680751173709,0.1724137931034483,0.1724137931034483,0.01746306805123401,0.4221183800623053,0.7822178376483995,0.7550471796731558,0.12805268116921692,0.048579196275223224,0.06591979765996062,0.0023247670078743662,0.017297847308340497,0.14246603849073158,0.828780206914576,0.07942496956793865,0.037874857320742916,0.037874857320742916,0.0008132477257037779,0.002446190442502938,0.08730122808086055,0.24535880976349542,0.47169371890864886,0.2511983279941068,0.2511983279941068,0.0339987013207226,0.09476883004124159,0.18578206823645604
5000,13,0.31524752475247525,0.347537688442211,0.2564102564102565,0.2564102564102565,0.024366784595873152,0.1376811594202898,0.6799409337029487,0.7892382945303318,0.10835709020747064,0.022372065316850542,0.04452563617699498,0.005525933522239998,0.00220670797004785,0.12319227646163167,0.8487739000397304,0.07060292551513558,0.027210884353741416,0.03360471682008588,0.0005090061616585609,0.011136355812592535,0.14515416885223742,0.3236175288646329,0.4168918128166117,0.18409364075093193,0.18409364075093193,0.007374955167153974,0.12464329392580509,0.34891635597825654
5000,14,0.44402810304449647,0.2683092224231465,0.375609756097561,0.375609756097561,0.029574356630487762,0.21052631578947367,0.5606578939760365,0.7405589450557578,0.1357010567298918,0.025017227679027698,0.05769498316592003,0.00844682417964427,0.0017218702238346317,0.053841905324851,0.8250107243291336,0.0802434356877107,0.004545896044110487,0.030212575503697048,0.0027381957163580897,0.0032896924137593153,0.08388027790348374,0.28738499505516196,0.4357284614937231,0.20034027053904124,0.20034027053904124,0.018552583571581495,0.10765398550724636,0.2618043256124585
5000,15,0.6153609476558594,0.19292052469135806,0.06730769230769229,0.13779904306220095,0.0068944616334800715,0.25460209572359105,0.6634709974956562,0.801026163594358,0.09877979412592836,0.03172905525846703,0.03172905525846703,0.0009127283671971145,0.018513731148274037,0.09724484352185636,0.8212963756931344,0.08143332551839116,0.021888246628131047,0.021888246628131047,0.0016884926092770106,0.01832939935417499,0.1462209750703909,0.32396524714807357,0.4010058543208383,0.17413080339372966,0.17413080339372966,0.012996362412661396,0.08530068620875197,0.29719330521487863
5000,16,0.21319966583124475,0.38846724962877416,0.38607594936708856,0.38607594936708856,0.012757974840672155,0.1182943603851444,0.7272739064290885,0.8093336117325929,0.09481564150539895,0.021054776488615534,0.029722071501778496,0.0035738795605460144,0.007755300471725679,0.16467204225834897,0.9100374973724716,0.04033142083795144,0.01297957625501045,0.01297957625501045,0.003962041984665932,0.006415370296503076,0.214355366057627,0.3047077146200372,0.4248094370210752,0.1597480533650747,0.1597480533650747,0.013552716366062721,0.06829331267751093,0.6323977162812725
5000,17,0.4203821656050955,0.29027113237639557,0.2875055978504255,0.2875055978504255,0.030672788007478552,0.15508021390374327,0.40495628050563137,0.7358480861070482,0.13929080855224774,0.04936089945645439,0.05283274421867805,0.008370311115088694,0.010400875576976665,0.12105682114433575,0.8602190262567622,0.0636771415450973,0.006666083139773127,0.0402658277821992,0.0010448930077255683,0.022053872053872103,0.14413662137813377,0.31163247145316486,0.4173694680392409,0.13819879427026482,0.149109304579022,0.03158286991860268,0.04383931453387713,0.27872328416346126
5000,18,0.1974848625989753,0.4277557100297915,0.45439560439560434,0.45439560439560434,0.009604182856016975,0.14960629921259838,0.6372802002348869,0.7601718447822879,0.12265306211134241,0.06011005823709403,0.06011005823709403,0.005501439759691244,0.014260885377871513,0.07056183722347442,0.842031029619182,0.07157555525630027,0.02251673812490751,0.02251673812490751,0.0014651995264982828,0.013555144793592211,0.05082119834305987,0.3049325175854009,0.4177573898056802,0.21502571904658407,0.21502571904658407,0.020604110271603755,0.07078137430132969,0.25556899369525227
5000,19,0.7350230414746545,0.12875055978504252,0.16770186335403725,0.16770186335403725,0.03116078774047713,0.0784119106699751,0.6882454868289913,0.8000952241869435,0.10252351042502417,0.038392481306587234,0.0432154036089738,0.0034075471765668344,0.002086613981288732,0.0689166715285569,0.882108860141567,0.054638009049773784,0.014056402456996686,0.030579854900566444,0.002492447020242171,0.011643204701206389,0.11620581175833816,0.29751841565028375,0.43367812878576095,0.20617760617760617,0.20617760617760617,0.018739910704874158,0.11283595922150147,0.4397469856244256
5000,20,0.7487684729064039,0.1278195488721805,0.16383928571428574,0.20833333333333334,0.016617214581505252,0.2232142857142857,0.6457192574909922,0.7657997797593912,0.12204077230072274,0.02727061960238808,0.02727061960238808,0.00512558508832292,0.03928071394129218,0.0966972470788785,0.7778900702052256,0.10502204551826083,0.026534948791046342,0.033270246651741886,0.00652385280642017,0.008350582502930859,0.11158212965208081,0.28092923947499415,0.44815562863086117,0.17505699088145898,0.17505699088145898,0.01778958345817558,0.08228780907492617,0.2667035974328289
5000,21,0.673279624034911,0.1671475184612743,0.03954170842676774,0.08181818181818182,0.019612139161479983,0.12009063444108758,0.565140235238301,0.7616176967240796,0.12112398112398115,0.04551229285937097,0.07283632058091828,0.010134542607328288,0.028165744506309598,0.12540114167839128,0.8088646376098576,0.08713912429675003,0.03892782808247208,0.03892782808247208,0.002673026817408275,0.012573276733373828,0.10595162720463369,0.3155394402737911,0.41640430854993626,0.15623458509363874,0.15623458509363874,0.019807218845754884,0.09819121447028423,0.3479488139990069
5000,22,0.6447922937989162,0.17528223410576355,0.02094320736450017,0.09581040098843087,0.019276079791092263,0.07619047619047625,0.7088449773851049,0.7693654323990896,0.12015171436783034,0.0417955945981382,0.0417955945981382,0.0026828464818382664,0.019688466040397423,0.07973369495298066,0.8657521775287783,0.061844087634569944,0.0014613445646277645,0.037458680602808506,0.009566920447032265,0.018472344161545196,0.09778809621761247,0.3013335061232424,0.4354902158767342,0.1887958630879093,0.1887958630879093,0.009840926119092125,0.07133903133903141,0.16018346248334753
5000,23,0.6127565982404692,0.20108116339272114,0.1911357340720221,0.1911357340720221,0.02147578362829767,0.20184331797235022,0.5778651365677797,0.732828368875496,0.14094313369797,0.057638909234139724,0.057638909234139724,0.00400756182708447,0.004537392063474699,0.13102013843025462,0.7645562807446796,0.11009912203594768,0.051720441633615666,0.051720441633615666,0.002760345387760821,0.02265254379970494,0.15191617529764945,0.31434218441178996,0.41739903745553464,0.2041152731199909,0.2041152731199909,0.008156300934300836,0.09445757196674043,0.23471485193281932
5000,24,0.6670247046186896,0.15764047800661074,0.029999999999999916,0.05134196022046489,0.01281621769248207,0.08974358974358976,0.593660280059751,0.7790282265113815,0.11320663127869801,0.017146081516593692,0.02021152584433697,0.004856750504460779,0.03495172413793102,0.0778001234002692,0.8806047966631908,0.05452380952380953,0.002137716321438443,0.016136276837226307,0.0031459709049537696,0.008616293492024307,0.10983962171440054,0.3079722150262969,0.4246386455214225,0.13021204410517384,0.13021204410517384,0.02255776376321092,0.12370370370370376,0.45263382381255074
5000,25,0.5788257050392973,0.2078959379278868,0.1945408281286144,0.1945408281286144,0.03053570588266015,0.39473684210526316,0.8139313931100604,0.7523370015382794,0.1251559002921529,0.024083463989058362,0.041196013289036534,0.006098820599365139,0.008839091192032411,0.08876650047649792,0.8705423689943813,0.05728056823947236,0.016176028439036427,0.01769192056056676,0.0016306021798211043,0.002822100500119107,0.11704365391604848,0.27797648581598533,0.4317183912493873,0.21162931556632347,0.21162931556632347,0.01940486141807598,0.15261143351030992,0.24150606212858394
5000,26,0.7617996604414261,0.115198292142212,0.05641025641025632,0.14111498257839722,0.019562224498855404,0.34962406015037595,0.5524144433842326,0.7692666452453487,0.11798429429623564,0.040307698670361214,0.042972084556692935,0.00508754129561876,0.007420657898364991,0.0726597968940027,0.8277292556940343,0.07874561618138815,0.006535800283086424,0.03310291834688439,0.009923586882151822,0.002099713396784497,0.09045743207933243,0.3154246241365299,0.4189679612052887,0.12950912628925848,0.15263595794569246,0.02541258593169344,0.07048054919908464,0.21648088879808802
5000,27,0.692477375565611,0.16675867991657461,0.08036565977742449,0.10733062196210695,0.022076797683754742,0.16390374331550805,0.5363038793618808,0.7884159593294293,0.10857751684062061,0.0313533695046998,0.03156121525149533,0.0007435669117264454,0.016044853032114448,0.10246853975392001,0.8161717609079963,0.08617583473456641,0.024534744573739387,0.037309067902748905,0.0066190535155588245,0.008806762379243271,0.10745682052624628,0.3258538881257422,0.4115573641779177,0.17956647823214156,0.17956647823214156,0.012211258858399895,0.05612699764474194,0.19815891755507353
5000,28,0.6436781609195401,0.1845238095238096,0.1923076923076923,0.1923076923076923,0.01248710868460308,0.13131313131313127,0.6696658600827272,0.734404721786898,0.13933338013342833,0.03434309628869059,0.03885428955526901,0.0026924827126897297,0.02848044294230534,0.04566181575154671,0.9041751927689619,0.04297135486087422,0.0018726290316521954,0.007887973846311458,0.003181543186685669,0.015457629384535654,0.08986658307812603,0.30601996696213013,0.4163232224340162,0.14955710955710955,0.14955710955710955,0.0262159354267284,0.10409698996655514,0.24852301731010296
5000,29,0.7757064751992623,0.11249504427117746,0.061728395061728336,0.0824742268041237,0.004759461189107986,0.10092879256965936,0.7571816747040208,0.775974915235028,0.11433088476295139,0.022399641130767867,0.045508969896020046,0.008223511857600348,0.005740757933361151,0.08592422345127693,0.7972055915726814,0.09410647603457978,0.039022621681903624,0.039022621681903624,8.883114639937628e-06,0.00815936010131113,0.10582749613954723,0.2890256597061119,0.43509886548866894,0.20661764705882357,0.20661764705882357,0.012586519827112716,0.08187079559547517,0.43031843661388686
10000,0,0.47371535997771896,0.2842022146603749,0.06813186813186811,0.08098244229631091,0.02137101755772529,0.2021390374331551,0.6844568849269209,0.7706350185576882,0.12035615814531686,0.034434236685965236,0.053180945494439746,0.005598450441680697,0.001641032111334706,0.05204753884012808,0.8448125834702344,0.07283646853948128,0.030458511707897484,0.030458511707897484,0.002504685937880606,0.0032050667893018803,0.0661672385493089,0.28667375147632423,0.4446153456772715,0.20764374330877255,0.20764374330877255,0.016482673645759408,0.07569300197982276,0.15163133623572944
10000,1,0.7026240505080399,0.15018059534188566,0.21549295774647892,0.21549295774647892,0.04781916249143581,0.25966082846816796,0.35824480091782956,0.7432932903698943,0.13659106326999587,0.036163386872287595,0.06262043058083931,0.0032985301778519147,0.0027034677409429886,0.07312531972053132,0.8154464276783117,0.08646298290539123,0.005064226540537953,0.039805859421232465,0.0097016109334803,0.007359763212567927,0.07979119254411438,0.31364487503052996,0.4252092140453801,0.16112230977541586,0.16112230977541586,0.017891242732498168,0.11652754052921654,0.22759734665667944
10000,2,0.6977149834292691,0.15404444444444448,0.044117647058823484,0.08468705207835643,0.02844367509944346,0.11141304347826086,0.3171938593595248,0.7520323919041301,0.12890590785670492,0.03936764031659923,0.049567256130249676,0.004382859546250596,0.003620388655161455,0.06856339968293393,0.8518643920100765,0.06774407617683637,0.003783287906128474,0.027324529960580116,0.0035053845271552156,0.0018054214438192329,0.08404579828700576,0.298598984450093,0.4305777057811076,0.1879670554603423,0.1879670554603423,0.011409191944027848,0.05671051992291043,0.12151456428586294
10000,3,0.2167605393411845,0.4014873140857393,0.24242424242424243,0.24242424242424243,0.028480899013272123,0.13403508771929828,0.4097844826544983,0.7612192480478168,0.12168570502104847,0.027821849760307993,0.04903806526544528,0.007392003018551689,0.0018556856506760644,0.03789050151419776,0.8184641547230448,0.08234513505739616,0.020242417095543308,0.0327948933325683,0.0056764565803646486,0.004272446721788836,0.08073659887336093,0.2818810173135415,0.4357145176346442,0.17910941897036914,0.17910941897036914,0.01941671147333853,0.10050366300366298,0.22863881429372668
10000,4,0.6401937390932726,0.1829855828443092,0.10355029585798814,0.10355029585798814,0.019357744635663088,0.24075694596368402,0.760886597463496,0.7527708093100759,0.12988877027067824,0.045898909004795874,0.045898909004795874,0.002181614839357554,0.02126120102197071,0.0543091663510053,0.8605997720009001,0.06438045970099354,0.004624778660428541,0.021084757345638208,0.0019281683781509212,0.007269536846737146,0.03810674177128115,0.29518398514879046,0.43555479659418167,0.16996809744779584,0.16996809744779584,0.016084418612404852,0.05834006146413373,0.17578458052382306
10000,5,0.5624465355004277,0.22227050516023905,0.18666356336553014,0.18666356336553014,0.006927706472350394,0.07647058823529418,0.4712701141265363,0.7556356318387517,0.12718533385978764,0.032945229373800844,0.0491090111532753,0.00395809162469319,0.007276515979200648,0.07122357973577187,0.7988247075187129,0.09366383120304667,0.027287410159089087,0.02793811515903344,0.001080909559186105,0.013037482873706652,0.05379413301969754,0.27453652519468835,0.44589297449590215,0.18453077299526932,0.18453077299526932,0.015752040926731978,0.12203551046290428,0.18651879216838052
10000,6,0.5029303530053155,0.2578296217744786,0.1350877192982457,0.1350877192982457,0.024760055525909166,0.14393939393939392,0.5366453414060679,0.7637621893677258,0.12454052619823353,0.022598801816600567,0.06330084448930738,0.005977063511038612,0.008203124999999978,0.05972776864289453,0.8290462328131546,0.08040150877521118,0.006951662149867088,0.02072437434830786,0.0011033278335978794,0.020234801595806595,0.06583959025954894,0.27233825104527465,0.456060136227449,0.1922135936511027,0.1922135936511027,0.02036416638598234,0.09641025641025647,0.23965929704932143
10000,7,0.7105835776239837,0.15047807606791275,0.07643784786641927,0.07643784786641927,0.024402458267338775,0.053169734151329195,0.6882454868289913,0.779412790682871,0.11261300530993446,0.011421436803688012,0.0364095839922567,0.007415380641154358,0.016338871771244268,0.06852974357125546,0.7938438973393425,0.09581663659709705,0.028929196864418305,0.028929196864418305,0.0006066698555124636,0.019899419211142133,0.07779823924512769,0.29390518008023647,0.43238020790890885,0.18183198609468798,0.18183198609468798,0.020175045094569313,0.07955112879623982,0.16757178710930665
10000,8,0.5489864864864865,0.22203742203742205,0.1446862996158771,0.1446862996158771,0.03537848467265265,0.027937336814621405,0.7822178376483995,0.743524341279216,0.13329430455970648,0.04062167277889506,0.0508430656494438,0.005174769043356696,0.00020361725626172333,0.053438824905947535,0.8253748736591541,0.07974045021154125,0.026696941768560967,0.026696941768560967,0.0023405324613975514,0.013772202367584474,0.09808478882843186,0.2864167890461711,0.4338612642307623,0.16374369428570945,0.16374369428570945,0.016902212640586438,0.06890092982808216,0.18642094078446703
10000,9,0.4527272727272727,0.2747353048557868,0.2109181141439206,0.2109181141439206,0.014998686294832017,0.03628843537414972,0.6750496602355689,0.7786763224383394,0.1137906253288472,0.03034855899027411,0.031403333222639454,0.0007888073979015892,0.015701778032783165,0.06639891052913871,0.8121229558313907,0.08737216947097198,0.019309928706222057,0.02192895825143998,0.001451357729406924,0.013741139016316017,0.11058787020692695,0.2923716703916755,0.4366975837633237,0.17080607476635523,0.17080607476635523,0.022042630418597067,0.03150440668384635,0.2436483748522525
10000,10,0.6029194382852919,0.20882324361092214,0.14179737176769813,0.14179737176769813,0.018335160501629838,0.10796221322537103,0.8324050774743272,0.7630576117022573,0.12341562619462326,0.0366489122787812,0.03859992280569022,0.004376736141343693,0.01976732470134357,0.07077619151560055,0.8675886158008852,0.06071484823620038,0.006817238992683272,0.026800512934698345,0.0033199279680219615,0.0027398769120623445,0.040626589436060234,0.2734172829058391,0.4548831591967677,0.19972415737123994,0.19972415737123994,0.01818446221785819,0.05708240716590818,0.2935848355676588
10000,11,0.729995053460675,0.13531913270657336,0.08504398826979465,0.12366412213740459,0.04141535055632196,0.2954758190327613,0.522759685512927,0.7691584381487738,0.12066575246699468,0.036615568682573985,0.05191533682334022,0.005131111538823431,0.002627170808885748,0.1036673948833563,0.8602887309907324,0.06479031401822649,0.001087626264885233,0.03673506709985157,0.007127401814873924,0.016615714455870068,0.07406769911097144,0.2863121524558005,0.4421600386032671,0.17975464050549372,0.17975464050549372,0.021673877737693616,0.051865000796522676,0.39969712060478824
10000,12,0.7543081050380055,0.12626889957799098,0.06587615283267456,0.11428571428571427,0.024801548521174145,0.20076459684893422,0.5840611809116952,0.7686763352941078,0.12004514384184062,0.027165163336623888,0.05069696984468991,0.00863386382122417,0.00020237865024541613,0.06300192378087555,0.7810382286272375,0.10301601301474222,0.023172570286081218,0.03254802701899963,0.0025859357246080725,0.010103956519334267,0.08040869201323275,0.2827169334315001,0.44696812577904865,0.17838737771258695,0.17838737771258695,0.01960375771220943,0.10508103584246697,0.33226542000872694
10000,13,0.6941638608305275,0.16021165576541485,0.04343620856414321,0.05429774911149138,0.004317285038024317,0.021155620075912318,0.6255819148595404,0.7615612903557408,0.12452018777610996,0.02760268422911516,0.055357551734363325,0.006885358532082317,0.00444630468536833,0.09307561136906667,0.7877314392313223,0.09978112062554056,0.02205677510002868,0.03663362564372845,0.001899538603406692,0.0002383575084929923,0.06447182186306138,0.3064089955804116,0.42771445272541286,0.15357155670362,0.15357155670362,0.014619840765718844,0.07337189714903214,0.2784752259061628
10000,14,0.5342701462575279,0.23773971600058563,0.25911789652247663,0.25911789652247663,0.01606375877846048,0.0808457711442786,0.7289043494920867,0.7573049945138615,0.12850481572468314,0.04461298316405493,0.05967099164393602,0.0036087532419714907,0.007755202181633614,0.06783134732869767,0.8546821746032958,0.06797384662108208,0.024596353952832106,0.024596353952832106,0.0014085608790289778,0.008734031822660637,0.0824711198816882,0.2956740081222064,0.43529229696273963,0.1972157349292074,0.1972157349292074,0.012780704754667763,0.10593630358870798,0.3589109490107334
10000,15,0.7462462462462462,0.12866387514274835,0.14438502673796794,0.14438502673796794,0.04279708508937728,0.06471004243281475,0.6806682830248505,0.8146600354585434,0.09418254999005465,0.014998926512084454,0.03401321020314209,0.00345129816331452,0.006980989787388592,0.05351806880991494,0.8489851497828901,0.07067053949407942,0.018626723109304688,0.022616803443980052,0.002069515948759107,0.005627230638604375,0.04703329619786423,0.30387163862459754,0.42863310976543423,0.18703212841985095,0.18703212841985095,0.01862211230035179,0.11819746518541696,0.33219279512612343
10000,16,0.7298810924881296,0.1353973839988608,0.13909774436090228,0.13909774436090228,0.012025639129506743,0.04577984975063287,0.7643023437694126,0.7560338248751447,0.12476075457688074,0.02140246824826264,0.06294949429959797,0.009305996878222936,0.012815490819782616,0.09537700134911004,0.8313493225090908,0.07634658904353636,0.011459276018099485,0.020118996095880318,0.001845900821832211,0.014977097917206805,0.07523804251121785,0.2886993828494489,0.4333017464589132,0.17240434866710375,0.17240434866710375,0.027185894554246547,0.08011170695705194,0.19220275807278586
10000,17,0.5182533733133433,0.25562848050914877,0.169047619047619,0.169047619047619,0.010589276276370255,0.06782106782106778,0.611497581279036,0.771617363906879,0.11826957940536625,0.027083162055018928,0.05468109667847132,0.007313625099142865,0.005566887060638015,0.06380804339047491,0.8266893215161907,0.08066181756934526,0.028079904764669927,0.03508602811177919,0.004078799311764421,0.00803947482876377,0.057749417300310246,0.28463654403272687,0.4409014730893184,0.18563534292431638,0.18563534292431638,0.015384971253758595,0.08373373373373383,0.17358264643931748
10000,18,0.42280783582089554,0.29862451737451734,0.33507642799678206,0.33507642799678206,0.031230934151119126,0.03390191897654593,0.8092412740726402,0.7588879276479052,0.12588153749801523,0.040463990306985664,0.040463990306985664,0.0006640455967628703,0.01663054348833759,0.07564825758501759,0.8557763508003808,0.0664013855859319,0.012158968299496031,0.015940564962010628,0.002307011105141102,0.013960864317388633,0.0742441797056217,0.2855738864937822,0.44257833916352474,0.21050070731553483,0.21050070731553483,0.014696701771375248,0.07819463476661359,0.1809533526506575
10000,19,0.7038522012578615,0.14726348709929638,0.15430622009569372,0.15430622009569372,0.04386099852044592,0.3463796477495108,0.6593800589961816,0.753932921216433,0.12888909266716075,0.04012373330295571,0.04328682372579498,0.0016157986919014128,0.016433011410161624,0.05786606302366558,0.8427024295944817,0.07265854895991886,0.008780572119954977,0.01380650033922605,0.0004491036513512778,0.02554309119823739,0.050652160938579716,0.309491044819305,0.4262892811235539,0.17676290047918897,0.17676290047918897,0.015356473495377915,0.1053849902534113,0.16836113633933542
10000,20,0.7637397750511247,0.11922729618163058,0.03269230769230769,0.038295208831227945,0.01965386419322941,0.048166670645246046,0.6372802002348869,0.7271969239237885,0.14437692851355782,0.04996466344257744,0.04996466344257744,0.0010018863777405823,0.012971089313371209,0.06360356420609714,0.849963128402403,0.06842025597710688,0.015882085149029557,0.015882085149029557,0.002383477337771396,0.031835186541261384,0.053536727447136334,0.30699779167923336,0.4218133019462392,0.1644956291695422,0.1644956291695422,0.012070036514349881,0.10782922540642259,0.18087362558718156
10000,21,0.7365859449192783,0.1375441641356226,0.07789473684210535,0.07789473684210535,0.016241158280274344,0.02124970882832511,0.4957088206637267,0.7256092231659742,0.14899795059864085,0.04501302319802891,0.04653224978732702,0.004866248651861006,0.02075110849766204,0.08224758448205916,0.7971989270012957,0.09645623616851162,0.015353406071665465,0.04175789214996366,0.005134095678762836,0.007385750811666036,0.11000223723419067,0.28566009135324355,0.4541687364778041,0.18023050185986955,0.18023050185986955,0.016945999344865008,0.07070649461752332,0.21583872196765674
10000,22,0.5285965942454491,0.240100490489293,0.23711901306240923,0.23711901306240923,0.03424315384455527,0.1925845147219193,0.44823349245953414,0.734107342661355,0.1421112637135411,0.04827447880879665,0.04827447880879665,0.0022538179285032656,0.019109132962739528,0.04289777073371237,0.868954984973035,0.060367022906868406,0.013784437577701647,0.015271961896366038,8.404779105908311e-05,0.012784509621551088,0.04728083768414537,0.3213802471274372,0.41087141886786493,0.15273969939139398,0.15273969939139398,0.017000065579091304,0.088103662039977,0.126884304415888
10000,23,0.7471278408379062,0.12928190773881965,0.1883353584447145,0.1883353584447145,0.03527778057077094,0.03185209329277128,0.5400032198731671,0.7517183103281772,0.12825862163579754,0.049105479015530196,0.049105479015530196,0.00267167715097006,0.01438739414728274,0.05727362625579069,0.8120510701197811,0.0862975317937415,0.035843796468943645,0.035843796468943645,0.0010217561312828166,0.004410910758394837,0.08977018114101609,0.30818982180957216,0.41714002026138197,0.18882021422344009,0.18882021422344009,0.014201801795047271,0.07201887311305055,0.12152559225127901
10000,24,0.7016192733017378,0.15061802232854865,0.0886963696369637,0.0886963696369637,0.01249207251891829,0.20981437598736175,0.6462737119664619,0.7748985243824014,0.11483155524615674,0.028723764680279595,0.043154509142115105,0.0038324479530183198,0.007145956708188739,0.05475588472862847,0.8169881469278802,0.08434108929937101,0.011497868761204177,0.030097999255701863,0.009397259338137516,0.004519864508530036,0.09722459446413761,0.2855816227933034,0.4413999064559893,0.20871592990378907,0.20871592990378907,0.01423182884562512,0.10029570270996813,0.13533511369411463
10000,25,0.49396135265700486,0.25611246943765276,0.1368494101318528,0.1368494101318528,0.015554351753662626,0.06772288005369054,0.5502733704263809,0.7363316744384273,0.14191411109973384,0.05499211365165502,0.057828904994465885,0.003088498840156051,0.0009744329192853396,0.05978965366714939,0.8401337643503665,0.074921464440458,0.021638778340804743,0.0241160462676972,0.00036334051292973013,0.006812266544698242,0.12109644963435073,0.2892336514139297,0.44501741722542143,0.17356744533862223,0.17356744533862223,0.014504603358967895,0.11654834347532117,0.2708719889934993
10000,26,0.5798051704758337,0.21315214292502133,0.11499402628434885,0.11499402628434885,0.019136570770451194,0.0688311688311688,0.33696533143478474,0.7513402941376068,0.131749537702897,0.038476881125043105,0.05490371526025177,0.004884275252113157,0.00360933536275998,0.05274310976715091,0.8528660333608556,0.06859858491759857,0.00020661898056528738,0.03336156097820507,0.005318872184543633,0.007004772482350652,0.06255458962344373,0.28218256178996104,0.44593969431776703,0.20422812192723694,0.20422812192723694,0.021599354818068725,0.07580035680672037,0.1472333037506261
10000,27,0.6575415995705851,0.17360544217687074,0.051877384668747806,0.0607273155231258,0.016485292169515338,0.023251569572200315,0.5086601038974448,0.7944286247378671,0.10264438203905235,0.011993987781019233,0.04597788482259137,0.008352265672479493,0.0035692593394165417,0.07517773468682276,0.8420391859136879,0.07174639982790038,0.01624456216728254,0.03488181794443443,0.002922083965292817,0.01324748858291569,0.11580621389677215,0.301728780697975,0.41975848225848233,0.16643570637336025,0.16643570637336025,0.018689248036470416,0.12014538601332703,0.3542020745980352
10000,28,0.4091276905648163,0.31226479644201166,0.27801204819277114,0.27801204819277114,0.027221109163510802,0.4977544910179641,0.8656844148277808,0.7743249399451648,0.11537905377023322,0.010368875782503006,0.052839665546380574,0.010069139174189848,0.0016271762208067697,0.06616511328541708,0.8329030719692099,0.07685901235110987,0.010464439035867579,0.016313940181362452,0.00028424888400869347,0.023143084048437235,0.08801881028457903,0.30165622256167235,0.4270255251512836,0.1261833320136061,0.13826617826617826,0.020724317023318534,0.06888287635246948,0.19395627881019772
10000,29,0.5320701913622268,0.2480503598564584,0.11742633263436697,0.11742633263436697,0.0074334962661755585,0.1690801823545186,0.4540131499030033,0.7552904135290017,0.12998289755192677,0.03120276588548887,0.060851648714032064,0.010838470650153344,0.004705211682645705,0.08735525028230573,0.8209571392267896,0.08437595327134478,0.01882978928454404,0.027956538184144814,0.004319709894843822,0.008134722931397498,0.06149008452372262,0.2782812471393787,0.4520238504758628,0.2051983381876784,0.2051983381876784,0.015592021068212739,0.044474463843186984,0.14242096918614255
25000,0,0.6955359472975166,0.1524713096369243,0.04941963494595081,0.06444531598958504,0.014350510503024758,0.19741611485733956,0.3614218093404727,0.7751239822868219,0.11502122792342723,0.03203143146073928,0.04283589113775621,0.003761501457477459,0.006535634919052291,0.036255203267030245,0.8415074498376756,0.07263586087379614,0.03396936087093949,0.03396936087093949,0.002035722973544131,0.003980908603665956,0.0623371445839388,0.28930579399344464,0.4358748085233317,0.21096232481193622,0.21096232481193622,0.01294630067680904,0.08079044826788062,0.09439594056364387
25000,1,0.6301744867131142,0.191628435970506,0.045049347341610924,0.050948168111866254,0.013078603901216047,0.13338368580060422,0.6830574121832176,0.7711564954355121,0.11808194024686225,0.0332121182388061,0.04391414845622525,0.004455542268639756,0.006034817560357619,0.062142563528350125,0.8340200215625393,0.07666807514639623,0.014930252077895001,0.03214625591907842,0.003448938249543995,0.00509160811491971,0.08614010579972187,0.29404344549565437,0.4319643732507443,0.1739649294762341,0.1739649294762341,0.018446458984538276,0.08656900726392258,0.13701401416066894
25000,2,0.6872832805668627,0.1608600399387347,0.027459989997499323,0.06793439427624967,0.008634493003946857,0.14523809523809517,0.35111124861588283,0.7683629210806658,0.1191082681390288,0.0479337363495429,0.0479337363495429,0.0021234779546312546,0.0030615172911897526,0.045126411697807345,0.8240638012566545,0.08120207136555141,0.015913872145859598,0.028461069368555483,0.0027276041087212696,0.003926922335815375,0.05286465987420641,0.2930076609413051,0.4329933549759585,0.17918450395624486,0.17918450395624486,0.015577232523161955,0.07351417150318451,0.16674767804579493
25000,3,0.6059156285731481,0.1943708584700548,0.11979166666666663,0.11979166666666663,0.01791558628445679,0.19839911397503018,0.43608119821933594,0.7354643570410894,0.13913776651750465,0.0461035735974924,0.05775309427446085,0.0031265175670986897,0.002496314100960517,0.06221267502480854,0.8650205347770781,0.06151951591777993,0.013652597182054138,0.028604088335356104,0.002498032598830323,0.006495110136507165,0.05141184996922288,0.2939586299429114,0.43072756118226097,0.18786842364623868,0.18786842364623868,0.0194675634657109,0.04841275494455921,0.12674420781593632
25000,4,0.7811217886940001,0.10964742882365924,0.03945968092494789,0.04633333333333334,0.01076258979275043,0.10569277320385617,0.35700900102773003,0.7673201596722746,0.11964582317559574,0.04088941594320539,0.04505939740628355,0.002940134911563655,0.006730565644391562,0.04191534862601588,0.8570525297745555,0.0652507405194826,0.017008056243353886,0.025232096712703364,0.0012057259143872096,0.0003372371358973947,0.029593268092314218,0.2949878324938307,0.4313054663170981,0.19443277755792776,0.19443277755792776,0.01754630742580083,0.06512207573801021,0.13019032098495364
25000,5,0.5584477388094139,0.22462439110276428,0.13879041787517454,0.13879041787517454,0.0067868396865721076,0.038807106598984786,0.5486604391066313,0.7517313141793719,0.12950900754361167,0.03527202097583104,0.0525928249797003,0.0042748400956822835,0.003638666743796981,0.032940682206013094,0.823302219993922,0.08153494009160583,0.02591916751622736,0.026788623562817124,0.0021938701526072815,0.006676336708870356,0.0374845519351627,0.28336141418069677,0.43906400620411923,0.19678347986273537,0.19678347986273537,0.013842664761989233,0.06633053849976756,0.12347500215252671
25000,6,0.7491640785825628,0.12824568661329183,0.040617469786227156,0.040617469786227156,0.016843492368861783,0.05923661293311089,0.3469199220309569,0.7599153871412558,0.12473507361166775,0.029537469858045617,0.04888618547754453,0.005557693630878317,0.006319338284664799,0.0423788858430566,0.8231346214038795,0.08183075688884006,0.025695144719895313,0.025695144719895313,0.00032789115824788384,0.012759331909914184,0.047196330760160166,0.2994482998207345,0.43001103609051133,0.17768966147502685,0.17768966147502685,0.013400245530710626,0.08199901230545215,0.06201861763259042
25000,7,0.7012729205096568,0.14459815449387542,0.015941560579127323,0.039186507936507936,0.017968921054820453,0.09903911901248785,0.363207985906696,0.7575353438046043,0.12465200851928804,0.037072707608532984,0.047761474374023366,0.005896291396669369,0.0053247601346260165,0.055975720239949955,0.8461036466444708,0.06985216434179575,0.01891176853266774,0.026963074423899766,0.003438662877624052,0.0009288826481468337,0.054955196999287914,0.28251453882507727,0.43926992234756446,0.1903236986206418,0.1903236986206418,0.01811657878932623,0.07553914124844552,0.13161385526676936
25000,8,0.5872405692430155,0.210139269158158,0.05102040816326536,0.05102040816326536,0.009500644402011996,0.10269065090806762,0.55120771583015,0.7695040492184068,0.11942795377284621,0.042063552485086975,0.04991037491706271,0.0032572418671294803,0.0015760627409990846,0.06651912841815255,0.8313673109531415,0.07813803167794525,0.021481624184392256,0.03128698451173026,0.004362635776023832,0.0031518396302361307,0.05863599073478276,0.29699565058804217,0.4327540982544308,0.18985887822314884,0.18985887822314884,0.015320785061360802,0.09518418318335975,0.21120795502189083
25000,9,0.6368699986487907,0.18563972676337404,0.06920634920634916,0.06920634920634916,0.006637180928863055,0.026653140274831788,0.3255452690227798,0.7692176396512082,0.11985672503317746,0.04872511565517379,0.04872511565517379,0.001523115202165519,0.0024694562115666896,0.042821634595802016,0.8261723400786967,0.08105149381576926,0.016996666040689612,0.03204667162279652,0.0023977160965259064,0.0011339504782045262,0.03924069964081445,0.30626108547993336,0.4286469698581845,0.17362855105074937,0.17362855105074937,0.016267660006075824,0.06919940696812454,0.17059856667854634
25000,10,0.7864488271479754,0.10567480718450706,0.0465448450079089,0.0465448450079089,0.011801674054698556,0.04515861742424243,0.43725184636718745,0.7598647164844128,0.12407951098446807,0.04176234744885421,0.04654677644408671,0.0033526101910386283,0.005092100578125813,0.04979790519559352,0.8220189592789648,0.08191755321651067,0.026193140699712902,0.0282373458724738,0.00025663050138752946,0.003093020352266662,0.07419408159564678,0.28746616274445436,0.43746356363541017,0.21533196354514628,0.21533196354514628,0.018036888943797534,0.08833750742299451,0.10940591629886298
25000,11,0.6637159705293548,0.1671483981019556,0.05416219783846221,0.05416219783846221,0.020805335312390066,0.10778566710700133,0.568618905303882,0.7590990772386842,0.12441412038093974,0.03265328512976129,0.04604664151102138,0.004688695333415441,0.00864516142216909,0.02884707703009881,0.8321359124168843,0.07696961984117245,0.032008295013913,0.032008295013913,0.0009796407114343736,0.004247454928071215,0.03749406907431746,0.29043652633281225,0.4331482512055522,0.19779596554392243,0.19779596554392243,0.015224291065466113,0.07458835209710957,0.13329241380070989
25000,12,0.6129234123299285,0.19692721652237316,0.018120805369127524,0.04894476874719353,0.010246714758481788,0.17856477166821993,0.3377727813178079,0.7801360941066091,0.11427467782640494,0.036155518893676075,0.036155518893676075,0.0013290033736228987,0.016611877042363554,0.04122653559232704,0.8330362246123313,0.07826684971197129,0.02054811836891901,0.030002717389063308,0.0026748034465787288,0.0008077268429124151,0.04531363129868615,0.29527213651803813,0.43785211631825693,0.17225735692482524,0.17225735692482524,0.013872888171442041,0.07344237777316809,0.15332725021545618
25000,13,0.5914929015084295,0.20965777130106106,0.11767151767151762,0.11767151767151762,0.011615951595631453,0.03774205334307634,0.22179624068967269,0.7718117323425263,0.11814861659101483,0.030857843230596704,0.04992680080798571,0.0036896467383893197,0.0018505336707611564,0.04823942475597365,0.8479451176628535,0.07033397777897787,0.013050356360613802,0.02267400860551351,0.0023349054602249883,0.00600339529832461,0.03794423652347745,0.2787635799344682,0.44908320945797026,0.19871530599039122,0.19871530599039122,0.013915062263653112,0.06690852413200044,0.08125819947089769
25000,14,0.7363215233964056,0.12969994426635606,0.016901289009497944,0.05946661739344665,0.009594338556158169,0.13680465717981893,0.18469860838301688,0.7624097189491975,0.1218471132413384,0.03056577824962836,0.04674598209531923,0.005014326487306084,0.0036028817296628324,0.05080152278214689,0.8168503084841667,0.08398034542044391,0.019226499219810234,0.03276247239354593,0.00543103201953956,0.003497050407977431,0.04561374642608196,0.2906632997045736,0.43203789502731793,0.175234348610249,0.175234348610249,0.017086814317201125,0.06229172007177641,0.1883999153462228
25000,15,0.487469806763285,0.26285227624651597,0.24444444444444446,0.24444444444444446,0.02117360213248682,0.21917111619628782,0.7727129968258927,0.7590883966917046,0.12539045448413094,0.03641487839261526,0.04159443871711804,0.003433217836189509,0.014383056706580355,0.030663340078237677,0.8437908986588704,0.07192188283701467,0.02262710026877124,0.02262710026877124,0.000611249584547946,0.009594927953267551,0.034905329183588546,0.2893056891477592,0.43920814748611126,0.18388013692759186,0.18388013692759186,0.014425036412745888,0.08664215686274512,0.28475550770207314
25000,16,0.5414341806158297,0.2352629346904156,0.12289562289562295,0.12289562289562295,0.009556119371565738,0.09502762430939227,0.4420112756654217,0.7592806581790418,0.12474792159599185,0.0378856676050453,0.04991221729643777,0.0046981491256154195,0.0025159740105811235,0.047215331259649385,0.8268294763801742,0.07974658382580391,0.019866390099894105,0.028449589024781452,0.0031630205987762186,0.002639013755094899,0.06419249303957208,0.2969913558016017,0.43175660129639387,0.16739204758639847,0.16739204758639847,0.019513197973694794,0.06369049533181126,0.10727854646254054
25000,17,0.6552440290758048,0.17538298996302165,0.19936224035343997,0.19936224035343997,0.05871931158496054,0.26204569055036353,0.663140893703541,0.7614980205730824,0.12144976067346835,0.025856078760329804,0.0454364877891819,0.005111793319356156,0.005719088277734818,0.037962328988736194,0.8261415788964024,0.07897860204038648,0.02467931099922971,0.02467931099922971,0.00028713642325484817,0.008505106279691699,0.04586117576168919,0.2882188282275536,0.4310646206443909,0.16446491197945023,0.16446491197945023,0.01638036508780441,0.08985449677068158,0.11598996592677979
25000,18,0.6506064356435645,0.17721908349026988,0.10054039458656705,0.10054039458656705,0.013173512632840854,0.05313485259140438,0.3773401645414191,0.768565818203133,0.11989963635259376,0.03602728537053801,0.04120604813710292,0.0017112763000845868,0.011210929018059312,0.040146363279819006,0.8242853317702644,0.08156042504122879,0.025220658282797737,0.029475766582843996,0.0011404953817757135,0.0017092163170201458,0.04463162118543251,0.29570293386727103,0.4350788360928638,0.18384682320231704,0.18384682320231704,0.012383977024028471,0.07749465653244902,0.12246444239178816
25000,19,0.7216568047337277,0.13885208265004922,0.17206609094993264,0.17206609094993264,0.03239959736116521,0.12573964497041423,0.3696017994408288,0.7746539972783608,0.11629336247632355,0.03623134290833441,0.041713802715065376,0.0014330861439438083,0.009092847231622736,0.05518587513006812,0.8232437884492063,0.08218074190717495,0.018162524773966404,0.041098908035126294,0.006468819514385035,0.015137327993397509,0.06597437530739292,0.28872203741739594,0.4382362416874769,0.1834096383061392,0.1834096383061392,0.015756587627392654,0.061229994605286886,0.13320105620009165
25000,20,0.6484122479462285,0.17898812565394068,0.06254653760238271,0.06254653760238271,0.016068859412171226,0.058932126696832565,0.6126637929255665,0.7755791227651572,0.11697339802760803,0.03376988874171838,0.04686394042350489,0.00405927259645867,0.0027383689310950254,0.05776627261158063,0.8436489534410568,0.07301181634794918,0.017243164410193024,0.031304684083467885,0.0027514920437700097,0.005156326658869892,0.0918548580898394,0.27859553961696043,0.4497901256053095,0.19759225077401044,0.19759225077401044,0.015423341598934097,0.0618518590109115,0.11476693608142696
25000,21,0.7117453743303471,0.14613287949033954,0.05613472333600644,0.08128932387895736,0.012342095751293698,0.20823456019962572,0.4125244727657442,0.7707697188525345,0.11988407604052209,0.03959152080456929,0.044048334116369006,0.00207611669011689,0.007919248418907898,0.056126089974271154,0.8347680257342932,0.0772410802144266,0.026229410964349165,0.026229410964349165,0.00011500838815812348,0.007639961207064561,0.08347209340016826,0.3014082632396075,0.4335520951320603,0.18172762147923016,0.18172762147923016,0.01472035857088861,0.07709523623701064,0.14590476255144036
25000,22,0.7890031614083676,0.10621656088583636,0.08806146572104012,0.08806146572104012,0.015000860159233242,0.08562280890033624,0.6750496602355689,0.7543500912716132,0.1288473392233409,0.04031793411953766,0.04519733862436508,0.0032292880230961607,0.010510612189186919,0.03899129299886189,0.8511298687883738,0.06886034382055517,0.013050945065572694,0.028200780700959133,0.0035327891495773173,0.002576051254818079,0.03284730252762702,0.2995565685648672,0.4316483453702441,0.1867990878870298,0.1867990878870298,0.014970923960798826,0.06974964422221175,0.15044927724682128
25000,23,0.6485934200667529,0.18400684809359064,0.1546964304971422,0.1546964304971422,0.03897971842405531,0.22803850782190138,0.5517642718563625,0.7581636402056566,0.12657347871768332,0.026443721791915564,0.047807002356599404,0.006192930235419905,0.006497759640015532,0.042248182286048264,0.8278792091292503,0.0800416908015038,0.011474358712842858,0.03355012995340741,0.0029399418019128293,0.005425264831534493,0.06718071391495117,0.305206940399699,0.4284449481014321,0.16956327580986974,0.16956327580986974,0.01531606969405426,0.07822289316426878,0.1783574618555238
25000,24,0.670937355905408,0.16778624928626612,0.04419560748674667,0.04419560748674667,0.02315788774261996,0.06246590289143483,0.35700900102773003,0.7475200997775059,0.13295791023796377,0.037190317074030865,0.05381580261712118,0.004546591254872036,0.0044257680871624405,0.0487927596204506,0.8378551214550105,0.07513374057599342,0.016799705013084032,0.020481193848028018,0.0013782591268986302,0.014289531229500385,0.04292331761221746,0.29268445802884824,0.43534745538667863,0.18194593335503828,0.18194593335503828,0.016137869785763162,0.05833991049093212,0.13318543768585378
25000,25,0.6822619047619047,0.1600887715930902,0.029090280179868477,0.04188741896936435,0.013720545523289648,0.03595959595959597,0.6069295656327116,0.7439390367354002,0.13440853668018893,0.03650289825106834,0.05879635508676405,0.00725292817179167,0.0024866205657062546,0.042346200379474785,0.8445708443629472,0.07149398426877446,0.022170488288741463,0.034509600494173315,0.0036712993256994217,0.01202729174573991,0.04788662032970803,0.29566754517405675,0.4330466662998602,0.18374099019260304,0.18374099019260304,0.020217915551874882,0.07399473588966854,0.11833452311863502
25000,26,0.7163265306122449,0.140804051915163,0.05644816530103314,0.05644816530103314,0.009368084810815948,0.13338414634146345,0.31001547133719376,0.7586121593407467,0.12402815272636708,0.03630165160510712,0.04658328261710104,0.003735051507024731,0.005075868619393686,0.04394397313513454,0.8052025304904796,0.08962695498672252,0.02519842046097709,0.03356669515997074,0.0028282572059702416,0.0014059161054091884,0.05565935053128335,0.28224224754837,0.441142312874065,0.19366838148001575,0.19366838148001575,0.01760848970787348,0.07848259470977526,0.09942440544881975
25000,27,0.6176878758568485,0.1943185704514364,0.12309941520467838,0.12309941520467838,0.013918642076337022,0.2332730560578662,0.3353005835800022,0.7399952088396647,0.1375861053507389,0.044402383544763224,0.05538359184104989,0.003315382785899601,0.00096410089889154,0.05418324571983228,0.8450412187520377,0.07151353298278185,0.03583684145648691,0.03583684145648691,0.003325487775534701,0.027542479868061354,0.04611932949360886,0.29732419712159086,0.43169866297280757,0.18577668076267118,0.18577668076267118,0.014273660279729691,0.053985488759697775,0.06704427968737958
25000,28,0.7436587176973594,0.1323843583675942,0.045234923532095905,0.045234923532095905,0.010522886925359895,0.09245982694684796,0.22888162517250354,0.7719123920998507,0.11655381140245152,0.030650984581043206,0.04664324188438461,0.005274990756542926,0.0024922540910937707,0.03707925525685235,0.8471157950779514,0.06977956263928892,0.028236952370490065,0.028236952370490065,0.0007153231822300543,0.007161657163854196,0.05456774028030892,0.31027229503929743,0.4154656444808162,0.16975707252874472,0.16975707252874472,0.01762504365102229,0.07636575616255836,0.09480003767532413
25000,29,0.7294252873563217,0.13601218615400784,0.03496226890022458,0.03496226890022458,0.016410306276010443,0.08150470219435735,0.3480758720799907,0.7629364103318657,0.12454777605376383,0.033846424207001014,0.05566616792359927,0.00420904106554932,0.0027523405865458317,0.03945443816770622,0.8302572417108288,0.07937101703243304,0.024509096135270525,0.028914488926530715,0.0025813788648946442,0.0020746472450673403,0.0528655978228017,0.2948121481535657,0.43746063221858567,0.20592652481105878,0.20592652481105878,0.0200817581198409,0.08330983665106495,0.10238295110750012
50000,0,0.6395346401212283,0.183656986714675,0.09822328052019424,0.09822328052019424,0.012158747107765829,0.07591993313473788,0.36622093223060215,0.7549732077637749,0.12673891964642792,0.03483096303445088,0.05231483891569902,0.006178504141165976,0.0003515577566103323,0.05116743316507599,0.8153718004399515,0.08490871081550322,0.030557217295279826,0.03254126788862223,0.002028694587995046,0.0026688683710456296,0.04047653011451491,0.28938622297887645,0.4341421616695672,0.1940873683633404,0.1940873683633404,0.01385003926751599,0.07439362919405401,0.1551185288422211
50000,1,0.5722217631992068,0.2164030629305156,0.09157185976317617,0.09157185976317617,0.008102545821866647,0.04935064935064937,0.3804364667958853,0.7575144044907762,0.12551483075003744,0.03429985156556792,0.049123290457808735,0.003895647599918055,0.0033264068272274017,0.03946430347688146,0.828270511064696,0.07897318327264868,0.017295723570932453,0.0331638763136063,0.004826295901457681,0.005940713665498976,0.04360626108378152,0.2771978888369511,0.4401091815642454,0.20078068877748045,0.20078068877748045,0.015061098070293086,0.07338773561623324,0.0840375576234178
50000,2,0.6920884853168471,0.1598866372391653,0.07637362637362632,0.07637362637362632,0.010153840634919822,0.028734628049190247,0.22852059420503684,0.7507491762022945,0.13040868264710015,0.03950181868452207,0.048693781231193056,0.0036568459550694737,0.005673889180275116,0.028275988058230728,0.8218869445729559,0.08253683986275429,0.02394153178833891,0.030369681049329134,0.002611115858496632,0.0002801546191715243,0.05548631698916562,0.2865908239786356,0.44153241101551766,0.18186520605607448,0.18186520605607448,0.018223581567623146,0.07417500532254628,0.08454388384115319
50000,3,0.607630144189522,0.1965289473866606,0.07562532569046376,0.07562532569046376,0.00944725815915793,0.08630762935346004,0.4990272360290946,0.7617695237058645,0.12306705213574198,0.0423336230251492,0.04486775816653686,0.0026055598145813263,0.007688567968870297,0.056570364211584234,0.8307183835283318,0.07783968955808013,0.025518161205872247,0.02877336872217015,0.001951221904355288,0.0006541265407586927,0.043317325562395426,0.2984756675929767,0.4300486691472649,0.19021667577342394,0.19021667577342394,0.01468192062377352,0.08462332301341591,0.09725809385344719
50000,4,0.6590062772635386,0.1724787428694436,0.05128205128205132,0.05128205128205132,0.00378488285313245,0.10107140645321122,0.16209579028301313,0.7471395941137449,0.1332513537290716,0.037588905051055166,0.0477092906138703,0.004746408864298987,0.010827900222064923,0.04466870807196649,0.853516274724777,0.0675251484750159,0.01274604346129915,0.024370324045750263,0.002008562052195087,0.002775879948981097,0.022388423074016728,0.29664764841288943,0.43484726392350226,0.17333223169320666,0.17333223169320666,0.014932914730747322,0.07850975944805194,0.10830250907891503
50000,5,0.784134210917009,0.10714953809641681,0.018568632456812173,0.03992092119866815,0.007414359772512959,0.09446916719643983,0.48259815089675595,0.7721094196599682,0.11759690509371168,0.03401091632336095,0.048082288985155805,0.003513015558588947,0.0015323077669366914,0.034779246538398284,0.8317309225046049,0.07783994856826126,0.023188164436712344,0.023188164436712344,0.000511785164667572,0.016477163988120824,0.02764658903439987,0.2947734249401063,0.43396791011714475,0.189987411051605,0.189987411051605,0.01810912452494011,0.06798726822664758,0.11885863795733553
50000,6,0.7354813508024498,0.13417135898206223,0.03820895522388057,0.049404325980293526,0.018453801933898756,0.11812153097013656,0.33021630362036614,0.7604757369011754,0.1252011104494729,0.036908101857476616,0.0468531009483146,0.004142722911906087,0.008239923042737463,0.0479783923827003,0.8337675095602431,0.07721926803340695,0.014302270165848507,0.029848027366723887,0.0033016333112205407,0.0006509362804937302,0.035112822802698174,0.29811294445735537,0.4328525484845531,0.18069364868194893,0.18069364868194893,0.01525658786348505,0.07477671369642269,0.10516521024541381
50000,7,0.5985074167986809,0.20090640189863418,0.0293993595251113,0.039679563005491275,0.007787917169890267,0.06174527104056016,0.21692582732617455,0.7638833088969199,0.12222254810246802,0.03076301673316606,0.04888002424344927,0.0055118239523328574,0.0032340042911913613,0.04480098336178839,0.8345159881433658,0.07635898600586244,0.02160005404302423,0.025489488722282835,0.002570283518051608,0.00511031287826369,0.05161403373438067,0.2968410794455653,0.42977538446748076,0.17926056312034555,0.17926056312034555,0.01776746116059877,0.06838869680219395,0.128655651336947
50000,8,0.5568974771873322,0.22486118386589843,0.15312100788511518,0.15312100788511518,0.0146649542184238,0.12124089901867674,0.26505589758554604,0.7476450155452176,0.13224939767807242,0.034923518620444405,0.05345079241763996,0.005283284832369978,0.003404021565768467,0.04035353808682751,0.8402142437228712,0.07360584959568084,0.019900455654547122,0.027267088611615878,0.002534086803972428,0.0010958834769624337,0.06498278230294097,0.2908148636228989,0.437732443853559,0.1827385743654929,0.1827385743654929,0.016467155409010295,0.07330320897852716,0.08284219949727945
50000,9,0.7023809523809524,0.15065913370998113,0.041393800480244436,0.0457561907712965,0.014058967350967629,0.024036077711040216,0.353692570340838,0.756575651242613,0.126834595612141,0.03301797807950002,0.05176808885789971,0.005441657642719491,0.002391193409637671,0.030806639210216438,0.8343958192747729,0.07642117427825063,0.01874470038880094,0.029536661073327627,0.0016112680167239407,0.0007848995619834653,0.0684846044208679,0.2871256684365648,0.43795896638624726,0.1929468697087019,0.1929468697087019,0.014723972520347885,0.04171461141717181,0.07135911727443633
50000,10,0.6506929448444531,0.17539767232206888,0.02532159622444219,0.04894280794230094,0.006212505873602336,0.19586499819057956,0.5169162047697784,0.7646343532060517,0.12141243585028322,0.03786551209629829,0.042225346996209015,0.0035982176013842765,0.010265983788151245,0.027863424149184746,0.8262508088911555,0.08003294605322037,0.020924266972407457,0.0243789822411154,0.002355375451143407,0.00936149440106493,0.04524063149594032,0.2928341002947499,0.4341540856132783,0.19166236877111986,0.19166236877111986,0.015066470202093167,0.07390457643622206,0.0744572764527408
50000,11,0.6330237439968757,0.18573539790073829,0.07057622328894397,0.07057622328894397,0.008916410443802307,0.10753671218787497,0.24921447760675158,0.7614321509986968,0.12361840773024235,0.03993396278604611,0.04724115503710698,0.004431106878791426,0.006209689541440633,0.03741817527750396,0.8293384654993036,0.07865687876838579,0.011941510193483995,0.032306420991447524,0.0041493761409760535,0.002290092322775883,0.023090587848491384,0.28554314162260563,0.44168857149605995,0.1929598236158746,0.1929598236158746,0.014914234151708478,0.06726361068376285,0.10029240793276717
50000,12,0.6896775346673564,0.15827491930676013,0.04501798232246268,0.04501798232246268,0.00856570072049817,0.10348936552902566,0.24758611658702095,0.7498433693559663,0.13101432767429716,0.04350811358581097,0.052107210964774955,0.0038508491974859546,0.00251293407183506,0.050205061465332324,0.8308107576425143,0.07824850470245592,0.028913535217183317,0.028913535217183317,8.844526088369609e-05,0.0020320344250537303,0.06793888115767666,0.29447207844598927,0.4354083219548902,0.18342046626203956,0.18342046626203956,0.015680372435373992,0.061653667879965623,0.08819339082762243
50000,13,0.7073655823360863,0.14844391244870042,0.05151511965344657,0.05151511965344657,0.010980053023268273,0.10104853314961826,0.2214368516817642,0.7622836413167494,0.12420899992894718,0.03251063890481132,0.05313848883086747,0.005921449521109366,0.0007592709545954923,0.03665863363066507,0.827173704199916,0.08052658990877948,0.02565728525340416,0.027790572393536675,0.0014034039587794561,0.0038007135619038124,0.04549067475512536,0.28757409335388506,0.4416306059173144,0.17324888562316032,0.17324888562316032,0.01949787768803197,0.05283328109572616,0.06166952356363897
50000,14,0.711240369147405,0.14624530674062675,0.06410593703411382,0.06410593703411382,0.0074847155005341795,0.11553414032201192,0.3880579149120097,0.7486877851223646,0.1309767370222239,0.038519809873799105,0.04800328059394862,0.005069590521992295,0.007622339054202065,0.04206805997041674,0.8348606600543886,0.07579054345154917,0.015601067855653628,0.029397042173354218,0.004024885327367118,0.0014340267523281769,0.08211384621604467,0.28668744287334424,0.43891247392548194,0.19059868917712242,0.19059868917712242,0.014037120752315113,0.07827850521117352,0.10512222449560782
50000,15,0.6883996212121212,0.15795410906298007,0.08717173625543173,0.08717173625543173,0.01821129085313318,0.1160436064193141,0.25873533318536557,0.7610618130523038,0.12352066539999323,0.036486096906519605,0.0477496147646298,0.004334722269556765,0.0033616691892554007,0.03903196614818971,0.8309745890186612,0.07770877552727817,0.013640595718486748,0.02703039864173651,0.004501689531874999,0.003482853562630117,0.03442211758789393,0.2826088504353614,0.4423721965676626,0.195048172735921,0.195048172735921,0.01372319371261592,0.08585186625592323,0.11994321002154562
50000,16,0.6930133079847909,0.15504080652904462,0.058786866644825686,0.058786866644825686,0.012968815855453453,0.09258555133079849,0.249877536997714,0.7670995129891423,0.11995217317308354,0.0289578762919791,0.048650583498715066,0.0057663523228887875,0.0037313799082692167,0.05406063583660331,0.8308219193090013,0.0778940067467449,0.015360229215035992,0.026253617811956995,0.003606365584860931,0.0066563886575797815,0.028292133384821005,0.28338606547788153,0.4412442321863502,0.1932742599497007,0.1932742599497007,0.014813724060491182,0.08570273444268317,0.06540179852138311
50000,17,0.6927404148334381,0.15523975865354078,0.07304460245636712,0.07304460245636712,0.010026038132705285,0.10334919637245221,0.477893690814995,0.7602705553754529,0.12437328682078436,0.029039042471133647,0.04495700002148535,0.004939920789613382,0.009928957613069667,0.028297235009210775,0.8279379515634625,0.07942675654541648,0.021294652918032453,0.030205777262533484,0.0021017526539943918,0.000578854771806081,0.0781797898254486,0.288230929414299,0.43621123907344905,0.17385426146968175,0.17385426146968175,0.016213451242008903,0.08082330846149943,0.08009707797855536
50000,18,0.6056043613109735,0.20148956617854663,0.033575166260137124,0.06427662753942814,0.019519827571107713,0.018212736060722046,0.1641671231745405,0.7569554997711367,0.12655571609550276,0.04115217724341058,0.057307972059416915,0.004629602215949956,0.006125605595246886,0.054230689296877355,0.8306398493921163,0.07827632673243656,0.019973743389743337,0.025267752254097123,0.002216641523163608,0.007203503427697822,0.041914864062194024,0.2861092184739336,0.44021873911546583,0.20134398098117579,0.20134398098117579,0.014852025462198562,0.0751390619775677,0.07822168668780316
50000,19,0.6419078475082179,0.18221427558644482,0.010807888440100721,0.03267696909272183,0.011054153479214256,0.06428089454405239,0.18357053000556028,0.7618778624085489,0.1240483257197787,0.032294391183372295,0.04918184758844468,0.005343944446773774,0.0037548795504058763,0.026912771581794503,0.841692600244468,0.07324163347993601,0.011218111132056396,0.022885560600476126,0.004119322272523894,0.008624540981278517,0.02492301690232679,0.2925913355965709,0.4355073922100239,0.16851641415711205,0.16851641415711205,0.017454185732150518,0.08124118590482154,0.10671936267565044
50000,20,0.7050498552589258,0.14874290348742897,0.016696577361876686,0.03771692588155348,0.01206759042191715,0.12887483917658415,0.44801810833052,0.758820694371434,0.12464269631885022,0.028751733561547255,0.047673833525403025,0.0062606376760635934,0.0056245125125804485,0.04096581937007837,0.8371812821600749,0.07460233018253837,0.007352227518065191,0.028036913544883926,0.003948780971149896,0.000952357446388441,0.061777009718308906,0.28415609052477264,0.4397394018528529,0.1914478453939915,0.1914478453939915,0.014812779668244111,0.06894208393516288,0.08987948012752112
50000,21,0.6706139272635554,0.1696312007760733,0.02461055620858421,0.04389467592592591,0.003452302061797377,0.13976417078435632,0.4870009061464121,0.7549154266678006,0.12869640444143077,0.03850254659572716,0.05389551234177879,0.004952247851761862,0.000969528610740622,0.031345396026846606,0.8358843209922945,0.0762897969527645,0.023959827290252367,0.027840799338698707,0.001735737406496081,0.0019607442477773684,0.027919961305470697,0.2974543612054132,0.43261589254187327,0.18445402680717626,0.18445402680717626,0.013997075645163531,0.09553614750121298,0.1031167126079311
50000,22,0.5935738872820113,0.2041567198713099,0.040063835748831544,0.04560543821399046,0.016621121105222736,0.05957185944434906,0.2559225064436572,0.7646588488682147,0.12115544726113564,0.03219184642101358,0.04264353176543233,0.003976892092075683,0.010638572832833315,0.04409226611072142,0.8420718040686734,0.07232657399255021,0.005967424595457627,0.025003913875001574,0.004847255842082503,0.005486629577749258,0.042296048665980246,0.2861173080876294,0.43738190401699784,0.18008391676815727,0.18008391676815727,0.017033002983501126,0.07040982787688355,0.10475316702066073
50000,23,0.6826356633057664,0.15837602911557896,0.09553806517369268,0.09553806517369268,0.019875772406193946,0.07561523112736945,0.3382538286262797,0.7555751982971459,0.12661270699814237,0.03570274237166282,0.045736876086423836,0.00281062944850502,0.009314033524737919,0.032037652065701416,0.8288713789378249,0.07867587772286583,0.0246614073626944,0.03007152044577381,0.0031211375260253096,0.0011596465833281222,0.024441288941705552,0.2880391076895149,0.4345082376023865,0.19138195521190104,0.19138195521190104,0.015968814504857792,0.08117355147614713,0.09099942890504131
50000,24,0.6850478620670211,0.16013834381664066,0.027844012542325602,0.027844012542325602,0.010952525792617088,0.08721212611810425,0.2671891257519776,0.7600262412468817,0.12479473882968695,0.044319449817680656,0.04839829201105787,0.0030508376430457354,0.003467606858663985,0.045883474469666896,0.8401154178098956,0.07374268484686447,0.017815032207752157,0.026826463261517178,0.002558920210274339,0.0019500761108308673,0.03694581337425651,0.298239762485047,0.43073829379636663,0.1783746185654751,0.1783746185654751,0.013809442289198053,0.05811895717599136,0.1515039141206984
50000,25,0.7848805123413305,0.10850460661652744,0.06730769230769229,0.06730769230769229,0.022377534476773667,0.11117004433185562,0.3108373520151425,0.7722211954553418,0.11803468273540546,0.03192779747405872,0.04433579718104272,0.0034599671010636032,0.007329120289751079,0.0339535542767172,0.834836569055326,0.07668984080940561,0.02191179784895947,0.025048191393330824,0.001144920397610466,0.00664741884811082,0.04327706725140995,0.28975921781317987,0.4415234505963953,0.17766635226603356,0.17766635226603356,0.01605069002257912,0.06901895743391573,0.10528386700527503
50000,26,0.6462702606687686,0.18140420395800594,0.03329119694960214,0.04260154107352748,0.009157975475331592,0.0629950800167215,0.5596378786502652,0.7606330024242804,0.12438160104290957,0.02824674176937192,0.05217073269435363,0.007101065200176199,0.0024070214920095534,0.03044045656096417,0.82999552526647,0.07860608991854817,0.020544247835395324,0.025048298911826014,0.0013114802571137507,0.008536426609393244,0.04715113613661848,0.2828174753044951,0.44037582117931495,0.18533085127160875,0.18533085127160875,0.01776226517835404,0.06156191068423156,0.06414549667573755
50000,27,0.6375260781413753,0.18559319696390947,0.032796735347870754,0.03772758332478976,0.009957412644405014,0.08178053830227738,0.32818332489531665,0.7635604248830967,0.12243477643509204,0.0329938321005957,0.045742397733016665,0.004259463772999628,0.0072671294747678195,0.023454172030002107,0.8144449673298229,0.08611663226012511,0.021071090868462594,0.03270628474512366,0.0024058606022489756,0.0003279656075493298,0.05034696443344744,0.2969373646409809,0.4336456484220243,0.18787047446115746,0.18787047446115746,0.014593431414513844,0.08187696152850132,0.06378780677592921
50000,28,0.6192865105908584,0.19601090543836996,0.06056057374099144,0.06056057374099144,0.009007206851265846,0.06736831894461148,0.25014635829084725,0.7575149914105326,0.126422000990847,0.035137623014591335,0.05166599999131878,0.005438030901636026,0.002311037725827414,0.03213404713141614,0.8164641657866049,0.0853519129340709,0.012931773684173753,0.034350940567689905,0.005386151015213947,0.0019995428222413514,0.030844427768005778,0.28740214007759207,0.4411699492433673,0.16856011118758718,0.16856011118758718,0.01866450826128898,0.06907879259151029,0.11664757174896567
50000,29,0.6440155547192803,0.17984455419101636,0.06797841060136145,0.06797841060136145,0.01930703119135352,0.0847470074171991,0.24785272876025544,0.761645646142496,0.12356547115688093,0.040259373998046244,0.0523204750858965,0.004647134814570859,0.0013557492126418103,0.05070019430798839,0.8274723856336036,0.07963396647719978,0.01948811095250136,0.02599042992136294,0.0030036812247802233,0.006994552064209514,0.029929190040258513,0.290930680047576,0.4369147738182857,0.18609254915577123,0.18609254915577123,0.01574938647267366,0.07082591948067185,0.10325497557156862
100000,0,0.6409568009767717,0.1833796573744107,0.0429544367835456,0.0429544367835456,0.004147888177254026,0.11160155638980129,0.24891030855374474,0.7648049475011891,0.12207320013053663,0.034826208810387116,0.04855824129982471,0.0045158433190607555,0.003158881217624865,0.030992679857058267,0.8331912201049834,0.07714863128363464,0.020672696497071152,0.026951766865990587,0.0019112884661122084,0.0034679952741190068,0.04216701353764396,0.2951079726934988,0.4332939917031679,0.18747069376783565,0.18747069376783565,0.014705689797972023,0.0822681662981305,0.08240211192647551
100000,1,0.6433738277398907,0.1819261734645103,0.04711819536936657,0.04711819536936657,0.0054884294958919624,0.06958263822688271,0.1572424432180347,0.7578458573691631,0.12560816630036287,0.03729508058434605,0.046974351797086825,0.004200025864319369,0.006285629784506419,0.03310856039996922,0.8407428029192341,0.07315336879644846,0.016276402145083524,0.02332851496990647,0.002159611379817461,0.006993013556250149,0.04370465196220574,0.28914147723157196,0.43608167727788144,0.18140742346027827,0.18140742346027827,0.016270336381900494,0.07528565435783718,0.12150873545980101
100000,2,0.6058785891961064,0.20286076923646212,0.06363090961611095,0.06363090961611095,0.005152504854187105,0.06822760379245729,0.23179844389758103,0.767021372691631,0.12056036486035926,0.03145409721118353,0.04706594380756708,0.005477921964704195,0.005155484341712313,0.029607921668933,0.8239052497325489,0.08161447408508826,0.019754307197261123,0.03133872204511727,0.0031050094488320815,0.0003242549550672713,0.04314509271114575,0.2930106642830302,0.43335384612080685,0.17810775424859338,0.17810775424859338,0.015844081961875832,0.06474409362032496,0.07520842336337918
100000,3,0.6104902809475092,0.19481762293569632,0.09510125889436227,0.09510125889436227,0.004274427766231874,0.08889604810996565,0.21669772730417097,0.762854949578923,0.12241798017518402,0.03350890880327728,0.04707936138851526,0.004264556162872461,0.004391770557309216,0.030638655538781825,0.827054250439896,0.0796369846997117,0.022067478754813408,0.028309934183267035,0.0027249662987724257,0.0019066666429266022,0.03950446458195189,0.2871907952236605,0.43660752447402296,0.18086141396182598,0.18086141396182598,0.015984826988155898,0.0815629859811633,0.08977046803757072
100000,4,0.6491888291004333,0.17715063459899494,0.025324925652604913,0.031344659232667396,0.005531813547468456,0.10093246068684869,0.22041115663497324,0.7578518418432773,0.1260364577715457,0.03458953912591811,0.04865073854765595,0.005343197167240861,0.004741762223521073,0.027822521122245703,0.8382412515279406,0.07455332680907739,0.013943023246712705,0.029715972513490493,0.003238813725834455,0.0022395218083837154,0.03394422788643903,0.292690018162119,0.43483845329865645,0.18000762718081242,0.18000762718081242,0.0155093475567979,0.07771198495973675,0.08326321441052231
100000,5,0.6697161483737419,0.16749166704372348,0.047442608045431656,0.047442608045431656,0.005691029929276045,0.10772833723653397,0.18886305868510794,0.7614576290360143,0.12338735373539861,0.03526725337349956,0.05225708385320206,0.005311089594304895,0.0016182098124275512,0.031952604260646944,0.8319402060256638,0.07737172067085513,0.019790893775776253,0.024606378780299587,0.0019390645084165492,0.007028044913552467,0.02082518446594772,0.29307373129519304,0.43320144644545844,0.18442891988186239,0.18442891988186239,0.01599245546784251,0.06423663163847593,0.050376102537041
100000,6,0.636264516380258,0.18336693167833168,0.045909391694507695,0.045909391694507695,0.006313378153707361,0.11069250688051058,0.19508509703418203,0.7659498071712767,0.12112811046547495,0.0351276270021087,0.050575549921817176,0.004970221695184691,0.00022066645438834076,0.045309917644672515,0.8273012815724696,0.07991197284747326,0.019105212898145707,0.02665839388503348,0.0028581021320749356,0.005800717281912893,0.04750529409710069,0.29037469480766104,0.43582921522041207,0.17968340229364166,0.17968340229364166,0.016356136144610747,0.06428642214353508,0.12662787882484794
100000,7,0.6346015269188925,0.18476906992086,0.07543489956958394,0.07543489956958394,0.013562843534834813,0.0991729472286027,0.1925255238319447,0.7607028817933549,0.12456937553478842,0.03264510252461916,0.04903331730022775,0.0052199943132317725,0.003745846707752354,0.028010317198427614,0.8327657256529674,0.07741414696889182,0.021171937998029633,0.025676567444561968,0.0011007125742306112,0.005150887624735034,0.04312374844381306,0.29551283417548246,0.4342785259022053,0.18011206041683436,0.18011206041683436,0.015085815161902702,0.07257880535254924,0.06441049940327381
100000,8,0.6960276852931138,0.1537448352575409,0.03382879461863941,0.03382879461863941,0.0054320905576033945,0.10868193230617251,0.1954334089432896,0.7610757611760167,0.12375710750730073,0.03708911546375537,0.04920860341400454,0.004195030313278364,0.0031224815091347446,0.028103289418901514,0.8351453782258262,0.07589022738928675,0.01397700085727649,0.027814825492065806,0.003485761032655431,0.002285860329639511,0.04525713854390856,0.28854342068366,0.4373188698844944,0.19016000725803173,0.19016000725803173,0.015342687786916838,0.07382737202827161,0.094742343096335
100000,9,0.6735351166042672,0.1661840851425357,0.03235815602836878,0.03235815602836878,0.01090981069793201,0.0937150156442863,0.11226162901439729,0.7684688756626454,0.11968339232940767,0.03240500881628783,0.045857418888112234,0.003937126394753188,0.006901336406231806,0.030771025621670223,0.8306328342147871,0.07833881520118563,0.018864825420538023,0.02874005994078875,0.0032652497181603346,0.002619745254062056,0.01672320133267602,0.29093803595402523,0.4354461025584251,0.1850830300299139,0.1850830300299139,0.016986648020934504,0.07825670699766019,0.10013843329291239
100000,10,0.6841358993090068,0.16130204739369347,0.025327071452532657,0.03378908396221751,0.009024203879225264,0.08401546624984568,0.23858097889214946,0.7618510371834418,0.12395937309697314,0.037597942574631116,0.044196489680259826,0.003308461241443926,0.009337861607795928,0.03749294857514701,0.830308534096592,0.07873385980630765,0.021987095352598907,0.028483862026752696,0.0020764410890343823,0.0018376867661701324,0.040013499940290576,0.2931041698329438,0.43623692440262796,0.18186618162161372,0.18186618162161372,0.01559636537387133,0.06877898253070536,0.052909281873042224
100000,11,0.6666820864866866,0.1691059123936839,0.04183998415382972,0.04183998415382972,0.005832866946708953,0.10477727477877918,0.2147602389400844,0.7617657446998815,0.12344552582915858,0.03358295864648264,0.04590120294848095,0.004192512883535442,0.008064440709830478,0.028478536106704755,0.8332170277153925,0.07687353354019516,0.0186840692670186,0.028302181709517385,0.002700760094519715,0.0017183727386136383,0.03367131103994303,0.29064855818757807,0.4355745434818865,0.18199968547727963,0.18199968547727963,0.014878974283552913,0.06848330130260993,0.06723253837697207
100000,12,0.6695096396656937,0.16917259188656653,0.0687567235285077,0.0687567235285077,0.00480996101673891,0.08679674904064638,0.46550855064597413,0.7609255566633433,0.12425553860157079,0.033614667777329355,0.049918205100315444,0.005351695385937674,0.0026597929674663234,0.03248231355682235,0.8290647367679131,0.07907593463863449,0.020017303180717816,0.02899581763799039,0.0027048654252313648,0.0012774679738977168,0.03363132742616026,0.2883935439863356,0.4369422908896836,0.18740217394017922,0.18740217394017922,0.01609027892544062,0.06804875671866684,0.06857967528101416
100000,13,0.703765680080223,0.14978458667081418,0.03181084848021998,0.03451755374254949,0.007372340805220659,0.1152715298500151,0.24482228347067592,0.7629382132462621,0.12324913535228255,0.03607074934769727,0.04910771427639783,0.004991655705307289,0.0023418018444207878,0.034442214900916424,0.8332891080988052,0.07718092600556575,0.01648434430098278,0.027757211131703666,0.0034895987894447006,0.0023018508098795465,0.032042527243023256,0.2928279841777581,0.4340972596774677,0.1827282922521034,0.1827282922521034,0.01643533619460546,0.07034018344363169,0.1277555439502972
100000,14,0.6676539618631143,0.1680329665156432,0.06867916058803725,0.06867916058803725,0.008223196689385134,0.09405748717143902,0.19263297722649914,0.7614758837308522,0.12362217638895617,0.0312501771269007,0.05127007017430196,0.005847072302740584,0.0010762113127578132,0.02856339072783276,0.840242694298639,0.07352901066416001,0.01648497104912683,0.027049542477888794,0.0023234064700314513,0.001564877539550591,0.03348301205301418,0.2854141102654084,0.4398119731783948,0.18414677482156838,0.18414677482156838,0.016529732133358364,0.07106981416373681,0.08381964022407862
100000,15,0.6581613902451829,0.17312805786002977,0.03087727899494408,0.03716804396804227,0.007027888258059528,0.09317569996597408,0.16249221970743666,0.7610024700323259,0.12389821548891228,0.032311404973050295,0.04917810749245828,0.005531847289779394,0.004688208205708144,0.023358073329510898,0.8250680296684202,0.08077445379386827,0.020652738049080854,0.0321203352580017,0.0026962483969972598,0.0020637631066103834,0.039463624082285986,0.28686394970349127,0.4366254692320525,0.18697547905518663,0.18697547905518663,0.015452403653941633,0.07219857920875439,0.07906300003650601
100000,16,0.622671396749443,0.19062908606862938,0.05693237492400671,0.05693237492400671,0.009614950763801804,0.1140309467610805,0.31935002419088515,0.762794652685972,0.12312216018851901,0.03097656568323859,0.04686243358750282,0.005293805899323503,0.006525071285657602,0.02318558695410891,0.836518642680942,0.07551215284643403,0.017643977993664683,0.026416575030109204,0.002259884621477047,0.0036999905432686386,0.03734280000117696,0.2956150050907438,0.4320195141793437,0.18016108950389875,0.18016108950389875,0.014584549287993416,0.07249630714983446,0.05746351203084604
100000,17,0.6679358511897711,0.16653900183781528,0.056445543489947236,0.056445543489947236,0.01074664507249732,0.09910878517094468,0.23622313878195267,0.7630609675446686,0.12321813723660002,0.03557414430072103,0.04762512473743752,0.004262011655253889,0.0048652812634317755,0.03259759813232144,0.832560524853165,0.07755625761675516,0.018039578471991002,0.026108690217614514,0.0023772972579749613,0.005386365976579044,0.033899448003582466,0.29256415834639465,0.4358981425963712,0.1817584000995437,0.1817584000995437,0.01604955254845728,0.06825380035661388,0.07544074521417699
100000,18,0.6431035739885069,0.18167471519173467,0.053927584598270295,0.053927584598270295,0.008700187079861886,0.09563162096899824,0.1469626417302154,0.7611094148813121,0.12352536899476596,0.03312763517418549,0.04856180533234483,0.004752366020336379,0.004001471050823491,0.03413566155155151,0.832206157796451,0.07722055573516695,0.01839525382392515,0.030512684447632735,0.0026192088924384266,0.00211810560427228,0.05352388149752785,0.29030940360333796,0.43517186030302074,0.18604526326104764,0.18604526326104764,0.015670212521667837,0.06799679158061145,0.04470336069111677
100000,19,0.6620051653589679,0.17107150102049684,0.019288922702139777,0.03510711738551399,0.008472474203531088,0.11285532767225814,0.20980995327204377,0.7569545689696251,0.1262686357542866,0.03510684491886462,0.05199380325026,0.005407913080172348,0.0015257617415774805,0.026009541823154292,0.8372555530781647,0.07487885272033046,0.013945329961343345,0.02613441401605708,0.002339849068876451,0.004434966540473262,0.034659377003053105,0.29099513304796154,0.43504789669812716,0.1848140312890434,0.1848140312890434,0.014762671053495734,0.069686720580455,0.062164289130202444
100000,20,0.6129439336578331,0.1958048335613315,0.049530516431924854,0.049530516431924854,0.008179514112056106,0.07733744660654962,0.1707886178280928,0.7662103863611353,0.12052760717274846,0.03090151533282881,0.0470574036314899,0.005629173652517791,0.004391205240967255,0.030281112714891756,0.8330245500627295,0.0768716038005946,0.019843416900756083,0.026194523700364167,0.0018728749176070633,0.004405849559801611,0.03446628281339936,0.28933027722212834,0.4361579102712252,0.17596216591209735,0.17596216591209735,0.01762288669344976,0.06351867029342706,0.06858683228613105
100000,21,0.6348991319133883,0.1862640647318613,0.04117507955357458,0.04117507955357458,0.004577807010568244,0.12022909763331968,0.15343260743115705,0.7631769156736616,0.12254968405209032,0.03270137022887043,0.04813601299356014,0.00542675895872935,0.003919900843094237,0.02949804654780519,0.8276523029367485,0.07955877222195501,0.019005886591432097,0.027934415264447426,0.0023525025833198987,0.00331517216000643,0.04845050750736024,0.29190811800773714,0.4351874886457916,0.1808164707069687,0.1808164707069687,0.016677314755942453,0.07056190240510352,0.10526649085268902
100000,22,0.627992216002698,0.19084292050415635,0.038427864684971724,0.038427864684971724,0.009469882442990012,0.11821067459696355,0.2748143913005646,0.765408304254175,0.12157030146128611,0.03490114158920887,0.04929704958243791,0.004103042278775927,0.0025019464797654267,0.03114501465673447,0.8382940523510564,0.07468574988136878,0.01753902950428554,0.027918170802338674,0.0018943903623957967,0.0013043230033029651,0.03657027150887526,0.294841773401324,0.43238623202439214,0.1771004943159441,0.1771004943159441,0.01581490523111871,0.06690578817733994,0.0450600280978988
100000,23,0.5648234886945518,0.21982785391165666,0.0875702899250489,0.0875702899250489,0.0037206515990555328,0.11541911966544649,0.15633686200003105,0.75814199901048,0.12602317582895345,0.03555548664797137,0.051388849101941844,0.005295757281220184,0.0014692891632065441,0.0363698980291724,0.8342609860904271,0.07662425550723184,0.018642755248737375,0.026220313470139534,0.0025976628053485454,0.004359155850659158,0.038333720660107984,0.2917625881556567,0.4366230407404934,0.18233787767831822,0.18233787767831822,0.01553787281335113,0.07809145709301535,0.07078142285355904
100000,24,0.6803690757255958,0.16204003674461648,0.049899971490645956,0.049899971490645956,0.010659517681990832,0.11544582713541096,0.2294713416567289,0.7635812483862514,0.12259343550713464,0.033516350566859754,0.047003004682019164,0.0039012848092403393,0.005392154247593317,0.026828374756206752,0.8327514455489557,0.07733617422372707,0.018133611744527545,0.027211950704292054,0.0021280028103283014,0.0033536052874688638,0.03588601429813287,0.2970587557825079,0.43284486467571587,0.17833115018053147,0.17833115018053147,0.01531876992005806,0.07639885460081519,0.06523701509808963
100000,25,0.6792349726775956,0.1638662850762082,0.03777895425893418,0.03777895425893418,0.007479347129477107,0.11700787401574808,0.2423900782294814,0.7656386955724418,0.12129744081465382,0.03623425755685539,0.047380003291722775,0.003948660633422689,0.0047768557352462215,0.028723873647228615,0.8305173117030037,0.07837209494621306,0.019218374435966856,0.027863127118255185,0.0021024391385321,0.0036320097788732353,0.034534881589161515,0.2943450694006806,0.43282210302208934,0.18512447290972844,0.18512447290972844,0.015478441276684025,0.08067361253298622,0.07821757310329103
100000,26,0.6436141246240039,0.18121941848917367,0.05940860215053767,0.05940860215053767,0.010842115805434871,0.10608436568919555,0.2825231661288035,0.757644963704939,0.1261936530297802,0.03992383933907717,0.047073193860853624,0.003595762151994003,0.0069406835653842425,0.02809611016252897,0.823894679842935,0.08154410913401056,0.020882787477429776,0.02756756879371361,0.0013313806837727399,0.005370574248471205,0.03538139748229496,0.28607095995792586,0.44018021858476547,0.1947580182851606,0.1947580182851606,0.015283230171801554,0.07254609648826083,0.06448087647076917
100000,27,0.6515243960531067,0.17737066982077782,0.060646403408159855,0.060646403408159855,0.004656563612999723,0.0455923001409555,0.3305359952896173,0.7536062147102442,0.12848529224198874,0.038737889370290435,0.051119089317480174,0.00505015085399714,0.0031333684703418463,0.037198326986683405,0.8295928036907744,0.07867763975866487,0.014901769884847704,0.031788309621050684,0.0037562687368431907,0.0026722296071840512,0.0513575504260001,0.2917728452193744,0.4354660105758372,0.18684543103358286,0.18684543103358286,0.016755963755184053,0.07304286512275304,0.07122726594355866
100000,28,0.6447366168908494,0.17986694221287597,0.06886393567616267,0.06886393567616267,0.003653332801509812,0.09223053701581307,0.189644839408589,0.7607190878414057,0.12412676985042836,0.03557190260187615,0.0484295685777774,0.004909513594185927,0.004852315103551996,0.024640030441086425,0.8275437210538721,0.07970200853883469,0.021113777290500013,0.028145474818316057,0.002381462980497663,0.0034299465440996713,0.04261555248738924,0.28904773065452677,0.4362431185765639,0.18734590956684272,0.18734590956684272,0.014139689942855804,0.07208880914918747,0.07163455889038528
100000,29,0.6518323127649552,0.17662126642771803,0.050606266581884274,0.050606266581884274,0.007682835086445454,0.1135439300239568,0.28467164203736045,0.7636459194954225,0.12261721806523601,0.03159439467133873,0.0497502376198589,0.00567327632643802,0.0032638276683303324,0.025674083617925947,0.8312073185838104,0.07805373500069718,0.021012090998749344,0.027268246426008835,0.0014495198959246017,0.00407891494544288,0.02958386064892171,0.28813073494252783,0.43799573032355005,0.18874565665603094,0.18874565665603094,0.01571631189594181,0.07476859938138936,0.11419778475676834
185026,0,0.6544165607499193,0.1750373181573635,0.04885667182373199,0.04885667182373199,0.005033663083340072,0.09419197866293716,0.19161134666179774,0.7621560583200926,0.12335089543153499,0.035053438162021555,0.04836476587169211,0.004663963642940951,0.0041757339753409894,0.025496407643006924,0.8318995300145732,0.07762284936157182,0.01893774972020046,0.027698004141714458,0.002504361665996345,0.0028415399031442856,0.03581221776335297,0.2914071258666016,0.4354350041166579,0.18409338690176047,0.18409338690176047,0.015685371990569297,0.0722234797930501,0.07062476090013825
185026,0,0.6544165607499193,0.1750373181573635,0.04885667182373199,0.04885667182373199,0.005033663083340072,0.09419197866293716,0.19161134666179774,0.7621560583200926,0.12335089543153499,0.035053438162021555,0.04836476587169211,0.004663963642940951,0.0041757339753409894,0.025496407643006924,0.8318995300145732,0.07762284936157182,0.01893774972020046,0.027698004141714458,0.002504361665996345,0.0028415399031442856,0.03581221776335297,0.2914071258666016,0.4354350041166579,0.18409338690176047,0.18409338690176047,0.015685371990569297,0.0722234797930501,0.07062476090013825
185026,0,0.6544165607499193,0.1750373181573635,0.04885667182373199,0.04885667182373199,0.005033663083340072,0.09419197866293716,0.19161134666179774,0.7621560583200926,0.12335089543153499,0.035053438162021555,0.04836476587169211,0.004663963642940951,0.0041757339753409894,0.025496407643006924,0.8318995300145732,0.07762284936157182,0.01893774972020046,0.027698004141714458,0.002504361665996345,0.0028415399031442856,0.03581221776335297,0.2914071258666016,0.4354350041166579,0.18409338690176047,0.18409338690176047,0.015685371990569297,0.0722234797930501,0.07062476090013825
