{
  "timestamp": "2026-02-19T11:06:05.901286",
  "models": [
    "Logistic_Regression",
    "Random_Forest",
    "Gradient_Boosting",
    "Neural_Network"
  ],
  "performance": {
    "Logistic_Regression": {
      "accuracy": 0.736447850572352,
      "auc": 0.8158962157185625,
      "f1": 0.6965941190378417,
      "precision": 0.7234672249793217,
      "recall": 0.6716459098217071
    },
    "Random_Forest": {
      "accuracy": 0.7486515408645271,
      "auc": 0.8362820116487849,
      "f1": 0.740172525532438,
      "precision": 0.6925932121871144,
      "recall": 0.7947711947783936
    },
    "Gradient_Boosting": {
      "accuracy": 0.7544182979689341,
      "auc": 0.8378670441306139,
      "f1": 0.7281754933807122,
      "precision": 0.7261295441258934,
      "recall": 0.7302330045833033
    },
    "Neural_Network": {
      "accuracy": 0.7522672489271778,
      "auc": 0.8358653021719455,
      "f1": 0.7284393125225871,
      "precision": 0.7194920709228159,
      "recall": 0.737611882993785
    }
  }
}