Model,K,DI_RACE,V_DI_RACE,SPD_RACE,V_SPD_RACE,EOPP_RACE,V_EOPP_RACE,EOD_RACE,V_EOD_RACE,TI_RACE,V_TI_RACE,PP_RACE,V_PP_RACE,CAL_RACE,V_CAL_RACE,DI_SEX,V_DI_SEX,SPD_SEX,V_SPD_SEX,EOPP_SEX,V_EOPP_SEX,EOD_SEX,V_EOD_SEX,TI_SEX,V_TI_SEX,PP_SEX,V_PP_SEX,CAL_SEX,V_CAL_SEX,DI_ETHNICITY,V_DI_ETHNICITY,SPD_ETHNICITY,V_SPD_ETHNICITY,EOPP_ETHNICITY,V_EOPP_ETHNICITY,EOD_ETHNICITY,V_EOD_ETHNICITY,TI_ETHNICITY,V_TI_ETHNICITY,PP_ETHNICITY,V_PP_ETHNICITY,CAL_ETHNICITY,V_CAL_ETHNICITY,DI_AGE_GROUP,V_DI_AGE_GROUP,SPD_AGE_GROUP,V_SPD_AGE_GROUP,EOPP_AGE_GROUP,V_EOPP_AGE_GROUP,EOD_AGE_GROUP,V_EOD_AGE_GROUP,TI_AGE_GROUP,V_TI_AGE_GROUP,PP_AGE_GROUP,V_PP_AGE_GROUP,CAL_AGE_GROUP,V_CAL_AGE_GROUP
Logistic Regression,1,0.6245946620104764,0,0.18980158062888852,0,0.1871657754010695,0,0.1871657754010695,0,0.013713127737555467,1,0.21603475513428116,0,0.45513361234572924,0,0.6968408784198258,0,0.16851132024004362,0,0.08209517918623044,1,0.1284269495168175,0,0.008647700497108321,1,0.02101264369408873,1,0.12360998009114288,0,0.7731661316713089,0,0.10906197453759309,0,0.05655898205051557,1,0.06660977574744886,1,0.004079040733824549,1,0.001379250097857887,1,0.09259058277140292,0,0.19501931741008074,0,0.518974047938319,0,0.4105804240736774,0,0.4105804240736774,0,0.02411787128814686,1,0.0796400596427943,1,0.21595060602265273,0
Logistic Regression,2,0.43068455452356375,0,0.27829157558432827,0,0.1346051934287229,0,0.17381489841986456,0,0.009572862663803833,1,0.20945256715402927,0,0.4500587090889847,0,0.6648997590382444,0,0.18594201076417943,0,0.10679339749891403,0,0.12243794835334117,0,0.009337892806117257,1,0.013241127976058586,1,0.12845418280614052,0,0.7452551650814632,0,0.11938881243212052,0,0.06375800351110972,1,0.07638283034520973,1,0.0016683766957663326,1,0.02087618264088853,1,0.10003955821049962,0,0.19687149280922303,0,0.5055339852955079,0,0.3504477749629219,0,0.3504477749629219,0,0.016188350244986015,1,0.06476651763537011,1,0.16679056122703861,0
Logistic Regression,3,0.4958634043302235,0,0.24079367748444594,0,0.22352941176470587,0,0.22352941176470587,0,0.021945025316202647,1,0.1376811594202899,0,0.5280794426905149,0,0.6934616459757869,0,0.16553734261394099,0,0.0769702140526125,1,0.12149869548818976,0,0.013610510044691673,1,0.020599967748232473,1,0.1041151029157858,0,0.7867071609204672,0,0.0985525880813839,1,0.04391795311606639,1,0.06744001613771858,1,0.005024964354131911,1,0.018136781127097823,1,0.0968172686566105,0,0.17443825235059116,0,0.5240058287435292,0,0.4567193920988945,0,0.4567193920988945,0,0.024305091928866512,1,0.09440518052740676,1,0.2447785341691564,0
Logistic Regression,4,0.40613088962776733,0,0.30784429123928037,0,0.3197691197691198,0,0.3197691197691198,0,0.008550920033569137,1,0.09268940692492289,1,0.5305491674353474,0,0.6795622581711616,0,0.1781290676354625,0,0.11139981273408239,0,0.11407612932065328,0,0.01330510723714888,1,0.005388597789734995,1,0.11420767061528986,0,0.7794766360004685,0,0.10366405676535356,0,0.06516409428489323,1,0.06516409428489323,1,0.0007897769525126302,1,0.001216313876454489,1,0.0922637929304777,0,0.19725740377853043,0,0.507121819768653,0,0.4214229199259139,0,0.4214229199259139,0,0.026836735288247468,1,0.07592084702596646,1,0.1846607728993442,0
Logistic Regression,5,0.6439225098577062,0,0.17462586177904826,0,0.23057644110275688,0,0.23057644110275688,0,0.048707022526799176,1,0.1880952380952381,0,0.6433781156146893,0,0.6700547535411744,0,0.1829487061685276,0,0.10108403975416358,0,0.12895694094775803,0,0.014151297485764963,1,0.016677235941514712,1,0.10147581123891228,0,0.7771355512345843,0,0.1042824737642396,0,0.05684575789077362,1,0.07661681957538279,1,0.0017717421249717202,1,0.030000369224319257,1,0.10599167968427214,0,0.2131697985373533,0,0.49280321101189367,0,0.37181037120341354,0,0.37181037120341354,0,0.02478218896820368,1,0.11788200387994974,0,0.16931072365899813,0
Logistic Regression,6,0.5148026315789473,0,0.24802421388935597,0,0.033143107989464404,1,0.15384615384615385,0,0.020554357089064196,1,0.12551546391752577,0,0.3473980636478138,0,0.6845676557747433,0,0.17130574171298257,0,0.08560428660850916,1,0.1238976674191121,0,0.013802463875757356,1,0.02009456264775411,1,0.09058276971971833,0,0.747635161619065,0,0.11773571104753272,0,0.07754720069846122,1,0.07967632635640684,1,0.001001391973121657,1,0.028067875337129178,1,0.0987811245475052,0,0.2038581077695795,0,0.49410613844567,0,0.39988769764959975,0,0.39988769764959975,0,0.016091616411420803,1,0.11951873576446015,0,0.22405749977114733,0
Logistic Regression,7,0.6255829447035309,0,0.1890028585841601,0,0.1728395061728395,0,0.1728395061728395,0,0.014011493977787712,1,0.0711013010334326,1,0.35116876175119555,0,0.6535373021341289,0,0.1923835157580252,0,0.10538519158554571,0,0.1472832109111883,0,0.011783314612906715,1,0.035862582111070074,1,0.11280630048990259,0,0.7586796057360929,0,0.11180134743913,0,0.07256766712681628,1,0.08005871725383922,1,0.002483152235995406,1,0.03388872886801231,1,0.1138779307992408,0,0.1762094195520332,0,0.519675528825733,0,0.4340550863327005,0,0.4340550863327005,0,0.018351609619248227,1,0.047724469212126475,1,0.14795249116015433,0
Logistic Regression,8,0.5339930052034462,0,0.229653606860602,0,0.2318376068376068,0,0.2318376068376068,0,0.025080586690477316,1,0.05890709726474175,1,0.6782463202718939,0,0.6869185060393423,0,0.1695645285398668,0,0.11267220530620836,0,0.11267220530620836,0,0.016370885672692195,1,0.003693344807802701,1,0.15612674175179883,0,0.7398612084460839,0,0.12183076599593656,0,0.08208329305013184,1,0.08208329305013184,1,0.0019407144801302928,1,0.02402801822288536,1,0.1278711145351646,0,0.20673784070995757,0,0.49643693955569645,0,0.3835904483942534,0,0.3835904483942534,0,0.02148529552813372,1,0.06156266102568275,1,0.15811026158434194,0
Logistic Regression,9,0.6063932838230546,0,0.20497729947872878,0,0.07792207792207795,1,0.12592605414387592,0,0.020842858929397044,1,0.20657276995305163,0,0.45093701997181385,0,0.6698700791211537,0,0.18531723028703967,0,0.08003712195913026,1,0.14882837877644567,0,0.008179619509609208,1,0.03569377990430622,1,0.125423632669986,0,0.7459533448388155,0,0.12144703692236658,0,0.07182358670412414,1,0.07444435663595127,1,0.0010661588091648022,1,0.010804365593937493,1,0.10692373907448524,0,0.2197634314092886,0,0.5043711592425076,0,0.38808407881016405,0,0.38808407881016405,0,0.0204930239256371,1,0.07735252298928996,1,0.22224949923827317,0
Logistic Regression,10,0.6620027658016758,0,0.17466789978140235,0,0.3224177384991715,0,0.3224177384991715,0,0.10293051557317826,0,0.12840328141719182,0,0.8423019938860938,0,0.6713400407595469,0,0.1797220134449689,0,0.08010273413368874,1,0.12935177226254074,0,0.011404824536783847,1,0.019117678506511582,1,0.10266666578569131,0,0.7485158757037339,0,0.11709588755643974,0,0.06634427682657873,1,0.07438834336591983,1,0.003681317115017152,1,0.018086421052501134,1,0.09226995760867357,0,0.1832677137157263,0,0.5158710820165092,0,0.4151175621763857,0,0.4151175621763857,0,0.019193467466478514,1,0.07179477805026213,1,0.15500317749908538,0
Logistic Regression,11,0.43566768160069597,0,0.2727005212712292,0,0.17803030303030298,0,0.17803030303030298,0,0.02343739171317405,1,0.2583333333333333,0,0.45148813706247015,0,0.6975636497191314,0,0.16308005064514197,0,0.07694860793006231,1,0.11708911714552667,0,0.012611555232536029,1,0.008446519705282651,1,0.0857949143571401,0,0.732733748035491,0,0.12552636758475844,0,0.09981085589072158,1,0.09981085589072158,1,0.005808512117696299,1,0.006208723751215506,1,0.13368345312663796,0,0.18228285239082345,0,0.5198008657529449,0,0.41612817326469015,0,0.41612817326469015,0,0.018104405561285813,1,0.11156634100220608,0,0.16876533939765298,0
Logistic Regression,12,0.6110794761246238,0,0.20098368925508658,0,0.13663967611336036,0,0.13663967611336036,0,0.027966361594838826,1,0.08999999999999997,1,0.4925336713761426,0,0.6798096748612212,0,0.1754764298798449,0,0.10145664234922147,0,0.11723689579362132,0,0.012984367165703503,1,0.013111962537249888,1,0.12234773069407903,0,0.7598544698433399,0,0.11246986824139343,0,0.053392326322444394,1,0.08524501039764659,1,0.0042659044360000425,1,0.039470410280094015,1,0.09041030186797239,0,0.1988837645782552,0,0.49945090176399126,0,0.3866998068559201,0,0.3866998068559201,0,0.014942275330663626,1,0.08327461579687634,1,0.1897320155800778,0
Logistic Regression,13,0.42105263157894735,0,0.2894736842105263,0,0.41630591630591635,0,0.41630591630591635,0,0.070147461447368,1,0.0866883116883117,1,0.4964590890543056,0,0.6793613733649668,0,0.17689513892708214,0,0.09151324732636923,1,0.13985027820680368,0,0.01019915317371714,1,0.03793332455021747,1,0.1027726954506819,0,0.7886387960495731,0,0.09872393445775379,1,0.06973178399292879,1,0.06973178399292879,1,0.007611927171344068,1,0.003864198085120396,1,0.0745756003662763,0,0.1832178181030945,0,0.5190127964743787,0,0.4184679370225603,0,0.4184679370225603,0,0.020533532562019216,1,0.0854014598540146,1,0.18625116605529063,0
Logistic Regression,14,0.7122506234413966,0,0.14709233306510078,0,0.11404170668130054,0,0.11404170668130054,0,0.02491759176184393,1,0.07925204669863872,1,0.5054002575326008,0,0.6740771440483557,0,0.18104855055855756,0,0.09230306111720044,1,0.1422668289228199,0,0.006794380366159175,1,0.039135502422108615,1,0.11865124412549252,0,0.7270145823166337,0,0.13013458651691895,0,0.06328771653824838,1,0.08519064465408806,1,0.0008567170782502326,1,0.021137197071052216,1,0.09735658803287223,0,0.18048238499132255,0,0.5236237313287958,0,0.39186800602462135,0,0.39186800602462135,0,0.02131883287888859,1,0.10057986162958543,0,0.16576474822857423,0
Logistic Regression,15,0.7286549707602339,0,0.13719692489651097,0,0.05787545787545789,1,0.07867145685167534,1,0.009169891529010349,1,0.026883277657271498,1,0.6202074323646808,0,0.6795423816952678,0,0.17406472303460385,0,0.08155707270131674,1,0.13656646086973248,0,0.009105469296928959,1,0.03157509157509153,1,0.09274809213901272,0,0.723324823744976,0,0.12918107513875005,0,0.0703121153236177,1,0.07426295307106873,1,0.0007427776622642157,1,0.00026151604587731914,1,0.08373391288688492,0,0.19877960362052158,0,0.49807648186989173,0,0.438586857654914,0,0.438586857654914,0,0.02310672771693352,1,0.15162533851311044,0,0.18369091108493396,0
Logistic Regression,16,0.7162471395881006,0,0.14595594417353291,0,0.18391886240066913,0,0.18391886240066913,0,0.034210544379916386,1,0.04287740886558167,1,0.4231554846076195,0,0.6745368928794339,0,0.18072548809244537,0,0.09351504758797768,1,0.14257806782527777,0,0.01031958356639906,1,0.033461945847001906,1,0.11802056059155797,0,0.7563470764362634,0,0.11535453579125432,0,0.08214329145043231,1,0.08214329145043231,1,0.0033405479250162434,1,0.01341039741549277,1,0.10743480160869545,0,0.19799131286840943,0,0.5065614588276112,0,0.388306571386625,0,0.388306571386625,0,0.015401167067162935,1,0.07429728992983553,1,0.23022756080096005,0
Logistic Regression,17,0.5156082695000411,0,0.24722549184462755,0,0.23076923076923084,0,0.23076923076923084,0,0.025020440924154917,1,0.08415992934302596,1,0.8023927085798781,0,0.6859735247646017,0,0.17251754531480962,0,0.08706555914075453,1,0.13577212739127628,0,0.010520168385936876,1,0.03404613453625205,1,0.10595101584099986,0,0.7656684103874736,0,0.11036555845122042,0,0.0693439362297894,1,0.07476889655224798,1,0.002838233523524636,1,0.021662934532602818,1,0.09606592254625723,0,0.20127181648220677,0,0.5037294907088031,0,0.39451424584413863,0,0.39451424584413863,0,0.02215720075798261,1,0.09250000000000003,1,0.187391611645484,0
Logistic Regression,18,0.5893025246041934,0,0.20174037329746092,0,0.14372822299651566,0,0.14372822299651566,0,0.015789485956818006,1,0.10731707317073169,0,0.40068990684525396,0,0.6710421961744301,0,0.18119496422674736,0,0.09292846748815442,1,0.1315084864987009,0,0.008091417080628507,1,0.022712431827858204,1,0.10993762782256328,0,0.7712330052660376,0,0.10652219710631927,0,0.06603714913553638,1,0.06603714913553638,1,0.0005397566074624577,1,0.0013048093342116207,1,0.12314840435288676,0,0.2161913943033176,0,0.4867979338572963,0,0.35646190994372406,0,0.35646190994372406,0,0.01795549505658603,1,0.07633815252179665,1,0.18216263339864908,0
Logistic Regression,19,0.5164164329318593,0,0.24642676979989914,0,0.049003549003548974,1,0.13241056756415118,0,0.019865306011590693,1,0.038945371064467715,1,0.5498662944680521,0,0.6970387517662268,0,0.16631403834791703,0,0.09821862212570687,1,0.12704699236451672,0,0.0098626285393687,1,0.028604896046756534,1,0.1226578824944714,0,0.7688369996450767,0,0.10971855469506658,0,0.06118549100560311,1,0.09214005663605054,1,0.0019320056384452972,1,0.04921085882272136,1,0.11383684599391075,0,0.21114291945318595,0,0.4977050939940206,0,0.35371934383628384,0,0.35371934383628384,0,0.02140596178453387,1,0.06977174168823741,1,0.17997489114990042,0
Logistic Regression,20,0.5893025246041934,0,0.20174037329746092,0,0.18143459915611815,0,0.18143459915611815,0,0.01884284684990259,1,0.15430622009569372,0,0.5266937544816408,0,0.6879803328474448,0,0.1736174731102172,0,0.07403880440482435,1,0.1185952276040802,0,0.007800159607024154,1,0.002254656261759025,1,0.0873236314679593,0,0.7844561380686286,0,0.10174355862759965,0,0.061994674694154206,1,0.061994674694154206,1,0.0008556799631924822,1,0.017918273241492644,1,0.0909879359417195,0,0.19810885608856088,0,0.5059662398137369,0,0.3794632621892074,0,0.3794632621892074,0,0.009838995360697073,1,0.08085428336297751,1,0.13035758572256959,0
Logistic Regression,21,0.5601561864475718,0,0.22729947872877077,0,0.20029368575624085,0,0.20029368575624085,0,0.03187327599568547,1,0.07522601681099284,1,0.48341591461188615,0,0.6915773013749436,0,0.1669922245009166,0,0.07898406996977148,1,0.1357284215546018,0,0.00500625041419174,1,0.04173329714581575,1,0.09223792143333354,0,0.7518729249890841,0,0.11605999115719867,0,0.0825748749862667,1,0.0825748749862667,1,0.005815901744739491,1,0.001070926934253369,1,0.09337960630940134,0,0.18599308200781103,0,0.5107902880002172,0,0.4232809981709857,0,0.4232809981709857,0,0.0159178481844945,1,0.09919617953705706,1,0.14317890147057943,0
Logistic Regression,22,0.6524231370505471,0,0.16823608542122082,0,0.13377926421404684,0,0.13377926421404684,0,0.02123400348532166,1,0.08823529411764708,1,0.405051651600866,0,0.6983534044952122,0,0.16408622585237892,0,0.08092275140970195,1,0.12328234147889189,0,0.010570244588005664,1,0.016812213688819022,1,0.08496136696445439,0,0.7607346403226003,0,0.11212173950537302,0,0.07787407383475486,1,0.07787407383475486,1,0.0002873317811033643,1,0.016603650409378945,1,0.07457590871638478,0,0.17176946276472344,0,0.5260098086678313,0,0.4166544289719907,0,0.4166544289719907,0,0.017419133041784204,1,0.055262439244880945,1,0.1483603287937628,0
Logistic Regression,23,0.4767304112370959,0,0.25996300655792837,0,0.19166666666666665,0,0.19166666666666665,0,0.01639207855520476,1,0.1371069182389938,0,0.6825689057010977,0,0.6680281905815236,0,0.18456979901038173,0,0.08703789152303965,1,0.13625088913635378,0,0.006220606459470895,1,0.015559771187445115,1,0.09918610291255045,0,0.7647675965989106,0,0.11032881236589082,0,0.06173858631561213,1,0.09016766126740552,1,0.0005794593555532579,1,0.047119743198209774,1,0.11245689149921179,0,0.19180744407750036,0,0.5101622141359217,0,0.41984977622622793,0,0.41984977622622793,0,0.01783902681856627,1,0.11808278867102395,0,0.18630921633906786,0
Logistic Regression,24,0.8194464006097713,1,0.08681570833300134,1,0.10526315789473684,0,0.10526315789473684,0,0.01883015748986478,1,0.05244507441530821,1,0.36116945900609476,0,0.7031708791496536,0,0.16083977723742526,0,0.07934901478471945,1,0.12421038250871722,0,0.009731155376908565,1,0.029473801007835698,1,0.13698692720871955,0,0.7967179471233451,0,0.09471381893633485,1,0.05979312211207888,1,0.06221937415333906,1,0.00047476360908835225,1,0.015622382308594474,1,0.08439329315703181,0,0.19996885064129197,0,0.5003199191506041,0,0.3985684982183129,0,0.3985684982183129,0,0.014506108438890039,1,0.09405888324024048,1,0.15783858247648508,0
Logistic Regression,25,0.41904443142833236,0,0.2918698503447116,0,0.3125,0,0.3125,0,0.020443891500408838,1,0.2777777777777778,0,0.35842730686027846,0,0.693469797582821,0,0.17040442435449626,0,0.07634715392865099,1,0.137022424419362,0,0.004321218837442672,1,0.030266678490992405,1,0.12280470220799555,0,0.7388676597585381,0,0.12635901790967713,0,0.07831968994494343,1,0.07831968994494343,1,0.00016625606392448034,1,0.0033492974904806294,1,0.09817227266893752,0,0.18105238296419768,0,0.5248555976092234,0,0.4185677127750299,0,0.4185677127750299,0,0.016456812547817563,1,0.07631457101992078,1,0.17651447727832426,0
Logistic Regression,26,0.5743598298440237,0,0.21451992601311587,0,0.1923076923076923,0,0.1923076923076923,0,0.03309679596839272,1,0.07450810185185186,1,0.5406732141629512,0,0.6980207351555137,0,0.16411916567635126,0,0.07921533347409349,1,0.1153669346596975,0,0.009278326433706352,1,0.01114343370810067,1,0.11247020948716191,0,0.7575541683341362,0,0.11408427025029033,0,0.09291138999467885,1,0.09291138999467885,1,0.005202534544060819,1,0.01716748938726187,1,0.1108168841145517,0,0.19294254670205585,0,0.5141392475785292,0,0.39570613527772486,0,0.39570613527772486,0,0.022887737874667746,1,0.09682667924624955,1,0.19999238029808503,0
Logistic Regression,27,0.518856195607128,0,0.24403060366571377,0,0.15146326276463262,0,0.15146326276463262,0,0.006987921567108091,1,0.11574803149606305,0,0.47006783531145846,0,0.690811447202755,0,0.16732355283066874,0,0.09790162911417077,1,0.12050421593332039,0,0.012818308992239402,1,0.02173803072913094,1,0.09699140585398458,0,0.7865902493454558,0,0.09837726208381364,1,0.0635863216680268,1,0.06636062861869314,1,0.0026594395917290264,1,0.019898320491274823,1,0.08892583413616664,0,0.19948860492504175,0,0.4993963919594665,0,0.37979682605331055,0,0.37979682605331055,0,0.021679629647773334,1,0.051804093426695896,1,0.1852623391088596,0
Logistic Regression,28,0.4278879015721121,0,0.281486463763242,0,0.4857594936708861,0,0.4857594936708861,0,0.07145917390726185,1,0.4442771084337349,0,0.9763744193839015,0,0.7150348766474058,0,0.1508454986479722,0,0.05859524828328433,1,0.12238683368246439,0,0.00918710343659851,1,0.030448224230607668,1,0.10825643124630327,0,0.7240262614807024,0,0.1296804165431984,0,0.10312516286220563,0,0.10312516286220563,0,0.0019562544429538864,1,0.018137178970847878,1,0.11243295891333946,0,0.17987970686740953,0,0.5094715386966496,0,0.42194902736748224,0,0.42194902736748224,0,0.01651065041762663,1,0.07061178172386273,1,0.17505647217520062,0
Logistic Regression,29,0.47904089788283305,0,0.2575668404237431,0,0.4024691358024691,0,0.4024691358024691,0,0.013653462015113207,1,0.3746185604020822,0,0.6698210637780928,0,0.681477217705136,0,0.17953572859036077,0,0.0868065717784402,1,0.14160816805682735,0,0.00781467153760855,1,0.029051638123596568,1,0.090343543478557,0,0.7614892215744633,0,0.11504521002832202,0,0.060058465905262204,1,0.0809833120992502,1,0.0034053720990425,1,0.022635690326647362,1,0.10667644510482222,0,0.19789110852504038,0,0.5184640371471256,0,0.4083132672798326,0,0.4083132672798326,0,0.027372007328387224,1,0.09258586885483988,1,0.15165031828551612,0
Logistic Regression,30,0.6840284101256602,0,0.14587186816882464,0,0.19058553386911592,0,0.19058553386911592,0,0.06903633285614441,1,0.14821222606689743,0,0.4516300234345594,0,0.6797760114052328,0,0.17654042367968842,0,0.09323286420060606,1,0.11661647833250072,0,0.011733925758098424,1,0.007173350457016392,1,0.1407212597814244,0,0.7698695962982175,0,0.10798037358959395,0,0.05739222912884834,1,0.07961934864731648,1,0.001231470825317299,1,0.03422242702216127,1,0.1157089818541015,0,0.17741653660021006,0,0.5233386293348522,0,0.42501615088048356,0,0.42501615088048356,0,0.017588051970249312,1,0.08988919525620398,1,0.20534413379028132,0
Random Forest,1,0.5893025246041934,0,0.20174037329746092,0,0.213903743315508,0,0.213903743315508,0,0.010060111562190763,1,0.14752402069475234,0,0.5564274623854764,0,0.7603640040444893,0,0.12606382978723407,0,0.03957682585178168,1,0.06256629109781185,1,0.004776234867576799,1,0.0021587624121749416,1,0.058342910930845315,0,0.8276039868921757,1,0.08098326527344063,1,0.025731852005967837,1,0.025731852005967837,1,0.003049984905958779,1,0.01936796726361667,1,0.08936113289909547,0,0.26292909057980085,0,0.4657492225620201,0,0.27527307774684084,0,0.27527307774684084,0,0.011790525943901377,1,0.059139402560455134,1,0.11496660883904342,0
Random Forest,2,0.48137388926862607,0,0.25517067428955775,0,0.2061473237943826,0,0.2061473237943826,0,0.010921923579919827,1,0.05725693225693229,1,0.35709162864915145,0,0.7437046537888226,0,0.13300068597292442,0,0.03535523226002402,1,0.06088307947532973,1,0.0052557055201321035,1,0.0012007873888436604,1,0.07420257896886784,0,0.8042785279428275,1,0.08972237903808933,1,0.044726471602532625,1,0.044726471602532625,1,0.0009683888701227383,1,0.01769020501551455,1,0.05644402206514143,0,0.2620742035856757,0,0.45756937282351634,0,0.20359923076377207,0,0.20359923076377207,0,0.022152419287818775,1,0.08062385693964635,1,0.11603484128057012,0
Random Forest,3,0.39023955828657936,0,0.28783420211871535,0,0.38235294117647056,0,0.38235294117647056,0,0.013904586714078286,1,0.15881073241479327,0,0.7172693503259249,0,0.7423271538141626,0,0.1319719769269811,0,0.05110735634562602,1,0.057959596812856465,1,0.0006570803608239723,1,0.0038029768022380672,1,0.07341557339365756,0,0.8251555265785242,1,0.07868717292801058,1,0.040290880503144666,1,0.040290880503144666,1,0.0008809186000969388,1,0.014036380230311063,1,0.05765963611814706,0,0.23442031230130655,0,0.47638819172199925,0,0.31072055856109515,0,0.31072055856109515,0,0.011995543643723787,1,0.07873030583873952,1,0.2669299287965792,0
Random Forest,4,0.5030132583366813,0,0.26000504456028256,0,0.24931506849315066,0,0.24931506849315066,0,0.016524379778008434,1,0.052301834544825176,1,0.5183000013423722,0,0.7592137895244243,0,0.12587609236564734,0,0.045587546816479474,1,0.0508932252878614,1,0.0032011434580069484,1,0.013121350168157742,1,0.061904570714494844,0,0.8202858759391406,1,0.0835474268004241,1,0.0376132083305718,1,0.0376132083305718,1,0.0012994123273322583,1,0.007475848695723153,1,0.07874550629944954,0,0.273133295590363,0,0.45232469721668334,0,0.258489777202352,0,0.258489777202352,0,0.013612326404593748,1,0.06212855771290737,1,0.17555385761597148,0
Random Forest,5,0.7544406126005859,0,0.11885701977958862,0,0.0398532388663968,1,0.0398532388663968,1,0.01910577745980202,1,0.08778877887788772,1,0.4881962790781851,0,0.7237717642381435,0,0.1457500567653811,0,0.06461460725954349,1,0.0651538340789577,1,1.5279029082562734e-06,1,0.0026905643009627056,1,0.07098906550595357,0,0.8502666192359917,1,0.06807182487160018,1,0.01942801565381236,1,0.029325182461696145,1,0.004190166852242876,1,0.00036384226659313956,1,0.0603405411054998,0,0.2617444235883867,0,0.45565154879716546,0,0.2633336365365373,0,0.2633336365365373,0,0.027469897974340643,1,0.10657911194496561,0,0.19076756925458616,0
Random Forest,6,0.5196745807737008,0,0.24323188162098536,0,0.1691542288557214,0,0.1691542288557214,0,0.016548415427809195,1,0.089589905362776,1,0.795153060992019,0,0.7543309291247997,0,0.12473765273032728,0,0.04783355636473696,1,0.04783355636473696,1,0.0015956006591337502,1,0.016029000351138745,1,0.05500785107986572,0,0.8305935394399778,1,0.07613434770958971,1,0.035145148968678375,1,0.035145148968678375,1,0.001617687806490485,1,0.007931697054953335,1,0.0649262351176354,0,0.26258291718759663,0,0.4501405784769109,0,0.27211079371039193,0,0.27211079371039193,0,0.01064523257654025,1,0.11209737827715349,0,0.14212641232929957,0
Random Forest,7,0.7380210526315789,0,0.13078022532369266,0,0.06648249660582006,1,0.07491731312766853,1,0.010588691505414666,1,0.08039831753914761,1,0.489079819019567,0,0.7214362303646199,0,0.14574936868982158,0,0.0529763684329837,1,0.07850907597814899,1,0.004579146125435904,1,0.01719121177254601,1,0.10175237571105433,0,0.8314187123021148,1,0.07605468251233599,1,0.03250738075048942,1,0.034842667871123154,1,0.0008628808238080946,1,0.0076857996308423715,1,0.13938590497199643,0,0.23790798803434035,0,0.47338813095933835,0,0.30043876641741896,0,0.30043876641741896,0,0.011846652201795836,1,0.04915414755529146,1,0.17753887023609238,0
Random Forest,8,0.5331289388519843,0,0.2304523289053304,0,0.28739316239316237,0,0.28739316239316237,0,0.017460392927315493,1,0.0811034809377219,1,0.5516884273153941,0,0.7678462747720008,0,0.11683429728032257,0,0.052338945570372,1,0.052338945570372,1,0.001671111767939347,1,0.02073134566992918,1,0.07283394829716816,0,0.8060723340688256,1,0.08802676450791352,1,0.038951263631485045,1,0.04125128899973622,1,0.0035007637882704945,1,0.005992703518642006,1,0.07897518806962744,0,0.2650723834342358,0,0.44963708753941833,0,0.2704872646733112,0,0.2704872646733112,0,0.024638436484509786,1,0.0921492962707956,1,0.23914555747673288,0
Random Forest,9,0.550791873300272,0,0.23608542122078358,0,0.16883116883116878,0,0.16883116883116878,0,0.01913637971567414,1,0.14614499424626004,0,0.563005952120124,0,0.7360869826255537,0,0.1405530239111465,0,0.048550732357698134,1,0.06520779588825219,1,0.004858807541930452,1,0.003770755830900141,1,0.07364701358161796,0,0.7902912962199072,0,0.09882823971245752,1,0.06164741440139254,1,0.06164741440139254,1,0.0005073692193575674,1,0.020763719423469773,1,0.09185918728121573,0,0.29291353108929763,0,0.4462293445747276,0,0.22227539652049833,0,0.22227539652049833,0,0.012555880632359427,1,0.09984984984984979,1,0.14204795976063656,0
Random Forest,10,0.7340473940284923,0,0.13637505833363256,0,0.340250927167995,0,0.340250927167995,0,0.06703329184827192,1,0.23364485981308414,0,0.33465086139485617,0,0.7357587820857613,0,0.13691328941197967,0,0.042674899080043294,1,0.05588348366645994,1,0.0020403803217384636,1,0.01326029240711668,1,0.06376592712896079,0,0.8256079700346053,1,0.07908559606119803,1,0.041996470760431004,1,0.041996470760431004,1,0.0009846564002665495,1,0.032633629174252055,1,0.05824904026645761,0,0.2527814730310112,0,0.46707703297570985,0,0.2554395495571966,0,0.2554395495571966,0,0.014267560333894994,1,0.08015421258729971,1,0.11070525125530384,0
Random Forest,11,0.487707756232687,0,0.24878089793173028,0,0.11363636363636365,0,0.11363636363636365,0,0.01608909694562382,1,0.2102564102564103,0,0.5335037769711843,0,0.7499473027975403,0,0.12914131344822588,0,0.04351878325262992,1,0.05557127554678075,1,0.002356756676813433,1,0.011241754805664028,1,0.05075484761847049,0,0.7903406430963626,0,0.09657106804400317,1,0.06782587840268617,1,0.06782587840268617,1,0.005065839974189454,1,0.01289490573412544,1,0.0886883621552591,0,0.25153588717293274,0,0.46578756296533713,0,0.2597332278940657,0,0.2597332278940657,0,0.01961293877385467,1,0.08379228953579865,1,0.200192206392802,0
Random Forest,12,0.6620027658016758,0,0.17466789978140235,0,0.06940340228416264,1,0.06940340228416264,1,0.008152900721148153,1,0.06399598980742716,1,0.856200487274309,0,0.7318741902785625,0,0.14084768516084173,0,0.06973329619930557,1,0.06973329619930557,1,0.001363707626257045,1,0.008791528302752982,1,0.10347252082908628,0,0.820037040519087,1,0.08264542586728646,1,0.033066537610678015,1,0.035617328565631975,1,0.0018564060760425452,1,0.0026600217348189403,1,0.08687786739690173,0,0.2578562604250994,0,0.46251053349593874,0,0.24954232495449302,0,0.24954232495449302,0,0.01874641956381548,1,0.1348494676994696,0,0.28631185509855017,0
Random Forest,13,0.47292873331654495,0,0.26395661678157056,0,0.3701298701298701,0,0.3701298701298701,0,0.05470401594972933,1,0.16249999999999998,0,0.6207005588934807,0,0.7405964370163591,0,0.13584812331803486,0,0.05583451558424024,1,0.07008447685240189,1,0.0017189145763889038,1,0.011068746559930509,1,0.10075486487941876,0,0.8261123415203439,1,0.07995929006317842,1,0.05699016860959627,1,0.05699016860959627,1,0.0059033823599237145,1,0.024131580784806594,1,0.07538495846225313,0,0.25032407414221125,0,0.4706337503007964,0,0.2897043590377508,0,0.2897043590377508,0,0.013686150994760622,1,0.10298020004082464,0,0.36125636360007096,0
Random Forest,14,0.7461089626979251,0,0.12593157680877676,0,0.09195362875565916,1,0.09195362875565916,1,0.02162327397949873,1,0.08523206751054857,1,0.44780795946023544,0,0.7516787743997947,0,0.12720045370108451,0,0.046116654180443195,1,0.05834337500646308,1,0.0033075161401108083,1,0.002575295440344294,1,0.0888430260506266,0,0.7886832080138988,0,0.09686323734092789,1,0.03298800436205018,1,0.03298800436205018,1,0.0024710060103545275,1,0.01018187593350528,1,0.07047227480010654,0,0.24578026189081598,0,0.46871406219923295,0,0.24098929687263826,0,0.24098929687263826,0,0.01746068209248281,1,0.1371284201472881,0,0.17069716186747508,0
Random Forest,15,0.7502233427420459,0,0.12769480792401022,0,0.05201616565252931,1,0.05201616565252931,1,0.03096643489927168,1,0.0608974358974359,1,0.6360678081553773,0,0.7530098067091965,0,0.1272102694692746,0,0.047085072560981156,1,0.05566374319619949,1,0.0007364875587184475,1,0.010924780719024918,1,0.08312647394174277,0,0.7797673314837569,0,0.10158523529192887,0,0.04234632124850701,1,0.04234632124850701,1,4.4711568780136934e-05,1,0.02743871349941851,1,0.056786683262533666,0,0.26181535490683555,0,0.4550357282950268,0,0.261278727403804,0,0.261278727403804,0,0.012345625469231729,1,0.096951563734899,1,0.21903054073449243,0
Random Forest,16,0.6418318523581681,0,0.17622330586850515,0,0.08713230168688135,1,0.08713230168688135,1,0.00911595353003692,1,0.04459212662337664,1,0.558094994808142,0,0.7419677077554325,0,0.1346947956027063,0,0.04515690766414737,1,0.0737647005347334,1,0.004645991888868092,1,0.011955314354628821,1,0.09020515822747885,0,0.8277256029850589,1,0.07909542918274753,1,0.04089635762278665,1,0.04089635762278665,1,0.0025630706683815244,1,0.011151136838363773,1,0.0852438814824627,0,0.2641934279466128,0,0.4575097069793309,0,0.2278612179957732,0,0.2278612179957732,0,0.019959898953972093,1,0.0920024708404491,1,0.2539832646363413,0
Random Forest,17,0.5662828947368421,0,0.22170842441567173,0,0.19871794871794868,0,0.19871794871794868,0,0.026173719020123373,1,0.0627705627705627,1,0.598289969765368,0,0.7518284106773149,0,0.12679361342100087,0,0.04674555415200021,1,0.06477200664152849,1,0.004217948216034453,1,0.005836723166445346,1,0.07740289584546406,0,0.8426535952666561,1,0.07087360968549955,1,0.03374474230900648,1,0.03374474230900648,1,0.00042028920869372627,1,0.01529348111303841,1,0.03889692298338954,1,0.2573215539520302,0,0.45826695379527227,0,0.25866273464526734,0,0.25866273464526734,0,0.026976757051350997,1,0.14413209206861166,0,0.22029493542450396,0
Random Forest,18,0.6745130542892666,0,0.16508323524466112,0,0.07678571428571435,1,0.07993197278911564,1,0.024919371571464677,1,0.07642427049559986,1,0.7629415325708625,0,0.7402049427365883,0,0.13639240506329114,0,0.05807043576123805,1,0.05807043576123805,1,0.0010363566586411438,1,0.016275686028553893,1,0.07251579808209846,0,0.8131864608302438,1,0.08641995353257281,1,0.03752337641649628,1,0.03752337641649628,1,4.243047578523368e-05,1,0.007925885312520142,1,0.06413823900551496,0,0.27121486474268636,0,0.4492278449675121,0,0.24949255016977767,0,0.24949255016977767,0,0.015842715117647573,1,0.09058664964176777,1,0.3447114161879942,0
Random Forest,19,0.7321637426900584,0,0.13477383554733485,0,0.19999999999999996,0,0.19999999999999996,0,0.04066170626599024,1,0.08253968253968258,1,0.3628070831559671,0,0.773266620300809,0,0.11657777763869925,0,0.036165870627800745,1,0.06764556701374327,1,0.004419116180612345,1,0.01376275684593986,1,0.09785320897848965,0,0.8491488732786201,1,0.06938943327280611,1,0.022312515225725416,1,0.03995628263902089,1,0.0015901736926502291,1,0.014331819800569745,1,0.13791858771521304,0,0.26948207889806697,0,0.45564105246074604,0,0.23197986032158524,0,0.23197986032158524,0,0.020880596458382368,1,0.07915236787920388,1,0.1825099632383883,0
Random Forest,20,0.6407916062441354,0,0.17702202791323357,0,0.10708280790248004,0,0.10708280790248004,0,0.03408536979457999,1,0.09778911564625847,1,0.7327477781107377,0,0.7329808100304833,0,0.14324192965997712,0,0.037885085025095466,1,0.06692881844765199,1,0.0034301653267223425,1,0.00944261969364879,1,0.05443000192456815,0,0.8077797179919282,1,0.09004890370463142,1,0.03170980027536863,1,0.03564034967288528,1,0.0007206831219414359,1,0.007584721155253105,1,0.062437489406527824,0,0.26485510022475295,0,0.4580320725957069,0,0.21376834597843453,0,0.21376834597843453,0,0.016182043865471556,1,0.07375113533151678,1,0.14607423919228046,0
Random Forest,21,0.6008638617821148,0,0.2097696317470994,0,0.20264317180616742,0,0.20264317180616742,0,0.03433009004315746,1,0.06933890577507595,1,0.4989027117727015,0,0.7619995026948563,0,0.12198498771365052,0,0.04126989609133702,1,0.06347162613257035,1,0.004312365084364757,1,0.007065670948370073,1,0.07412298165702813,0,0.8168182947630989,1,0.08398674950701407,1,0.04655558202499954,1,0.04655558202499954,1,0.005284817424205522,1,0.023656655922206227,1,0.043862841148825216,1,0.2532502720214929,0,0.4640689910261965,0,0.2949520192416917,0,0.2949520192416917,0,0.008672912879136054,1,0.14138576779026213,0,0.23782318984340745,0
Random Forest,22,0.6567581745060326,0,0.16504119724230704,0,0.07134894091415822,1,0.07134894091415822,1,0.013710219640486417,1,0.05897435897435899,1,0.5459095319355551,0,0.7382031543919332,0,0.13812956453728892,0,0.060221649325705395,1,0.06659250060951033,1,0.0028573926765905755,1,0.0004147237782334834,1,0.07807450010820255,0,0.8129563095724786,1,0.08641680600463725,1,0.04789943568536226,1,0.04789943568536226,1,0.0006277854108419495,1,0.0013008490578664267,1,0.0713789900619135,0,0.23191630908425637,0,0.4860321202298512,0,0.2888714269151992,0,0.2888714269151992,0,0.015274089329176524,1,0.09687315634218285,1,0.14229067256910077,0
Random Forest,23,0.5603293949158611,0,0.2064906675634774,0,0.12222222222222223,0,0.12222222222222223,0,0.02918187107496846,1,0.09999999999999998,1,0.8847610936631971,0,0.7279486496791837,0,0.1426375184642183,0,0.05354248440412479,1,0.05566465951944276,1,0.004312752175625524,1,0.014827494143585529,1,0.06751512545662797,0,0.8583183839319527,1,0.06394066613319621,1,0.01370364130827173,1,0.03319553390135911,1,0.0022706527210398716,1,0.008440990183081643,1,0.09091854586780479,0,0.2563603507128037,0,0.4604792652702602,0,0.2862775625565458,0,0.2862775625565458,0,0.012388747874860523,1,0.13241078452406496,0,0.15796088569349198,0
Random Forest,24,0.8454973676918816,1,0.07318545740910876,1,0.10125858123569798,0,0.10125858123569798,0,0.031600599332392294,1,0.030856510308565066,1,0.36576799741071503,0,0.7666735063173884,0,0.11898569489677768,0,0.04023226060826335,1,0.0568511022526378,1,0.003937611759450392,1,0.004250861748723578,1,0.09132601931612949,0,0.8624314943368652,1,0.0621264902347628,1,0.00838436788982544,1,0.03183971289424743,1,0.004156363661658245,1,0.008231707317073123,1,0.12141332933352622,0,0.25656497419047086,0,0.45908444394801523,0,0.26061200667667195,0,0.26061200667667195,0,0.014146032208898263,1,0.0677708898359809,1,0.22404980111891476,0
Random Forest,25,0.41573966461896067,0,0.2958634605683538,0,0.3383685800604229,0,0.3383685800604229,0,0.015320820053303943,1,0.2928082191780822,0,0.6932689706204033,0,0.7541296642645078,0,0.1287514553797685,0,0.04387988425504363,1,0.06422825091847473,1,0.003439082429616304,1,0.0001382725044711819,1,0.04689919071649784,1,0.8066584702664855,1,0.09045421035658685,1,0.029493262822370303,1,0.03293092106298533,1,0.002233759737420571,1,0.013178190417327373,1,0.08844605272867434,0,0.2386408850437203,0,0.4765919379533573,0,0.26799953095684803,0,0.26799953095684803,0,0.01620683026496276,1,0.06985353291485585,1,0.18164681509553793,0
Random Forest,26,0.6407916062441354,0,0.17702202791323357,0,0.10256410256410253,0,0.10256410256410253,0,0.016362346106094175,1,0.049972987574284145,1,0.5619336817593485,0,0.7576335269238781,0,0.12351753113290526,0,0.02952781084281686,1,0.057021804922044964,1,0.0064836211270054706,1,0.001056628244354041,1,0.08017911544698544,0,0.8370654823003901,1,0.07353901026945342,1,0.03572603586038803,1,0.03572603586038803,1,0.00031767957112170675,1,0.0024004044637557787,1,0.10555596647093757,0,0.24758167169287731,0,0.4642654863501487,0,0.25561623645050935,0,0.25561623645050935,0,0.019795917237183075,1,0.06294916449891974,1,0.19054244835031434,0
Random Forest,27,0.5662828947368421,0,0.22170842441567173,0,0.1905354919053549,0,0.1905354919053549,0,0.021695638581270403,1,0.15241477272727266,0,0.489079819019567,0,0.767031751435649,0,0.11858322826840823,0,0.043132256796791,1,0.05516694126768755,1,0.00263585461272077,1,0.0015475741578682145,1,0.07435633356943588,0,0.8586395423955665,1,0.06368795554890594,1,0.027708703374777932,1,0.027708703374777932,1,0.0010584093211761306,1,0.009394150290765069,1,0.06982824134139493,0,0.26983147501915056,0,0.44981283157088525,0,0.24678542175234297,0,0.24678542175234297,0,0.019113674114049142,1,0.0434801160607613,1,0.3043249882138245,0
Random Forest,28,0.4349487580336981,0,0.27349924331595765,0,0.13607594936708856,0,0.13607594936708856,0,0.004611278888481063,1,0.12953795379537958,0,0.4674348462672814,0,0.7809606423283681,0,0.11000029179834281,0,0.02583930529116929,1,0.05260315316752265,1,0.0029631570872484733,1,0.003434036431600229,1,0.05357587139388886,0,0.8045852585210878,1,0.08938057826576135,1,0.0509329832881662,1,0.0509329832881662,1,0.00036526031780154816,1,0.004353595777047414,1,0.0475202315847334,1,0.23629973043316602,0,0.4659507075702431,0,0.3100692896159635,0,0.3100692896159635,0,0.017038652050638127,1,0.08812603055406565,1,0.20319133521725197,0
Random Forest,29,0.6040350877192983,0,0.18975954262653438,0,0.17654320987654326,0,0.17654320987654326,0,0.012914685393130163,1,0.26030303030303026,0,0.667450990969493,0,0.7451884972976953,0,0.13313417895794843,0,0.045539792881744035,1,0.06593756003722619,1,0.0029018768423493754,1,0.003163188974051212,1,0.054836764313912045,0,0.8199339246302702,1,0.08311509002944473,1,0.02134962312998856,1,0.040215961068526915,1,0.003829187393018761,1,0.006555587074782987,1,0.0761724505678727,0,0.25414597441685477,0,0.46955945049739456,0,0.2833458334978092,0,0.2833458334978092,0,0.015112156680636507,1,0.08407346078578959,1,0.14913109839707173,0
Random Forest,30,0.5603293949158611,0,0.2064906675634774,0,0.18828932261768083,0,0.18828932261768083,0,0.009506037811165123,1,0.13376623376623376,0,0.47331490871484017,0,0.743522468664964,0,0.13304249793193645,0,0.05818352915127101,1,0.05818352915127101,1,0.00025568513377772356,1,0.026597376351070956,1,0.0737977771780951,0,0.8199532363269679,1,0.08230284991430797,1,0.03546399691952251,1,0.03960534585256781,1,0.0026673878291156167,1,0.010212771721685887,1,0.09712000880811122,0,0.24728223779817102,0,0.4684051041463695,0,0.260841512972804,0,0.260841512972804,0,0.019076534574663073,1,0.09840858050027101,1,0.21979224054698077,0
HistGradientBoosting,1,0.698720700609599,0,0.1475113502606356,0,0.07887700534759357,1,0.07887700534759357,1,0.008607145748509168,1,0.19513113314092112,0,0.3589356193797826,0,0.7431222623530316,0,0.1367737315875614,0,0.050259204782887146,1,0.07106176931102096,1,0.0045808925234886305,1,0.006850176959532939,1,0.0637575761606671,0,0.8293507058657895,1,0.08006846024501563,1,0.01704509691088718,1,0.028505054569949978,1,0.003835854277033937,1,0.012227625536608389,1,0.06249860755134884,0,0.26184004281743,0,0.4645797396955502,0,0.2611551367173556,0,0.2611551367173556,0,0.009910612775277126,1,0.03534805772882188,1,0.14951878134618762,0
HistGradientBoosting,2,0.6953178400546821,0,0.14990751639482092,0,0.08969465648854957,1,0.08969465648854957,1,0.018674441066913114,1,0.05572068776294126,1,0.41762121344975456,0,0.7503034549865416,0,0.12985042612527542,0,0.041447710059538845,1,0.04776860182121469,1,0.003254344831734375,1,0.014723593497318999,1,0.08150310708898745,0,0.8168411962860301,1,0.08426355451486611,1,0.0369350109875638,1,0.0369350109875638,1,0.0013268674882717171,1,0.02240312945715439,1,0.05649686340188498,0,0.26609152217529086,0,0.45697162491196125,0,0.19299739566701446,0,0.19299739566701446,0,0.019621466580564864,1,0.07607716652604679,1,0.13885678761972753,0
HistGradientBoosting,3,0.37932825484764543,0,0.30141247687909867,0,0.31176470588235294,0,0.31176470588235294,0,0.01429280174926028,1,0.03782796529802246,1,0.685589351921738,0,0.7482905253500955,0,0.12959838824592163,0,0.04302634924234494,1,0.05788801723837701,1,0.00020228784736082278,1,0.001706283831489741,1,0.05850489143915838,0,0.8340417510383031,1,0.07523168779713285,1,0.024281732418524937,1,0.027526812932546482,1,0.002911176170051155,1,0.005940972696901414,1,0.04513028736334035,1,0.24352587036572096,0,0.46949952908264647,0,0.3035768155581924,0,0.3035768155581924,0,0.010735123660611516,1,0.08714008859357703,1,0.1973181166563283,0
HistGradientBoosting,4,0.6579351604818497,0,0.17786278796031613,0,0.19634703196347036,0,0.19634703196347036,0,0.020362366201668133,1,0.13076923076923075,0,0.4327098135474369,0,0.7584186568836321,0,0.12562496561723357,0,0.04290145131086143,1,0.0519082702243506,1,0.002458942727654345,1,0.009512563683715114,1,0.09742691678647541,0,0.8371684789595236,1,0.07489805072995681,1,0.03160127720136874,1,0.03160127720136874,1,0.00019991697031460087,1,0.018496614426847025,1,0.13113908548524517,0,0.2604600728922207,0,0.4588485867407548,0,0.2724618330905756,0,0.2724618330905756,0,0.009859460788379674,1,0.04720866530402268,1,0.15776567003061337,0
HistGradientBoosting,5,0.7552974888771585,0,0.11648777686039419,0,0.10041480364165278,0,0.10041480364165278,0,0.035769339865884105,1,0.08347315436241609,1,0.48076918110478695,0,0.726188364452628,0,0.14447495316321346,0,0.06684509202762734,1,0.06684509202762734,1,0.00044241744696457697,1,0.007331372094322219,1,0.10376849306681973,0,0.866437092498588,1,0.06055559845176439,1,0.006268915871202596,1,0.02480964685946073,1,0.004319186806254621,1,0.0027166639025915096,1,0.05583289458740737,0,0.26699402833098335,0,0.4520688850746752,0,0.2571549065169394,0,0.2571549065169394,0,0.024877875179080723,1,0.10585585585585577,0,0.2693260947036236,0
HistGradientBoosting,6,0.6589473684210526,0,0.1770640659155877,0,0.02911033978808908,1,0.04304479304479304,1,0.00814008910800678,1,0.12153846153846148,0,0.7477595669730315,0,0.7608515085455635,0,0.12207688691259361,0,0.04027659565354935,1,0.04368818660647103,1,0.0014367624029511458,1,0.014991465115421598,1,0.05609184093355901,0,0.8185480813829028,1,0.08266556949455162,1,0.029918149077812983,1,0.0396439241509664,1,0.0002405494972772676,1,0.010690537696134705,1,0.07317713204202625,0,0.2686330144972255,0,0.44865084834897895,0,0.24616878163788924,0,0.24616878163788924,0,0.010469400694760343,1,0.09004419891783877,1,0.13854238643787992,0
HistGradientBoosting,7,0.7642974582471267,0,0.11935735740520897,0,0.07316511292847394,1,0.07316511292847394,1,0.013394223786404438,1,0.10232649842271291,0,0.6727590641101646,0,0.7374007195449742,0,0.1365980778928575,0,0.042486226144207384,1,0.06866921033016073,1,0.003999830466649076,1,0.009600324366374258,1,0.09516348254980023,0,0.8475699468365236,1,0.06889434503317488,1,0.03127770120497908,1,0.03127770120497908,1,0.0010551035619103394,1,0.007281936254115329,1,0.08062778582658414,0,0.2506505816458423,0,0.463706323238959,0,0.26513808712047837,0,0.26513808712047837,0,0.013668091632263978,1,0.029443690637720454,1,0.19027013480721622,0
HistGradientBoosting,8,0.5817352369688266,0,0.20813014965528837,0,0.19658119658119655,0,0.19658119658119655,0,0.02196197485441321,1,0.06998394863563395,1,0.426317461324762,0,0.7636815262835213,0,0.11918726719523332,0,0.05429227448785545,1,0.05429227448785545,1,0.00012622872021495618,1,0.017795292151186914,1,0.08739301526768445,0,0.8133019539702133,1,0.08448636455817787,1,0.03792477760169932,1,0.03792477760169932,1,0.002595296318550537,1,0.00011055914540769596,1,0.05995655257492477,0,0.2745109387660609,0,0.44166094110600207,0,0.24500568793077715,0,0.24500568793077715,0,0.022029489149784157,1,0.08314132104454686,1,0.17464086671653323,0
HistGradientBoosting,9,0.4954491491887614,0,0.26799226500756684,0,0.1428571428571428,0,0.1428571428571428,0,0.012610633754487198,1,0.08120300751879694,1,0.7987864383317003,0,0.730139090311096,0,0.14401372107719468,0,0.04367058364889764,1,0.07342828062789002,1,0.00808864482456105,1,0.008533943351481499,1,0.10290508055646203,0,0.8069091518026917,1,0.09032833197763568,1,0.044929962025163306,1,0.044929962025163306,1,0.0006193629613638826,1,0.02062580675384551,1,0.06459005485243396,0,0.2907201551692726,0,0.445770823593426,0,0.2288063223752813,0,0.2288063223752813,0,0.012255703780318483,1,0.06844729242395942,1,0.1487252703785028,0
HistGradientBoosting,10,0.7374936259253397,0,0.1339788921994472,0,0.24098477077250857,0,0.24098477077250857,0,0.06868186778199181,1,0.20491576912455123,0,0.5487015755962116,0,0.7260426864253973,0,0.14372746987211155,0,0.044274469704466246,1,0.06452083809358011,1,0.003260987063024738,1,0.0030800786066650376,1,0.0513334880891092,0,0.8243150206129242,1,0.08010770246545873,1,0.03475270380426587,1,0.03475270380426587,1,0.0011027306373281864,1,0.023504951812635677,1,0.03759520049975429,1,0.2614466170390489,0,0.4625231534030156,0,0.24450386215092101,0,0.24450386215092101,0,0.012338559450378123,1,0.082916855974557,1,0.21521013152568752,0
HistGradientBoosting,11,0.42719440416275695,0,0.2822851858079704,0,0.09848484848484851,1,0.09848484848484851,1,0.020819264335708666,1,0.15322580645161288,0,0.8529630551264201,0,0.7601701165058583,0,0.12294077132489051,0,0.03237795032035462,1,0.052270938990300136,1,0.0032585011257419416,1,0.011161619173817194,1,0.054937916183823654,0,0.8088367682088571,1,0.08760554912855151,1,0.05691711454392834,1,0.05691711454392834,1,0.004062954445237896,1,0.020451415496240855,1,0.05033402563553224,0,0.2554151457392694,0,0.46525843022275803,0,0.2573834385036231,0,0.2573834385036231,0,0.020653316430700695,1,0.07520283047642284,1,0.1867862703623564,0
HistGradientBoosting,12,0.6723952738990333,0,0.16668067933411806,0,0.0896463172639197,1,0.0896463172639197,1,0.009362484227359212,1,0.11930926216640503,0,0.8903432204099517,0,0.7282949311737485,0,0.14419854938248416,0,0.07060487724732667,1,0.07060487724732667,1,0.000203497838514706,1,0.0044802663007849075,1,0.09350719327551871,0,0.8295064330459531,1,0.07867305579545963,1,0.02259785892726085,1,0.03449387553256239,1,0.002399370286574616,1,0.004213458025117189,1,0.04890166618755343,1,0.2577003040907981,0,0.4641770708269428,0,0.2555494184834717,0,0.2555494184834717,0,0.015080268448044304,1,0.12763157894736843,0,0.30716461533098904,0
HistGradientBoosting,13,0.5305534367319265,0,0.2328484950395157,0,0.3015873015873015,0,0.3015873015873015,0,0.0472648276706398,1,0.15384615384615385,0,0.4248095448665553,0,0.7401490207104751,0,0.1353827800014084,0,0.05757217065951248,1,0.06510261969822978,1,0.0019450971238771167,1,0.010196484764755542,1,0.08267641952441562,0,0.8373774007196794,1,0.0741338275903583,1,0.04813441236803917,1,0.04813441236803917,1,0.0055185486228049516,1,0.026190999068998133,1,0.07333600844555843,0,0.2502078166683023,0,0.4682723445529364,0,0.2926961316630313,0,0.2926961316630313,0,0.011450113929149734,1,0.09263456090651556,1,0.27461044566031634,0
HistGradientBoosting,14,0.7310034198014846,0,0.13557255759206327,0,0.07939189189189189,1,0.07939189189189189,1,0.014736343541422475,1,0.08241758241758246,1,0.316979731712135,0,0.7531096230989964,0,0.12700481575620176,0,0.04198498649080473,1,0.059922973525297046,1,0.004061694653259652,1,0.005564273303186984,1,0.08173031720072871,0,0.7986877843090274,0,0.09249930087013541,1,0.018663853978583056,1,0.033913128930817604,1,0.0028250034710162394,1,0.005833192845045687,1,0.04924533800866901,1,0.25304446614713094,0,0.4624346641527687,0,0.23122507152904104,0,0.23122507152904104,0,0.016041133475203015,1,0.11697530864197525,0,0.22871048064278565,0
HistGradientBoosting,15,0.7468936354765261,0,0.1308190198660652,0,0.07912087912087906,1,0.07912087912087906,1,0.03445509506026759,1,0.0968903436988543,1,0.6536607310048544,0,0.7559627547791717,0,0.12534949308835858,0,0.045875514041487486,1,0.0503709633989191,1,0.0004387828856760728,1,0.01269904281659262,1,0.043714829258086674,1,0.7833155194328938,0,0.09979949861815118,1,0.03645601334708959,1,0.03645601334708959,1,0.0024569994905936574,1,0.024999833340504707,1,0.06880841484918221,0,0.25869514602044735,0,0.45995036513234056,0,0.27205887307052234,0,0.27205887307052234,0,0.011447377806835135,1,0.09373896966131612,1,0.19388188592329497,0
HistGradientBoosting,16,0.6941909067644801,0,0.15070623843954933,0,0.10361773316603928,0,0.10361773316603928,0,0.005737654570984671,1,0.032290238124922044,1,0.43779012342736445,0,0.7478027468159103,0,0.13083663188535838,0,0.04268103201748463,1,0.06627996281829553,1,0.004814108387609185,1,0.008177393801640065,1,0.09284641511594582,0,0.8255288216237483,1,0.08000797775250079,1,0.04345939834549939,1,0.04345939834549939,1,0.00284394743143937,1,0.011366285644692664,1,0.09911592237921796,0,0.26770740270528676,0,0.452923828912257,0,0.21195769074502124,0,0.21195769074502124,0,0.02070752307249235,1,0.0881578947368421,1,0.28066984057286903,0
HistGradientBoosting,17,0.6777148567621586,0,0.16268706911047587,0,0.11882426516572864,0,0.11882426516572864,0,0.028268468077863845,1,0.1432692307692307,0,0.7339565366436696,0,0.7574673968075956,0,0.1227879191285059,0,0.04599302754179979,1,0.05549839677665419,1,0.0032123169172099605,1,0.000558534802174826,1,0.06335194907603653,0,0.8386146133376741,1,0.07242398912699771,1,0.0292506650917701,1,0.0292506650917701,1,0.0005769491737258325,1,0.006483126945173168,1,0.056227008807120504,0,0.2575849365921432,0,0.4563612669644914,0,0.23224618440974132,0,0.23224618440974132,0,0.02147995318272647,1,0.08637309672472337,1,0.16469109054856856,0
HistGradientBoosting,18,0.6226274347285536,0,0.19139902471834536,0,0.14851916376306618,0,0.14851916376306618,0,0.03168498718651458,1,0.058005249343832,1,0.5543265231940829,0,0.7526645438037842,0,0.12931342872867368,0,0.0464649505745397,1,0.0483142988625862,1,0.0013451273055844065,1,0.018257935025124405,1,0.08745577000573768,0,0.8260829591382665,1,0.08057404170202037,1,0.021036592684081756,1,0.033347590533219285,1,0.0009918134553492525,1,0.003919138066596273,1,0.057686388299342584,0,0.2780180327673265,0,0.4455390932724585,0,0.23327462554337464,0,0.23327462554337464,0,0.015536697216014458,1,0.12471075386676411,0,0.2216279574700145,0
HistGradientBoosting,19,0.6886105940091386,0,0.15469984866319153,0,0.18963486454652534,0,0.18963486454652534,0,0.03471144452571174,1,0.07317409278824072,1,0.6536607310048544,0,0.767414301124677,0,0.1204024699600067,0,0.04615815879360441,1,0.06319055095697149,1,0.00429883025169972,1,0.010635956227201704,1,0.07280385364693082,0,0.8588419262421385,1,0.06491125243848034,1,0.02101957868013793,1,0.03163162082840694,1,0.0010794671689886917,1,0.006296303636249556,1,0.08573736404435761,0,0.269065779629547,0,0.4553917008993259,0,0.22477667695306158,0,0.22477667695306158,0,0.01988701044338645,1,0.07655913978494622,1,0.2675356272840954,0
HistGradientBoosting,20,0.5941328731665229,0,0.19774676307381872,0,0.06892588631538621,1,0.08353789672626159,1,0.03358485434970888,1,0.08987472704286859,1,0.35576342305249387,0,0.7506028663136962,0,0.1314722294946375,0,0.027550028716258446,1,0.050534317849020155,1,0.00452052478892484,1,0.01912171624121528,1,0.06796376057472109,0,0.8232026269939462,1,0.08214509146113469,1,0.02279449165533698,1,0.026854198946414526,1,0.0008428436101462489,1,0.014296894043388408,1,0.051320762053826074,0,0.26687324567683446,0,0.45455565698779743,0,0.2091811900151318,0,0.2091811900151318,0,0.01868733526660133,1,0.12633955909369254,0,0.2206260081709187,0
HistGradientBoosting,21,0.6101364522417154,0,0.201782411299815,0,0.20512820512820518,0,0.20512820512820518,0,0.03626700034742367,1,0.07407407407407407,1,0.3651309279867325,0,0.7571397591951802,0,0.1242109628543735,0,0.04239894479585027,1,0.06427753934191702,1,0.004424684954959693,1,0.011721861445510795,1,0.0896034380249302,0,0.8345600236883717,1,0.07502962318429007,1,0.041812293932659506,1,0.041812293932659506,1,0.006713606575333757,1,0.03683408948811262,1,0.0671366653287353,0,0.2552997986400969,0,0.4603695753869852,0,0.28790265890282185,0,0.28790265890282185,0,0.007718049093126247,1,0.11953242835595779,0,0.23679610445745897,0
HistGradientBoosting,22,0.657850950170768,0,0.16424247519757862,0,0.0451959205582394,1,0.09154212146655472,1,0.010921639064742486,1,0.0766394372589062,1,0.576226516257265,0,0.7612719132617515,0,0.12393944074742214,0,0.039980690420188814,1,0.05651060025315047,1,0.0024905678997773142,1,0.005758446701156106,1,0.06370581765205036,0,0.824768728576172,1,0.08081486168014707,1,0.04324680149909543,1,0.04324680149909543,1,0.001149904365270668,1,0.005791920840294784,1,0.05752976912096758,0,0.2368877908723667,0,0.4811193668568061,0,0.2862504132905658,0,0.2862504132905658,0,0.011635593939954253,1,0.082327148527647,1,0.19414189167471263,0
HistGradientBoosting,23,0.6153158788312038,0,0.18097360013452157,0,0.09444444444444444,1,0.09444444444444444,1,0.024760667152562685,1,0.0654121863799283,1,0.6615698970430209,0,0.734784950411298,0,0.13832898544904992,0,0.04295009523190041,1,0.05437765940911975,1,0.006027998590543308,1,0.011707573624980872,1,0.05668458554348954,0,0.8572430833156064,1,0.06444555958578341,1,0.012136089785243831,1,0.034178545517470196,1,0.003084358681033364,1,0.011331563471957073,1,0.09479906590085829,0,0.26386254849599433,0,0.454132854786436,0,0.26318238123208093,0,0.26318238123208093,0,0.012517016857470455,1,0.1195193999137043,0,0.2831928195153555,0
HistGradientBoosting,24,0.8322336051762486,1,0.07932724100292399,1,0.12520431513566532,0,0.12520431513566532,0,0.033061397293960515,1,0.07687584428343364,1,0.3574957676219058,0,0.7780722011684826,0,0.11232560529896268,0,0.03541570665507077,1,0.04556514385770628,1,0.0038694880412275603,1,0.0031325180433039446,1,0.07836611941684424,0,0.8507100630701319,1,0.06770770373770973,1,0.0199160059737995,1,0.03158619295322987,1,0.004512884209458466,1,0.00823639399459064,1,0.10047807583715906,0,0.26144984725790466,0,0.4576041043451716,0,0.24437121259954697,0,0.24437121259954697,0,0.012802308673254319,1,0.08791208791208793,1,0.2485185078308465,0
HistGradientBoosting,25,0.47292873331654495,0,0.26395661678157056,0,0.1338368580060424,0,0.1338368580060424,0,0.014534284488464028,1,0.14869281045751637,0,0.3651309279867325,0,0.7488972213580469,0,0.13128895281145125,0,0.04672292033428438,1,0.06486827747133991,1,0.0029584603894390604,1,0.0029984810010129648,1,0.05694413592313469,0,0.8165040993025293,1,0.08513742868759705,1,0.024847870182555742,1,0.025919630857168044,1,0.0015778665168529396,1,0.018631895538863907,1,0.050406609096872,0,0.24498393307598715,0,0.4674238982471286,0,0.2625753311728921,0,0.2625753311728921,0,0.017081406371627667,1,0.07207762347098323,1,0.2644695678438211,0
HistGradientBoosting,26,0.6897194677515044,0,0.15390112661846306,0,0.043740573152337925,1,0.043740573152337925,1,0.01820469506275485,1,0.03790412486064665,1,0.3502543738914784,0,0.7483193971177007,0,0.12964944650403532,0,0.037129879813258215,1,0.06055457157207128,1,0.007082040768572058,1,0.0019421457379892315,1,0.06788087029368306,0,0.8361393492054879,1,0.07425148096549772,1,0.034274080507618376,1,0.034274080507618376,1,0.0003009051315544173,1,0.005138350045876039,1,0.09829331926378082,0,0.2591580664623657,0,0.45678148215128245,0,0.22898090259984283,0,0.22898090259984283,0,0.021866665842053462,1,0.0828664799253035,1,0.28312462682232475,0
HistGradientBoosting,27,0.6139261196469434,0,0.19858752312090133,0,0.17932752179327527,0,0.17932752179327527,0,0.02451977624161259,1,0.21221532091097317,0,0.5705299407167472,0,0.7725632304123484,0,0.11576764872828621,0,0.04108323064285302,1,0.049379724752859094,1,0.001784298967258173,1,0.005165842523697339,1,0.07041546456978343,0,0.8636079632301281,1,0.06161816665283576,1,0.014723249003888439,1,0.026261373035566582,1,0.0010892799007972478,1,0.0005446960012096547,1,0.07682688367729285,0,0.2713477693870743,0,0.4499130167730627,0,0.22891884512671712,0,0.22891884512671712,0,0.018118032998873934,1,0.03694349527063834,1,0.12940268030054808,0
HistGradientBoosting,28,0.5383556931544548,0,0.22565999663695985,0,0.22323569715656044,0,0.22323569715656044,0,0.024416426354801825,1,0.37745098039215685,0,0.6323408584583269,0,0.7833234273246314,0,0.10905142919893068,0,0.021496329405288783,1,0.050282849334878726,1,0.003749983003375597,1,0.0011867273627133024,1,0.11204912327054745,0,0.8024842798989127,1,0.09075343458002133,1,0.047291112935167745,1,0.047291112935167745,1,0.0003521195143345035,1,0.0026003639632528053,1,0.12255194465015573,0,0.24464056494376193,0,0.4613854834420239,0,0.2662520553480854,0,0.2662520553480854,0,0.012924431303129709,1,0.04606928154033707,1,0.18803781566648348,0
HistGradientBoosting,29,0.5941328731665229,0,0.19774676307381872,0,0.15179407176287052,0,0.15179407176287052,0,0.010428681330365036,1,0.2587183308494784,0,0.6868966702951445,0,0.7375660618558184,0,0.13796973833636417,0,0.04561861925845456,1,0.07300854181585006,1,0.0025946762347851954,1,0.01230957565432933,1,0.05255591909790003,0,0.8235485407702872,1,0.08139779345886794,1,0.01297067599981272,1,0.042028864429081644,1,0.005980876725019811,1,0.011846349914373389,1,0.058817901696547215,0,0.25472096530920063,0,0.4681383230696352,0,0.2676864169265385,0,0.2676864169265385,0,0.015507458040004689,1,0.072432739674119,1,0.25490745089948397,0
HistGradientBoosting,30,0.6678520625889047,0,0.1570539767950227,0,0.14121699196326054,0,0.14121699196326054,0,0.00483907125358575,1,0.10646223146223144,0,0.438082612292379,0,0.7522370861820263,0,0.12885823639392985,0,0.05480964835803548,1,0.05480964835803548,1,0.0003176821736738389,1,0.03263408777729804,1,0.07415130469436382,0,0.8320648654818268,1,0.07720492371677973,1,0.029323211764490154,1,0.03463948613810473,1,0.0026910194998428227,1,0.004405119509738986,1,0.06469954660372723,0,0.24842007471999936,0,0.470890727500737,0,0.25808648536000833,0,0.25808648536000833,0,0.019243108330695126,1,0.09321883852691215,1,0.2041558288403551,0
XGBoost,1,0.5671690964500453,0,0.22090970237094332,0,0.10828877005347592,0,0.10828877005347592,0,0.019860665983314083,1,0.056622563664817105,1,0.49349445104599,0,0.7570368949421319,0,0.12955878341516636,0,0.03979113405017132,1,0.059839844520258714,1,0.005918098980115055,1,0.0027733366068750653,1,0.0683153004062419,0,0.8316309094361116,1,0.07988229642085037,1,0.004548537086076165,1,0.03269361535959382,1,0.005303554765288966,1,0.0016978037621149245,1,0.09477851477762061,0,0.29634218596319883,0,0.4414160892447744,0,0.21815877775398018,0,0.21815877775398018,0,0.011847208150981413,1,0.07835706508525453,1,0.15863684387434096,0
XGBoost,2,0.6305716444220599,0,0.1850092483605179,0,0.06517487987484627,1,0.07229287566366217,1,0.03203506715192896,1,0.061594202898550665,1,0.574587345123291,0,0.7574452003023431,0,0.1258036694370394,0,0.037771443594927234,1,0.037771443594927234,1,0.0023153344826702255,1,0.018673837176039765,1,0.0815967511219583,0,0.8128925090024823,1,0.08641233573038437,1,0.020265609985569366,1,0.03132468669173867,1,0.0043873713230163855,1,0.0005948965992038646,1,0.12567497711432607,0,0.2900354118168025,0,0.43556926892289977,0,0.15039039394297893,0,0.15039039394297893,0,0.025529318899305736,1,0.09268707482993188,1,0.26213262297890405,0
XGBoost,3,0.4767304112370959,0,0.25996300655792837,0,0.07690417690417695,1,0.13291139240506328,0,0.03426769168664161,1,0.1428571428571429,0,0.4573325514793396,0,0.7661317163235777,0,0.1194005731695742,0,0.03483484711516083,1,0.040493884244120426,1,0.0011953442415497048,1,0.013055015986523255,1,0.045979807346031576,1,0.8395107482035447,1,0.07299347351703372,1,0.015115780445969174,1,0.02728267338149931,1,0.0027396272478007397,1,0.0017501613769895785,1,0.06413132937058152,0,0.2778951818814869,0,0.4418327794998984,0,0.2292148502704986,0,0.2292148502704986,0,0.015786533446375574,1,0.09835892935498025,1,0.24992024732960594,0
XGBoost,4,0.5369200779727096,0,0.249663695981167,0,0.2100456621004566,0,0.2100456621004566,0,0.022436501696720644,1,0.046875553195255715,1,0.6171899139881134,0,0.7552370847894054,0,0.12923860248354058,0,0.04130969101123594,1,0.0523511643633056,1,0.0061821538256890615,1,0.002996654099411744,1,0.04807424414766959,1,0.8399201177212529,1,0.07452899437240029,1,0.030741793714008647,1,0.030741793714008647,1,0.003393990479793635,1,0.01974250080636486,1,0.06635031694585972,0,0.29981285777190664,0,0.4308843952172883,0,0.1891599683515851,0,0.1891599683515851,0,0.014249776627984156,1,0.056157421998109025,1,0.24457132816314692,0
XGBoost,5,0.6938202247191012,0,0.16114725014784148,0,0.0211154798310762,1,0.1355050029164984,0,0.019266868743018993,1,0.0966613672496025,1,0.6656799912452698,0,0.7357239478293818,0,0.13986912906077809,0,0.05290355569065508,1,0.054546346440624754,1,0.002893685162876046,1,0.0028676128093763076,1,0.0750106341309017,0,0.8505737481797833,1,0.06875164533982003,1,0.0026154848916717377,1,0.04191155703629297,1,0.008112039792638352,1,0.02276305822953495,1,0.11332293432586038,0,0.29960472580307473,0,0.42655528968384837,0,0.20772745072444854,0,0.20772745072444854,0,0.028851090842634312,1,0.1099969888587774,0,0.23295452594757077,0
XGBoost,6,0.6411913016073116,0,0.19144106272069955,0,0.04166666666666663,1,0.05555030555030556,1,0.013665302230065561,1,0.12148779364348228,0,0.5490662852923075,0,0.7634315486166948,0,0.12172440295422576,0,0.03344879568141035,1,0.04322317531978931,1,0.0041424438882468745,1,0.010221433906932753,1,0.039193921591624825,1,0.8248873970398347,1,0.08042474783454545,1,0.025256466222852714,1,0.03599083679566577,1,0.00021036182420450245,1,0.00969798172797487,1,0.11090867879778832,0,0.3061769622321588,0,0.422403967605126,0,0.17251941190100484,0,0.17251941190100484,0,0.0128659366527231,1,0.11072463768115937,0,0.09979801199265889,0
XGBoost,7,0.7096356275303642,0,0.15074827644190353,0,0.07823702800127652,1,0.07823702800127652,1,0.011206971092919113,1,0.06707206389544385,1,0.3777727484703064,0,0.749606788048733,0,0.13142529284009286,0,0.035862948081516244,1,0.05611040251624967,1,0.005314089509185785,1,0.003593666540208873,1,0.09149203515505488,0,0.855417906122563,1,0.0664048038123255,1,0.022168448989149936,1,0.022168448989149936,1,0.0007588155318606973,1,0.0049454358026446155,1,0.08331958413124085,0,0.2901934214983671,0,0.4384001027049218,0,0.1875847506876912,0,0.1875847506876912,0,0.017227844906011293,1,0.03781561949500878,1,0.19235002053411385,0
XGBoost,8,0.6187299234000494,0,0.19459391289725914,0,0.14743589743589736,0,0.14743589743589736,0,0.010977941201388071,1,0.06200637723816538,1,0.6022316515445709,0,0.7705131531438768,0,0.1165528629492219,0,0.04403697675174878,1,0.04403697675174878,1,0.00199398535661538,1,0.014083946274661252,1,0.06452972887616074,0,0.8273437103639926,1,0.0787542410522662,1,0.021072247746592776,1,0.03307303532458812,1,0.0035411113619731524,1,0.003410390937311103,1,0.081260130862997,0,0.28495125605228305,0,0.4351382062258865,0,0.242600422832981,0,0.242600422832981,0,0.026068078026561657,1,0.10301296834286744,0,0.3125880296741213,0
XGBoost,9,0.5409269442262372,0,0.2456700857575248,0,0.14184491978609626,0,0.14184491978609626,0,0.012629314452056742,1,0.15481682496607863,0,0.5402884632349014,0,0.7540041360761226,0,0.12980889236373988,0,0.030316463912428815,1,0.0525768341472545,1,0.007124393082019551,1,0.0050068860034814255,1,0.045715442800943806,1,0.8128184188058875,1,0.08800463483645093,1,0.02034497800279833,1,0.033489544642716015,1,0.0042343376527847545,1,0.0008722808827649198,1,0.05950012036732266,0,0.31106966680391734,0,0.43119163508965963,0,0.18923879040667368,0,0.18923879040667368,0,0.013320861897042048,1,0.0868761811436971,1,0.3665412122553045,0
XGBoost,10,0.7141918755401901,0,0.14838281221954985,0,0.19584944369920299,0,0.19584944369920299,0,0.06660692539790952,1,0.1808547008547009,0,0.5480839610099792,0,0.7408359716915838,0,0.13624703383187448,0,0.042176865761899385,1,0.04441990272775739,1,0.003418961555784944,1,0.017319446354710055,1,0.07452574428522363,0,0.8224757450614029,1,0.08207163777304582,1,0.029240391209463534,1,0.029240391209463534,1,0.002414494112721717,1,0.015286352991271124,1,0.05741307345947422,0,0.27750781816176706,0,0.45263350424904014,0,0.19583793113204873,0,0.19583793113204873,0,0.013798257808742505,1,0.06825690936396789,1,0.10790101426546683,0
XGBoost,11,0.47292873331654495,0,0.26395661678157056,0,0.057499999999999996,1,0.0680952380952381,1,0.021478211173874155,1,0.12698412698412698,0,0.5234265923500061,0,0.7664007709174272,0,0.12083602469822607,0,0.024236048013007605,1,0.048546390741541795,1,0.005556925602138371,1,0.009167232532224845,1,0.055695581999493815,0,0.8089484036491131,1,0.08876058930109143,1,0.05254608684276507,1,0.05254608684276507,1,0.005811574348574745,1,0.01460306426854352,1,0.12731109599809387,0,0.2916341115499581,0,0.43757285261217777,0,0.1933113309555703,0,0.1933113309555703,0,0.02204073596661453,1,0.08523869707588905,1,0.37649174531300855,0
XGBoost,12,0.7329966317490079,0,0.14352497350872018,0,0.08097165991902844,1,0.08097165991902844,1,0.008629726575078697,1,0.13112927191679047,0,0.2776753529906273,0,0.7528813247125195,0,0.13014693967779084,0,0.049697150631245135,1,0.049697150631245135,1,0.000672632823479978,1,0.010781089414182987,1,0.09298145178927492,0,0.8137058732195437,1,0.08730047574468341,1,0.028646299400715614,1,0.04163401552038953,1,0.0019229009436235733,1,0.015495924879604162,1,0.08812620863318443,0,0.2964511936110996,0,0.43449138172337776,0,0.1746043325413037,0,0.1746043325413037,0,0.01841997049968328,1,0.12753118926713058,0,0.24103299209049767,0
XGBoost,13,0.6275689223057643,0,0.18740541449470327,0,0.19047619047619047,0,0.19047619047619047,0,0.03148917354558613,1,0.13157894736842102,0,0.4925941787660122,0,0.7520568881924594,0,0.1299131113563473,0,0.04713569950083907,1,0.05818581442319118,1,0.005083857515347512,1,0.008601850280546164,1,0.0800189378381777,0,0.8446479100706789,1,0.07171241266341866,1,0.03360726138656789,1,0.03360726138656789,1,0.002652309675668589,1,0.01741278782488387,1,0.1355753477369801,0,0.29284083028344504,0,0.4393505138382771,0,0.18832676666364156,0,0.18832676666364156,0,0.01629954854599569,1,0.07796025952960262,1,0.1540260449051857,0
XGBoost,14,0.7422575636380745,0,0.13092986383880562,0,0.07374125394429965,1,0.07374125394429965,1,0.012339604520647314,1,0.0649032405817016,1,0.44828818241755164,0,0.7740089960858134,0,0.11588494079930406,0,0.020348051850783477,1,0.05125298772991235,1,0.005601191631452611,1,0.004746002726494503,1,0.06424265739529633,0,0.8001913103288568,1,0.09290993921588164,1,0.010377746393263831,1,0.03515133647798742,1,0.004877229099845448,1,0.0014595683880942456,1,0.08223563052238303,0,0.27789772066296475,0,0.445512535762996,0,0.1777201040616403,0,0.1777201040616403,0,0.020642279995727354,1,0.13646311438037628,0,0.3480911076068879,0
XGBoost,15,0.7641942762142263,0,0.11865623481233023,0,0.10915750915750921,0,0.10915750915750921,0,0.036618005123280575,1,0.027089123587178077,1,0.5621258616447449,0,0.7569309899825798,0,0.12539381798113153,0,0.03976757765023209,1,0.04928668282268768,1,0.0012249619026716632,1,0.006743743361098398,1,0.05840399207138436,0,0.7853569075435338,0,0.09930233615503498,1,0.020257666618191505,1,0.03333662838184723,1,0.004920694217040625,1,0.010159156930158897,1,0.07622330968684338,0,0.296285022021909,0,0.42927782895886396,0,0.1784232015685112,0,0.1784232015685112,0,0.013334836971902311,1,0.09057141623115794,1,0.1579161137342453,0
XGBoost,16,0.6908319185059423,0,0.15310240457373464,0,0.08354245085738177,1,0.08354245085738177,1,0.005729935330341565,1,0.05384615384615388,1,0.38039883971214294,0,0.7583525779829591,0,0.1257526439321101,0,0.03853413130131622,1,0.05582095352919485,1,0.006296865280208147,1,0.00118934447331831,1,0.06429883125035651,0,0.8448929456594133,1,0.07151233581626282,1,0.029517420898504954,1,0.029517420898504954,1,0.003252787710526568,1,0.016161446289678416,1,0.09083201244192307,0,0.29186748490744896,0,0.43449817085304066,0,0.16972013479417258,0,0.16972013479417258,0,0.023768849074934574,1,0.06952785734084821,1,0.16406167671084404,0
XGBoost,17,0.6139261196469434,0,0.19858752312090133,0,0.0641025641025641,1,0.06459016393442624,1,0.03067394189880381,1,0.08771929824561397,1,0.8903438448905945,0,0.761947668757093,0,0.12064954485797086,0,0.03509255740227479,1,0.05563157234591032,1,0.0057251212626447945,1,0.007536304082058298,1,0.04297931295520857,1,0.8463384400404206,1,0.06910716366413189,1,0.01548460272979646,1,0.02660898891766869,1,0.0019790737024467445,1,0.0003881682603597003,1,0.06051572680473327,0,0.2890650800867519,0,0.42966576282148405,0,0.16709973895364927,0,0.16709973895364927,0,0.024263342016219658,1,0.07000077657839554,1,0.2291753325197432,0
XGBoost,18,0.5575708502024291,0,0.22969564486295613,0,0.17321428571428565,0,0.17321428571428565,0,0.024686439947851913,1,0.06385281385281383,1,0.38505858182907104,0,0.7593881856540085,0,0.12553659878921297,0,0.04755883386020365,1,0.04755883386020365,1,0.000647153065983154,1,0.026409411608093736,1,0.059902805724042496,0,0.8249473449976453,1,0.08136590422963436,1,0.01637713006343544,1,0.03427647809970122,1,0.004123686820564021,1,0.002406787590873094,1,0.07033347372615006,0,0.3103351118710908,0,0.4212565070579984,0,0.16416892450112708,0,0.16416892450112708,0,0.017040049704933093,1,0.11196393762183232,0,0.18675464590390523,0
XGBoost,19,0.6723952738990333,0,0.16668067933411806,0,0.16725559481743224,0,0.16725559481743224,0,0.04737485787611891,1,0.052844539766068954,1,0.5342057049274445,0,0.7878074245180486,0,0.10841455030019309,0,0.026101009875454273,1,0.05401525279763321,1,0.006759594992269052,1,0.009226051390911372,1,0.07357008100553536,0,0.8495064730435046,1,0.06951615301846686,1,0.018063159514315474,1,0.03966617590680502,1,0.002871340460974932,1,0.019442536961503887,1,0.08450545867284132,0,0.3056118723925531,0,0.42456321451207407,0,0.1653077797628716,0,0.1653077797628716,0,0.020982954294882998,1,0.07309941520467833,1,0.19564966742808998,0
XGBoost,20,0.5734510326449034,0,0.2153186480578443,0,0.0957335014712064,1,0.11098559728890144,0,0.047242046842625424,1,0.15234375,0,0.5515845715999603,0,0.7588075259677908,0,0.12680763903522846,0,0.015418083751591927,1,0.04563431129999436,1,0.0052226814922117434,1,0.01596920884105213,1,0.05852114276368492,0,0.814180717120421,1,0.08687191590613719,1,0.015648252122464124,1,0.036216621405257915,1,0.002453922567157457,1,0.002838595791931242,1,0.1506408527493477,0,0.28971742848789717,0,0.4354305030946139,0,0.17215238316949377,0,0.17215238316949377,0,0.020611978616194945,1,0.12317935229327637,0,0.23740941882133482,0
XGBoost,21,0.6383245744764295,0,0.1938372288548848,0,0.15653450807635838,0,0.15653450807635838,0,0.0423825886042379,1,0.05697581107417171,1,0.41559478640556335,0,0.7666578965995734,0,0.12036075780632693,0,0.036162451441860144,1,0.056309012875536496,1,0.006543004282920456,1,0.008591750028706713,1,0.10665558522043661,0,0.8268873258394527,1,0.07992023166798579,1,0.03840535016354851,1,0.03840535016354851,1,0.005239264983719447,1,0.024677016228394466,1,0.059225531145073895,0,0.2955372728016755,0,0.43205298950553356,0,0.19471594304538298,0,0.19471594304538298,0,0.009347366029910077,1,0.12268442316325001,0,0.19938132663567865,0
XGBoost,22,0.7451440113982722,0,0.1268173170118821,0,0.09504380175207006,1,0.12660550458715597,0,0.022743185364254,1,0.22257891920813277,0,0.6334214210510254,0,0.760907481007157,0,0.1248699091583253,0,0.04351208389396166,1,0.0473645634230469,1,0.002134918960524465,1,0.007915443439108327,1,0.06103666903267446,0,0.8311127760020153,1,0.07819067796032542,1,0.027706341001120016,1,0.03315875196313063,1,0.00010994712644426391,1,0.004823162972347195,1,0.0959485972628874,0,0.26482174357591487,0,0.45908213882281956,0,0.22484123201380923,0,0.22484123201380923,0,0.015224771749364957,1,0.07733626853183773,1,0.1781400505985532,0
XGBoost,23,0.6556690233045299,0,0.1658399192870355,0,0.18055555555555558,0,0.18055555555555558,0,0.041205741646226424,1,0.04858548585485856,1,0.6950778365135193,0,0.7485421848302412,0,0.13081025065494006,0,0.03013678024705413,1,0.043869088652761096,1,0.006234291127455167,1,0.013980525529932786,1,0.04441199869644352,1,0.8612461321256545,1,0.06305780944200234,1,0.003808973711021846,1,0.03486579637117579,1,0.00551206030439555,1,0.016372884627393502,1,0.0829804316163063,0,0.2960927834174318,0,0.4285571893934998,0,0.1890499978814809,0,0.1890499978814809,0,0.013226190379289203,1,0.11258413813286516,0,0.17244313444410053,0
XGBoost,24,0.7970074812967581,0,0.10149625935162093,0,0.09880679960771499,1,0.09880679960771499,1,0.03552258566929098,1,0.07339318600368328,1,0.5686737596988678,0,0.789360728536322,0,0.10689928666318649,0,0.0285946890535963,1,0.036476211500775374,1,0.00496394390329586,1,0.008060394500987722,1,0.06471511924266815,0,0.8574020410235983,1,0.06526168465338833,1,0.011792240074572247,1,0.030817341911980434,1,0.003473309032735329,1,0.010324439155893428,1,0.06845543821259303,0,0.29118269838783595,0,0.43983694357029357,0,0.17336438536248144,0,0.17336438536248144,0,0.01938440015452482,1,0.06896551724137934,1,0.12319391740942909,0
XGBoost,25,0.5045538808737003,0,0.2584076004708256,0,0.08750000000000002,1,0.09309927360774818,1,0.013974062198816528,1,0.08757478224501292,1,0.49754059314727783,0,0.7628190441277553,0,0.12407369358263126,0,0.033974787025233266,1,0.05773966904708955,1,0.004468062281048429,1,0.001076552963535038,1,0.057253651952339446,0,0.8180883805213857,1,0.08528286406202495,1,0.0226428933642423,1,0.024329496488925392,1,0.0034169658060081917,1,0.01767744946086036,1,0.0772466342896223,0,0.271011450562768,0,0.45097593604469427,0,0.19746627864005906,0,0.19746627864005906,0,0.020604688043599807,1,0.06238107560927342,1,0.15339595214887103,0
XGBoost,26,0.7722039473684211,0,0.1164452665209349,0,0.07239819004524894,1,0.07239819004524894,1,0.015762047215850304,1,0.09610389610389602,1,0.699600100517273,0,0.7556901994225274,0,0.12706260954634652,0,0.026180370892837646,1,0.059203892775433684,1,0.008671254622554192,1,0.005576491188002075,1,0.05073629268983593,0,0.8392649737141118,1,0.07387945291686182,1,0.02551474329746728,1,0.03521231342344383,1,0.0026691212386920765,1,0.01206756347288096,1,0.10288117840738575,0,0.27572234571127574,0,0.44856873824878185,0,0.19573248998277182,0,0.19573248998277182,0,0.02088937219830264,1,0.05412595923381658,1,0.12609368097037077,0
XGBoost,27,0.6559200451358105,0,0.17946023204977296,0,0.15566625155666247,0,0.15566625155666247,0,0.03130860510642255,1,0.2846153846153846,0,0.5680772960186005,0,0.7773980193116351,0,0.1136769748899274,0,0.0279508077919165,1,0.05114605543710023,1,0.005683598567134879,1,0.0037193614711114042,1,0.07628626784970682,0,0.8782809032859343,1,0.055139854612019035,1,0.008740178900036755,1,0.01624483043837882,1,0.0021805916212145407,1,0.008648843026103692,1,0.051372231777841226,0,0.30704359649329216,0,0.4227902920851194,0,0.16978140514126794,0,0.16978140514126794,0,0.020155405578794312,1,0.048791521261470794,1,0.24784249365329744,0
XGBoost,28,0.36960188933873145,0,0.3141920295947537,0,0.2359112709832134,0,0.2359112709832134,0,0.013512581165367882,1,0.17032967032967028,0,0.5011115670204163,0,0.8062338839774214,1,0.09682991316323047,1,0.003083542158404229,1,0.03905039893098547,1,0.00776298430075241,1,0.007106716520307366,1,0.0632556047562366,0,0.798439293223733,0,0.09362078706235344,1,0.037023465186574955,1,0.0467102960200898,1,0.0041401576530360334,1,0.018741045451369565,1,0.10058467755926415,0,0.2825427590795408,0,0.4350838456610319,0,0.19515007524664174,0,0.19515007524664174,0,0.016170095887047216,1,0.07997375151433572,1,0.2940022945404053,0
XGBoost,29,0.5288502154262059,0,0.2344459391289726,0,0.1673946957878315,0,0.1673946957878315,0,0.028446019917895436,1,0.1947368421052632,0,0.6656799912452698,0,0.7482840487086176,0,0.13342581708484164,0,0.0484612466898775,1,0.05523331245805191,1,0.0031087123576362397,1,0.0017498520345705648,1,0.06427676344114075,0,0.8222195603198648,1,0.08338919142133439,1,0.009824134186608435,1,0.044257398859625305,1,0.008465650369672353,1,0.01704207853940476,1,0.09250284074903367,0,0.28876201597264217,0,0.44389201513787013,0,0.21750680930012234,0,0.21750680930012234,0,0.015185815080006534,1,0.09165103189493429,1,0.2609760056842457,0
XGBoost,30,0.6524231370505471,0,0.16823608542122082,0,0.12629161882893225,0,0.12629161882893225,0,0.01692598517836927,1,0.08027829810008025,1,0.6715706586837769,0,0.7761764896550692,0,0.11573935591940637,0,0.02877347393476426,1,0.02877347393476426,1,0.00024345010923721572,1,0.032434111416546285,1,0.07412161897210512,0,0.8335259995209382,1,0.07742551094298311,1,0.019207143773951607,1,0.03915311174830606,1,0.00444629557366466,1,0.014312003008811525,1,0.0773820760094116,0,0.2816410514823213,0,0.44871996642534884,0,0.19473585495467327,0,0.19473585495467327,0,0.01983143275947035,1,0.11953935471590371,0,0.22101151484709525,0
LightGBM,1,0.5229741019214703,0,0.2400369934420717,0,0.22860962566844922,0,0.22860962566844922,0,0.021300597741184257,1,0.08253968253968247,1,0.7800712277680693,0,0.7616579312471097,0,0.1265241407528641,0,0.03954418808945814,1,0.05430017722360263,1,0.0054525945894855765,1,0.0022863801324408684,1,0.057462260161228906,0,0.826808219871438,1,0.08219433101128992,1,0.015384331763252712,1,0.02896442355793051,1,0.003170172044909013,1,0.007638420848395722,1,0.07952581912481094,0,0.29347897643698434,0,0.4432122275474237,0,0.21835510816020565,0,0.21835510816020565,0,0.012339842425185668,1,0.07110174165198979,1,0.1789531487125675,0
LightGBM,2,0.6346202585114471,0,0.18181436018160418,0,0.05060943296237408,1,0.05060943296237408,1,0.01462451519122232,1,0.05912252541466023,1,0.5406156781348899,0,0.7574986932336156,0,0.12491079934152127,0,0.03757181069085236,1,0.03757181069085236,1,0.0026591966194516245,1,0.01877910873562816,1,0.07825449192829209,0,0.7980303717107474,0,0.09302793339063892,1,0.03605053721318774,1,0.03605053721318774,1,0.004934134419018819,1,0.001074710939816148,1,0.08376704202145019,0,0.29611188806295846,0,0.4283746835076508,0,0.14406128001892826,0,0.14406128001892826,0,0.026870393353975286,1,0.09665439514306007,1,0.22672715663485493,0
LightGBM,3,0.4265031510815875,0,0.2830839078526988,0,0.09705882352941175,1,0.1281645569620253,0,0.032796625417920305,1,0.1527777777777778,0,0.38870927974556,0,0.765958459658197,0,0.11898271926516757,0,0.038109217412280905,1,0.038109217412280905,1,0.00015291757012956403,1,0.016299051483466,1,0.05944166107882998,0,0.8303167492042703,1,0.0770361032141137,1,0.020797598627787295,1,0.03008383695625534,1,0.0024347665359898824,1,0.0019095581708329368,1,0.10741283415859193,0,0.27492728171886344,0,0.44264425470684027,0,0.2306435988710791,0,0.2306435988710791,0,0.017926732071522976,1,0.09188838108213004,1,0.26002730793733175,0
LightGBM,4,0.6853835927113475,0,0.16911888347065746,0,0.2100456621004566,0,0.2100456621004566,0,0.013175517455428686,1,0.21325051759834368,0,0.7572432333230799,0,0.7580123470036232,0,0.12690492428736294,0,0.03600187265917609,1,0.05133485220467347,1,0.006065580993900442,1,0.0007100591715976101,1,0.05860563901623472,0,0.835649491060598,1,0.0762478590653291,1,0.03755191020925441,1,0.03755191020925441,1,0.0029473883862123768,1,0.022496885312619397,1,0.09676422768171916,0,0.29815859754235957,0,0.4322256817530471,0,0.18105680530830237,0,0.18105680530830237,0,0.014324005411903463,1,0.04077831959356526,1,0.23090017104951432,0
LightGBM,5,0.7078651685393258,0,0.1460674157303371,0,0.06990131578947367,1,0.13294745815946515,0,0.029477754624336723,1,0.11261299315704987,0,0.6435146592559119,0,0.7354368133250907,0,0.14030511456511563,0,0.056257335134362596,1,0.056257335134362596,1,0.0017174691579094487,1,0.005869783540615625,1,0.06495139945305944,0,0.8474977733702773,1,0.07035508535906454,1,0.0042904985086889,1,0.03968086615471321,1,0.0076305396037207665,1,0.018822134898052623,1,0.09230502037465016,0,0.29900097148501525,0,0.42987180435225986,0,0.19946482182482705,0,0.19946482182482705,0,0.029076913369179523,1,0.11674757281553405,0,0.2635563054437542,0
LightGBM,6,0.6509358502639578,0,0.18345384227341516,0,0.14552238805970152,0,0.14552238805970152,0,0.023367119429568227,1,0.20434884264671505,0,0.5554282379934277,0,0.754674026348354,0,0.1265639298697538,0,0.04454427657770499,1,0.04454427657770499,1,0.003477928232448718,1,0.011482605998144324,1,0.07878668153619395,0,0.8280283443933809,1,0.07860552471875443,1,0.022179417221434017,1,0.03462332436175494,1,0.00015411275779488032,1,0.009636559026126146,1,0.11506070822076764,0,0.30139542527858004,0,0.4258007025532641,0,0.17220905826699207,0,0.17220905826699207,0,0.014207077278030035,1,0.11499599839935981,0,0.26597715340418926,0
LightGBM,7,0.718478439088375,0,0.14435850008407608,0,0.06871066480608323,1,0.06871066480608323,1,0.012393804691879513,1,0.05838248525442369,1,0.35576082529527714,0,0.7537594484487621,0,0.1276122261355918,0,0.028489787470308614,1,0.05547994514808623,1,0.005053671842967011,1,0.006072041716807086,1,0.1307476404926795,0,0.8494044453593627,1,0.06862634852655042,1,0.01651031914995993,1,0.0287476161798655,1,0.0007507435070020982,1,0.006995021494733411,1,0.09027376740609261,0,0.29116280377526066,0,0.4352948835844993,0,0.1844400965996409,0,0.1844400965996409,0,0.017026586503821148,1,0.051215512939331354,1,0.2107933219844833,0
LightGBM,8,0.6295675494468655,0,0.18580797040524633,0,0.1613247863247863,0,0.1613247863247863,0,0.015360341175366304,1,0.0573539418683775,1,0.6200136106601383,0,0.768309291781449,0,0.11729420845648231,0,0.049454094844923246,1,0.049454094844923246,1,5.627161232984318e-05,1,0.017038616992140487,1,0.09985173557094007,0,0.8316103596866429,1,0.07634130470755246,1,0.015519190917153924,1,0.03190604091225209,1,0.003946068493520888,1,0.00472114250775213,1,0.097907257531193,0,0.29430456029627683,0,0.42549283864489185,0,0.22744890768146575,0,0.22744890768146575,0,0.028500553051086105,1,0.09860323003055438,1,0.2530276828330106,0
LightGBM,9,0.5491228070175439,0,0.2376828653102404,0,0.13890374331550803,0,0.13890374331550803,0,0.013867204359197804,1,0.16515151515151516,0,0.6037950929708884,0,0.7453029343466329,0,0.13440040597995268,0,0.030701375382790608,1,0.06010776475510819,1,0.0069539757023090384,1,0.004741456432277746,1,0.05238964794494744,0,0.8096961981278,1,0.0889718370198791,1,0.026038835676877592,1,0.030380122967013867,1,0.004117260828317579,1,0.003437370479159485,1,0.06337182197136465,0,0.3116055721960728,0,0.4272793000162307,0,0.17625743190092014,0,0.17625743190092014,0,0.014753335768642545,1,0.07675722901753002,1,0.2406066746390811,0
LightGBM,10,0.7489596337910945,0,0.12993143554582326,0,0.2529787737710093,0,0.2529787737710093,0,0.07158149503725955,1,0.20461147421931736,0,0.5490602969264231,0,0.7302082737745302,0,0.1421993749217622,0,0.04522065156440691,1,0.05313976809891159,1,0.003514331036774107,1,0.007968266605211216,1,0.05347197225961109,0,0.8263170830389637,1,0.07976921072497367,1,0.031198521644412947,1,0.031198521644412947,1,0.0017836914889480457,1,0.021440472577517133,1,0.056265542992608775,0,0.28284911216736086,0,0.4452667740852966,0,0.19752143281555046,0,0.19752143281555046,0,0.012708120883902545,1,0.08910574308110697,1,0.2717933873942372,0
LightGBM,11,0.4684459965078573,0,0.2687489490499412,0,0.04503787878787879,1,0.07142857142857142,1,0.018903174449369002,1,0.1284722222222222,0,0.546326800210924,0,0.7574556236274562,0,0.12679363175152725,0,0.03226582364773911,1,0.051899943818559044,1,0.004988985149279486,1,0.007038687968877411,1,0.09681924888948579,0,0.8121008939627936,1,0.08755386563221462,1,0.044082569307416386,1,0.044082569307416386,1,0.005244881498471521,1,0.008910233704700676,1,0.08162634671996599,0,0.29012081371389453,0,0.4407949469735127,0,0.197891483627326,0,0.197891483627326,0,0.020923220471109207,1,0.08523869707588905,1,0.18585598515398138,0
LightGBM,12,0.7459103002372488,0,0.13353915530662164,0,0.06926856926856928,1,0.0835936188077246,1,0.005563038161942924,1,0.14057750759878418,0,0.7937923903159226,0,0.7532240316224972,0,0.12923179940743384,0,0.04103283356007792,1,0.049094870373866506,1,0.0015208531725893412,1,0.0024536894175293256,1,0.0708473753962246,0,0.812341289557966,1,0.08749985395145188,1,0.0331364311712572,1,0.038251610367214445,1,0.0020271211104918863,1,0.012344262853638321,1,0.11948846992568307,0,0.2938872755810806,0,0.4355771703838578,0,0.16449119040671423,0,0.16449119040671423,0,0.016640075626689357,1,0.10927917164476308,0,0.2919653331759578,0
LightGBM,13,0.631578947368421,0,0.1842105263157895,0,0.20346320346320346,0,0.20346320346320346,0,0.03076517107403621,1,0.15189873417721522,0,0.5897460256513876,0,0.7520568881924594,0,0.1299131113563473,0,0.04949564668799278,1,0.054751544493287396,1,0.004783489637054009,1,0.006399263771403985,1,0.12320562153831638,0,0.8320346913958778,1,0.07781067053851837,1,0.040309534530778346,1,0.040309534530778346,1,0.003696048564183943,1,0.011208351476962641,1,0.12389227775765838,0,0.2915841188978149,0,0.44095274231870707,0,0.19169251086708206,0,0.19169251086708206,0,0.017101108109802025,1,0.08351555929352406,1,0.15015006506580147,0
LightGBM,14,0.7350370156114416,0,0.13502107351429732,0,0.06657291809576071,1,0.06657291809576071,1,0.018097282036546855,1,0.06320346320346326,1,0.5819674509828965,0,0.7647742257099668,0,0.12081236720880922,0,0.03534489445831834,1,0.047616081716545744,1,0.004643332908952816,1,3.155790278119852e-05,1,0.10122276517109102,0,0.791329887930549,0,0.09677162722074178,1,0.013468276811412827,1,0.03986831761006289,1,0.003914733712128228,1,0.00803321769898968,1,0.0687203288353585,0,0.28146435794520697,0,0.4399163158232441,0,0.18442578495231698,0,0.18442578495231698,0,0.02176153508078959,1,0.15973342896419818,0,0.2794732246616256,0
LightGBM,15,0.7544889762874214,0,0.12334379705687853,0,0.09816849816849815,1,0.09816849816849815,1,0.03690676775151453,1,0.034545226340891966,1,0.35270448357463313,0,0.7589011252757802,0,0.12484757886137171,0,0.03948523595162101,1,0.04663247937222319,1,0.0013457124443270949,1,0.008395366809878069,1,0.08347642361228463,0,0.7709013193683953,0,0.10699888840837568,0,0.03470403607470063,1,0.03521966509248381,1,0.005680123274208415,1,0.00883553473130494,1,0.06505279381133666,0,0.29189027026221254,0,0.43632871075226587,0,0.188051219167099,0,0.188051219167099,0,0.013175631279121608,1,0.08227531151500866,1,0.35118734357231535,0
LightGBM,16,0.6449729544088606,0,0.17382713973431985,0,0.08730656629025513,1,0.08730656629025513,1,0.00655763185353956,1,0.0626614987080103,1,0.4966936405391004,0,0.7559023273271175,0,0.1270277475342778,0,0.038406321525210396,1,0.05767371333223595,1,0.005290537628433435,1,0.004172437629716086,1,0.0642753524466878,0,0.8333359134898942,1,0.07695541016259355,1,0.03222288320444178,1,0.03222288320444178,1,0.002505047100190276,1,0.00709598635485309,1,0.048402201585314164,1,0.2897370653095844,0,0.4358053603955243,0,0.1746400538084133,0,0.1746400538084133,0,0.02354208049591571,1,0.08304870335230863,1,0.16579895725016858,0
LightGBM,17,0.6216484607745779,0,0.19219774676307388,0,0.0641025641025641,1,0.0641025641025641,1,0.028408102821605188,1,0.08771929824561397,1,0.5698188490761829,0,0.7497423245967324,0,0.12710850834721338,0,0.04250574507297311,1,0.06181436875218732,1,0.005088018603587048,1,0.013815188290555835,1,0.0754810737638309,0,0.8404185130018826,1,0.07139288407497002,1,0.02178837363911368,1,0.026330221570667903,1,0.0019846825934562023,1,0.00016521396388424758,1,0.06746415532088612,0,0.28804908815871216,0,0.4296111395708171,0,0.1821679048753284,0,0.1821679048753284,0,0.02370279747968696,1,0.08552798982188292,1,0.1896696419251711,0
LightGBM,18,0.5627656096763648,0,0.2249033125945855,0,0.17321428571428565,0,0.17321428571428565,0,0.017550058980882195,1,0.06385281385281383,1,0.35470033329196005,0,0.7638034173910171,0,0.12291208035222889,0,0.04298975649269199,1,0.04298975649269199,1,0.0003439201555130583,1,0.026790465816301068,1,0.07003036668625956,0,0.8314031606388977,1,0.07827211808042339,1,0.008701373234903276,1,0.03409888297938285,1,0.0037272775938572422,1,0.003503981619337293,1,0.06063463953886228,0,0.305656388368104,0,0.4236288919254961,0,0.16378327081813449,0,0.16378327081813449,0,0.01602397151294449,1,0.082997377294867,1,0.23351086953565733,0
LightGBM,19,0.61583866207575,0,0.1969900790314445,0,0.17903415783274446,0,0.17903415783274446,0,0.04404064745486904,1,0.07159624413145538,1,0.6200136106601383,0,0.7882191618709691,0,0.10831844324052942,0,0.03506252806206478,1,0.04463176924276538,1,0.0046486654916874995,1,0.00020602259554380886,1,0.07196395265493433,0,0.8366381753804926,1,0.07584414221104707,1,0.03355660123344395,1,0.038563254865449106,1,0.0007182992668926039,1,0.01676393446440061,1,0.08053471032116533,0,0.2985052336499524,0,0.43281640876472294,0,0.17643332791944133,0,0.17643332791944133,0,0.01956496716924653,1,0.07718446601941753,1,0.25382986960455134,0
LightGBM,20,0.5789473684210527,0,0.21052631578947367,0,0.09447246742328708,1,0.1098559728890144,0,0.04543906454328524,1,0.1532467532467533,0,0.5529676916101499,0,0.7560085589401551,0,0.12855389182775956,0,0.01689714585362201,1,0.04685827971715838,1,0.0053912996246015255,1,0.01425333493090497,1,0.05079104433954451,0,0.8162403839147225,1,0.08585861963512825,1,0.017958387842937684,1,0.03238458978589448,1,0.001678426968632761,1,0.0017059722677148503,1,0.07182482505146748,0,0.2886550774554863,0,0.43657862999472363,0,0.1675784542995108,0,0.1675784542995108,0,0.020372801412484792,1,0.13756685858344975,0,0.2702703339069248,0
LightGBM,21,0.5927562534522213,0,0.21695813014965526,0,0.22613803230543328,0,0.22613803230543328,0,0.045262142654679774,1,0.07821089455272356,1,0.5964405506338235,0,0.7629986815721793,0,0.1224420660907089,0,0.04023541446695411,1,0.05745827372436814,1,0.00565834922454983,1,0.00848978418239632,1,0.09410990378081108,0,0.8167911605451768,1,0.08473313917595637,1,0.04672745211296869,1,0.04672745211296869,1,0.00549163795667959,1,0.02280034960268773,1,0.09042243056240934,0,0.28841266748923094,0,0.43956825682086825,0,0.2062127221034159,0,0.2062127221034159,0,0.009291468847823808,1,0.11923154954195736,0,0.20037508246644659,0
LightGBM,22,0.6953178400546821,0,0.14990751639482092,0,0.08880355214208568,1,0.08880355214208568,1,0.02510112528711573,1,0.12362637362637363,0,0.7399123173989025,0,0.7627838377342189,0,0.1234887969855969,0,0.04280071075687386,1,0.045289768742711636,1,0.002571685197972101,1,0.009378670477306339,1,0.06104049321932298,0,0.8320472600908148,1,0.0775965193453208,1,0.029238013698630105,1,0.031000138918291675,1,0.0010029938987725848,1,0.0022392485085417357,1,0.0628938776507112,0,0.27185504900638435,0,0.4545215994162509,0,0.20879739959722954,0,0.20879739959722954,0,0.014801786027289827,1,0.07986889117664875,1,0.19152681694629198,0
LightGBM,23,0.657850950170768,0,0.16424247519757862,0,0.1560509554140127,0,0.1560509554140127,0,0.03157715199457517,1,0.0818635607321131,1,0.5830479793618598,0,0.7425638119412632,0,0.13434204133813382,0,0.03363789924729199,1,0.046772229323122666,1,0.006469038245885073,1,0.010517925536538852,1,0.0520191652028954,0,0.8585304680296847,1,0.06425309420165715,1,0.007688543396468628,1,0.033805471018461625,1,0.004561012620523663,1,0.015185881437970505,1,0.12816324614788754,0,0.297340196683621,0,0.4281224356158252,0,0.17820401089666527,0,0.17820401089666527,0,0.013657587313025119,1,0.11442800906596684,0,0.3450747194377398,0
LightGBM,24,0.7910224438902743,0,0.10448877805486284,0,0.11507028440666878,0,0.11507028440666878,0,0.03610647159694645,1,0.06157720606389805,1,0.3576315075401179,0,0.7766803009875014,0,0.11400449319645417,0,0.03050017685847428,1,0.04829024025844385,1,0.005695035329354725,1,0.004185430260699063,1,0.06955465241389269,0,0.8506984123803968,1,0.0682268992578085,1,0.007938337559763031,1,0.03875841558646975,1,0.005042032399214698,1,0.021316944817602934,1,0.12052172221027269,0,0.2874147287594072,0,0.4413516355268752,0,0.1714661317557996,0,0.1714661317557996,0,0.019874540909964322,1,0.07269104141396643,1,0.2627996439343131,0
LightGBM,25,0.5592917478882392,0,0.22809820077349918,0,0.07009063444108754,1,0.09142165340712557,1,0.015983234659211323,1,0.22924901185770752,0,0.5350446808257341,0,0.762212447811105,0,0.1239435655092117,0,0.03526983548837492,1,0.055100398445510346,1,0.0041691853383950955,1,0.0005078749556876039,1,0.046011126009235515,1,0.8133146706324906,1,0.08728849378945502,1,0.025590408577224055,1,0.025590408577224055,1,0.0029528880883580924,1,0.01575167413676737,1,0.088675715536498,0,0.27367864554545057,0,0.4461593083696257,0,0.18466797430212067,0,0.18466797430212067,0,0.01994092986574888,1,0.071055900621118,1,0.29547614952390494,0
LightGBM,26,0.6809472010710401,0,0.1602909029762905,0,0.0301659125188537,1,0.04054329371816638,1,0.015237314421309933,1,0.04858299595141702,1,0.6720289587776269,0,0.7524224437002426,0,0.12808084915892787,0,0.03157536125892624,1,0.05612505024394432,1,0.008390027741272427,1,0.0037693404083595228,1,0.05098079016219503,0,0.8426818545584736,1,0.07167827030346574,1,0.015416116122575652,1,0.038729895038888476,1,0.0024613847795015575,1,0.019046655879180086,1,0.09228395546937307,0,0.27177068559390555,0,0.44934011321582035,0,0.20072280218841665,0,0.20072280218841665,0,0.01799875352674176,1,0.061646648188071085,1,0.3619993905805048,0
LightGBM,27,0.6681993595533295,0,0.16987556751303173,0,0.1631382316313823,0,0.1631382316313823,0,0.029366468921293333,1,0.2887249736564804,0,0.663248625054947,0,0.7746362783312787,0,0.11458748698099108,0,0.03563337458719662,1,0.045962153518123675,1,0.004482844186994683,1,0.001130789612499905,1,0.09747062644427107,0,0.8749479857459096,1,0.056340416974328456,1,0.009679484102219527,1,0.01765922249793217,1,0.0016438438137157119,1,0.006369147959834787,1,0.06264175942263261,0,0.2971834259427061,0,0.42847369561051485,0,0.17597180509130383,0,0.17597180509130383,0,0.019758621765790046,1,0.033393801025501935,1,0.33868989883827977,0
LightGBM,28,0.5305534367319265,0,0.2328484950395157,0,0.24841772151898733,0,0.24841772151898733,0,0.0206362104278707,1,0.38566827697262485,0,0.5531552764474591,0,0.7958410253167749,0,0.10202349201120026,0,0.009808817876513665,1,0.042080927518971814,1,0.006483200162580589,1,0.0027081830174836563,1,0.07805084947146562,0,0.8064043768623009,1,0.08903299337404541,1,0.034918199742894895,1,0.03979529716155543,1,0.0032904609796680293,1,0.012329438603705167,1,0.08255075474208323,0,0.2746139200338481,0,0.43754510485594095,0,0.21038490747449967,0,0.21038490747449967,0,0.016278792094313058,1,0.06920634920634927,1,0.24262329907538366,0
LightGBM,29,0.5331289388519843,0,0.2304523289053304,0,0.1673946957878315,0,0.1673946957878315,0,0.022032847444172388,1,0.19967637540453076,0,0.7901173708984988,0,0.7580908732628221,0,0.12672054472093774,0,0.03315936898314764,1,0.05526949073461862,1,0.0030294136455218806,1,0.0025743755508630395,1,0.06481469679636387,0,0.8301583641042077,1,0.07912461647367314,1,0.00656133956160343,1,0.038497044633346564,1,0.00802887006702907,1,0.012072185743813635,1,0.08827291974911708,0,0.2868091908091908,0,0.4459554088734572,0,0.200193423597679,0,0.200193423597679,0,0.015214231331871157,1,0.06720846233230138,1,0.1789603096856135,0
LightGBM,30,0.7126718626849987,0,0.13792668572389438,0,0.14121699196326054,0,0.14121699196326054,0,0.007846592303416562,1,0.1226161525662357,0,0.6657183663316739,0,0.767924926611461,0,0.12019523344878735,0,0.0369909079586499,1,0.0369909079586499,1,0.00024801599385435025,1,0.031636822497295936,1,0.0788136212925693,0,0.834313448505586,1,0.07669492927888766,1,0.014179364468159261,1,0.041418155795133096,1,0.004161955614066008,1,0.018770941900056903,1,0.14668827391489891,0,0.278458221933184,0,0.4490047514126835,0,0.19463832447639895,0,0.19463832447639895,0,0.021536771455996334,1,0.11027893801910804,0,0.17257193143228844,0
AdaBoost,1,0.6633698339809254,0,0.16024886497393648,0,0.17245989304812837,0,0.17245989304812837,0,0.0051175306478958085,1,0.279082774049217,0,0.39696293286160805,0,0.7135152771380315,0,0.15269026186579382,0,0.07568775728043298,1,0.09328189716028953,1,0.00320147418069228,1,0.01074462957775979,1,0.19843463126892955,0,0.8041834306727234,1,0.09060573304507968,1,0.03881281364850819,1,0.040740207590881636,1,0.0004996198380772948,1,0.010612565216759462,1,0.18133682573690824,0,0.20445105523125282,0,0.49796886590878336,0,0.40733204826158353,0,0.40733204826158353,0,0.005056311886253422,1,0.06944444444444453,1,0.23329877601664695,0
AdaBoost,2,0.6513483048643024,0,0.16903480746594923,0,0.1691542288557214,0,0.1691542288557214,0,0.0033878956700901172,1,0.19330038440417352,0,0.3415382902959702,0,0.6890318185229879,0,0.1674312766349884,0,0.08481887702613111,1,0.09794224616478436,1,0.0022582026726572953,1,0.00910038829360904,1,0.20764285193151366,0,0.7815785260686269,0,0.10021796427822116,0,0.058790162642729515,1,0.058790162642729515,1,0.0005124860808013686,1,0.010863095238095144,1,0.21497733618264803,0,0.2043153366780427,0,0.49674309891253526,0,0.35421412300683375,0,0.35421412300683375,0,0.0022981264151118556,1,0.08366331471534261,1,0.21689610059754816,0
AdaBoost,3,0.5622417819292258,0,0.2048932234740205,0,0.22352941176470587,0,0.22352941176470587,0,0.0089203042127219,1,0.2395904436860068,0,0.28264936383972405,0,0.7043405938553772,0,0.15366613807732965,0,0.0812090923153912,1,0.08700830723198227,1,0.0046450107010209025,1,0.005162769781333232,1,0.2115890739540086,0,0.8154416410409882,1,0.08210151403868682,1,0.03466266437964549,1,0.041452507787643214,1,0.00034300548721871715,1,9.93284259608318e-05,1,0.18917694324459428,0,0.17753822869743616,0,0.5129229379561822,0,0.4635145372027701,0,0.4635145372027701,0,0.005224852178526064,1,0.10990050716078115,0,0.2289610132740718,0
AdaBoost,4,0.5180403839788149,0,0.2448293257104423,0,0.2588744588744589,0,0.2588744588744589,0,0.006406167043485057,1,0.06320754716981125,1,0.34377974736690053,0,0.6975099769691713,0,0.1620571721509353,0,0.08969452247191012,1,0.0949181065610268,1,0.003278227433902825,1,0.008267387728161157,1,0.19563637074646734,0,0.7857288897975874,0,0.09829540820487725,1,0.0602749142153749,1,0.0602749142153749,1,0.0008150600171524594,1,0.001049377463909873,1,0.20492838009251169,0,0.2033971350141001,0,0.4915013991932809,0,0.4168352484220748,0,0.4168352484220748,0,0.008151820696228346,1,0.08533034714445686,1,0.21332758041435462,0
AdaBoost,5,0.7410307776361319,0,0.1195560786951404,0,0.21470342522974095,0,0.21470342522974095,0,0.01040360615412524,1,0.075151384083045,1,0.35314118109635884,0,0.6807373854439438,0,0.16931372151443025,0,0.09489444452273055,1,0.09895552214836416,1,0.004537432709636774,1,0.011895952310730928,1,0.21617422765678834,0,0.8230001749358549,1,0.07884184694727275,1,0.03131619383348627,1,0.04677901271960261,1,0.00015055109217606763,1,0.012408904973242318,1,0.20580232464014037,0,0.20713366151251159,0,0.48379855335144484,0,0.37882594206613684,0,0.37882594206613684,0,0.005518293076892472,1,0.13504907306434022,0,0.2877645181045687,0
AdaBoost,6,0.5374774620073839,0,0.22645871868168826,0,0.12437810945273631,0,0.12437810945273631,0,0.00432087607099645,1,0.07799650190881424,1,0.6340759689768233,0,0.7105555716987,0,0.15034745922364345,0,0.07840160623402848,1,0.08222392776523701,1,0.004723699471140305,1,0.0010171894930942615,1,0.21680153241837996,0,0.7955756961286634,0,0.09181603572920677,1,0.05691258321510417,1,0.05691258321510417,1,0.0020730879779599504,1,0.001880932509558897,1,0.18954309719540896,0,0.20792213706153187,0,0.483690653266017,0,0.38755980861244016,0,0.38755980861244016,0,0.006614379978904808,1,0.11100030952669326,0,0.2131851586382641,0
AdaBoost,7,0.7067917318047594,0,0.14192029594753658,0,0.0823857149381193,1,0.0823857149381193,1,0.003745624444753265,1,0.0657687496967696,1,0.3291359846993607,0,0.6599811971168912,0,0.1826026904372251,0,0.11310824263012476,0,0.11310824263012476,0,0.0036292010229373485,1,0.023397600855140754,1,0.21791144211711902,0,0.7857493373667724,0,0.0957416016569681,1,0.05367390823168883,1,0.06124786710830071,1,0.0004861595019574408,1,0.028851736712373066,1,0.18424364921741898,0,0.18149977164020045,0,0.5012879757847146,0,0.41679500342231346,0,0.41679500342231346,0,0.007312130937356668,1,0.040116328799931544,1,0.24473812850643029,0
AdaBoost,8,0.6101364522417154,0,0.18496721035816377,0,0.21794871794871795,0,0.21794871794871795,0,0.014193385201419804,1,0.1262626262626262,0,0.739909090671761,0,0.7135821886139325,0,0.14780342740912344,0,0.09040853457114051,1,0.09040853457114051,1,0.004921201396615896,1,0.002434286045357892,1,0.20548393503990042,0,0.7863089588291909,0,0.09602028488922565,1,0.051851415937015255,1,0.05368084366531571,1,0.00010982994031979651,1,0.009855403921096517,1,0.1867961545997855,0,0.21669307215900907,0,0.4790532565227349,0,0.3651780245121506,0,0.3651780245121506,0,0.005087774117716371,1,0.06384180790960459,1,0.2152373311182546,0
AdaBoost,9,0.5836087804051191,0,0.20653270556583148,0,0.09090909090909094,1,0.09090909090909094,1,0.007545652565054125,1,0.1477272727272727,0,0.4041454058342647,0,0.681330757329186,0,0.17083923840251292,0,0.08182416865238373,1,0.10914060416923393,0,0.002237735097996966,1,0.02211563046973164,1,0.19854726614356602,0,0.7722044166667847,0,0.1041342224875978,0,0.06079999200197428,1,0.06079999200197428,1,0.0012217610857509914,1,0.0044739786324905495,1,0.1946058519927356,0,0.22173138253017288,0,0.48361472190909666,0,0.3663633536395734,0,0.3663633536395734,0,0.0055483564859398725,1,0.05230517173405469,1,0.20407488203939597,0
AdaBoost,10,0.7338539506195105,0,0.132435294539972,0,0.27878166180067865,0,0.27878166180067865,0,0.02736126873000634,1,0.1476725521669342,0,0.39454327612128515,0,0.6857239462286763,0,0.16607115781310883,0,0.07936667916840245,1,0.09513285168703145,1,0.003976687315301913,1,0.004184228934246859,1,0.18638288152892912,0,0.786564542511931,0,0.0960562497114556,1,0.05390422812548479,1,0.05390422812548479,1,0.000823339168652043,1,0.007482453490476715,1,0.17970633810190617,0,0.18786141513006344,0,0.5080371712874772,0,0.4129672070848542,0,0.4129672070848542,0,0.006951140422574824,1,0.07577206982683149,1,0.2225010056086144,0
AdaBoost,11,0.44979342554338064,0,0.2575248024213889,0,0.19318181818181823,0,0.19318181818181823,0,0.00661354252278103,1,0.2333617747440273,0,0.5493707828670871,0,0.7093744275455478,0,0.15216791492472548,0,0.07420811809319539,1,0.08959350940906095,1,0.003698880715885422,1,0.0005493603004501635,1,0.18794379742342832,0,0.7601117140990874,0,0.10953998451720232,0,0.09021519911914444,1,0.09021519911914444,1,0.004123312904693678,1,0.010375445831155572,1,0.17907910527865534,0,0.19110692295274403,0,0.5052556527287118,0,0.40144521730710264,0,0.40144521730710264,0,0.006659922973515961,1,0.06724721819061441,1,0.23214596130928994,0
AdaBoost,12,0.7451747300399625,0,0.12598789305532204,0,0.05971659919028338,1,0.05971659919028338,1,0.013140676076123639,1,0.14193399492268632,0,0.3413335508257265,0,0.6829265456901411,0,0.16973512655613016,0,0.09694766306079228,1,0.09952604398214407,1,0.00410168946450945,1,0.01707480770032177,1,0.22071936488786256,0,0.7880349462356699,0,0.09640623289570921,1,0.04515785884254142,1,0.05757411493203489,1,0.0002157421618899924,1,0.02095364831634383,1,0.21405292370782947,0,0.18903409421514095,0,0.5012100770777459,0,0.4000826767824142,0,0.4000826767824142,0,0.004218810518449641,1,0.08075657007177162,1,0.20442723534006013,0
AdaBoost,13,0.6060552719591622,0,0.1881620985370775,0,0.3867243867243868,0,0.3867243867243868,0,0.033801018398213714,1,0.13759213759213762,0,0.3296546712344126,0,0.6943301485011201,0,0.1630403812114381,0,0.08890149435994099,1,0.10508865985505524,0,0.0033138771990865352,1,0.02652908819350841,1,0.1901741837633228,0,0.8019255060725129,1,0.09015954109796387,1,0.06410312536482043,1,0.06410312536482043,1,0.0037513857524176693,1,0.00984138655397937,1,0.1840511591574897,0,0.19109246223250495,0,0.5078183452543157,0,0.40712986984537286,0,0.40712986984537286,0,0.00559369308420608,1,0.053555569358584076,1,0.22065325404323072,0
AdaBoost,14,0.7307048424320075,0,0.13271175097400267,0,0.12710934284538344,0,0.12710934284538344,0,0.005374935690613449,1,0.06359260702961334,1,0.3363552845321812,0,0.6871532483961327,0,0.16680621141011426,0,0.09247672284678499,1,0.1077408075665764,0,0.0025002274534997176,1,0.025556446143412015,1,0.2087040350888642,0,0.7642850992114748,0,0.1077869405755687,0,0.04779260596742774,1,0.05261399371069182,1,0.0008743765834387761,1,0.0018127180651434927,1,0.1948512437989911,0,0.18651761091362842,0,0.5105409322810498,0,0.3952466307109871,0,0.3952466307109871,0,0.003322884129449248,1,0.08660242613969871,1,0.22283752747637153,0
AdaBoost,15,0.7525957832691,0,0.12231219703550111,0,0.09743589743589742,1,0.09743589743589742,1,0.0069743047478262946,1,0.09549148606811153,1,0.6685425907220975,0,0.7171567464525556,0,0.14662153059938554,0,0.06739655058636018,1,0.08803829361644837,1,0.0039933471873462925,1,0.0053948767949945076,1,0.20925644716797198,0,0.7420789859478739,0,0.11776275280376419,0,0.06478594387489278,1,0.06478594387489278,1,0.0018418897527020528,1,0.01335148161022337,1,0.1768557716476348,0,0.20267071777261247,0,0.48960143677243095,0,0.4248185903612023,0,0.4248185903612023,0,0.006480188061357334,1,0.13441493960697748,0,0.21021522814585758,0
AdaBoost,16,0.6449729544088606,0,0.17382713973431985,0,0.11388385457812467,0,0.11388385457812467,0,0.00875059457816781,1,0.040428192433126675,1,0.32273751824818575,0,0.7022956391068843,0,0.15756119154085457,0,0.07295026878251387,1,0.10842123829080078,0,0.002376048117262112,1,0.02460867235638564,1,0.1932747551639887,0,0.7773410572240126,0,0.10204435445142279,0,0.07508684977700064,1,0.07508684977700064,1,0.0024409779166926944,1,0.0007522923334011278,1,0.19717062320425027,0,0.19360514887982075,0,0.5027220359910813,0,0.40120727506137094,0,0.40120727506137094,0,0.005249137322782559,1,0.07103586511051374,1,0.2101463601218948,0
AdaBoost,17,0.6439225098577062,0,0.17462586177904826,0,0.21794871794871795,0,0.21794871794871795,0,0.01129496255085417,1,0.19583333333333341,0,0.3432802719289944,0,0.6891948215977266,0,0.1653219034054646,0,0.08925319528866094,1,0.11402957111619252,0,0.0035139826846044622,1,0.029910554561717317,1,0.2034659182134539,0,0.7856423568228977,0,0.09741635186318465,1,0.06063497296512477,1,0.06063497296512477,1,0.000546775909628823,1,0.011439487149844663,1,0.20156890226277846,0,0.19651439363382123,0,0.4972970317870973,0,0.3950478527691707,0,0.3950478527691707,0,0.00355579600874089,1,0.06903960766202633,1,0.22093529585320348,0
AdaBoost,18,0.6701159678858162,0,0.15545653270556586,0,0.07370742465082081,1,0.09013605442176871,1,0.013198543070347676,1,0.08807122934992495,1,0.27659981836958003,0,0.6965853278747025,0,0.16085924600990636,0,0.08289714199694631,1,0.09378322399116554,1,0.0037491123957487313,1,0.004732483989710268,1,0.2090980281708738,0,0.7915611183644565,0,0.09475540658397463,1,0.05128900342817744,1,0.05128900342817744,1,0.0008251280245324712,1,0.0028075999110390715,1,0.19690081415174998,0,0.2165411849419283,0,0.48420712596923937,0,0.36378114194430045,0,0.36378114194430045,0,0.005657124673407652,1,0.0970064148253742,1,0.22868451293412628,0
AdaBoost,19,0.7524684468103374,0,0.12119556078695143,0,0.1564407324124638,0,0.1564407324124638,0,0.010099790814265229,1,0.13563271964577017,0,0.30355860188189393,0,0.716809440463792,0,0.14866167490085264,0,0.08570224344992539,1,0.0953489111525295,1,0.0034204140399383964,1,0.022059283075470115,1,0.198708791162478,0,0.7916273554000576,0,0.09538772618037444,1,0.05591527444770694,1,0.0661320927954949,1,0.0014118579601629933,1,0.0342937313778241,1,0.19631452601720778,0,0.206849822929019,0,0.49194458522136986,0,0.356163716095501,0,0.356163716095501,0,0.004170282431264671,1,0.05000824039993401,1,0.2181455615762259,0
AdaBoost,20,0.6513483048643024,0,0.16903480746594923,0,0.12062828228007716,0,0.12062828228007716,0,0.011143538631575162,1,0.1070713141025641,0,0.3444733872219493,0,0.7001818806974403,0,0.16159631254275314,0,0.05946852448373163,1,0.09959796611419593,1,0.002728654097660866,1,0.0038985275353360382,1,0.20330530908832486,0,0.7801897106644958,0,0.10161780856036745,0,0.05359990296997763,1,0.05359990296997763,1,0.0004982265560950841,1,0.004252717655523819,1,0.1973777327332688,0,0.1997798313073679,0,0.4970867078165174,0,0.35809180660931406,0,0.35809180660931406,0,0.0013392816579802444,1,0.05084957521239375,1,0.21987917525864697,0
AdaBoost,21,0.7162471395881006,0,0.14595594417353291,0,0.15859030837004406,0,0.15859030837004406,0,0.014669736896985107,1,0.15838509316770188,0,0.2749122643808216,0,0.7093468413746367,0,0.15245819988963988,0,0.06927902058108593,1,0.10990701001430615,0,0.0023312303935867987,1,0.033772312210342825,1,0.2138733865984651,0,0.7806799155437351,0,0.09991955222223536,1,0.0632547190848679,1,0.0632547190848679,1,0.0035657023113272943,1,0.006874499017487601,1,0.18782281830738778,0,0.2006527889610194,0,0.49136233866100204,0,0.4003705770696589,0,0.4003705770696589,0,0.006016120239874516,1,0.1157609222125352,0,0.2353945398946663,0
AdaBoost,22,0.5632028789923527,0,0.20409450142929209,0,0.05727321524422979,1,0.16316820598936468,0,0.010001674209965176,1,0.19999999999999996,0,0.49441759639740124,0,0.7020335105352997,0,0.1599848259386285,0,0.08265404011873345,1,0.10385041432867316,0,0.0025917587652265067,1,0.013847302804254724,1,0.19671839663484728,0,0.8006124391673047,1,0.0914350430085914,1,0.04998707676402181,1,0.05283293635611941,1,0.0012202578838751976,1,0.008541195479481845,1,0.18521651989981291,0,0.17738150738150738,0,0.5199695496291932,0,0.4109220351500943,0,0.4109220351500943,0,0.00538918443359988,1,0.04684684684684681,1,0.22943987470542937,0
AdaBoost,23,0.5831392640894271,0,0.1881200605347234,0,0.09166666666666667,1,0.09166666666666667,1,0.007186830855820458,1,0.14424778761061952,0,0.335195983106651,0,0.6765463663632432,0,0.17259104318029023,0,0.07861418782535867,1,0.1094757706915058,0,0.0016974610064431836,1,0.01599059844965678,1,0.20073521331956046,0,0.8165287648771662,1,0.08191805387404999,1,0.03736211723745109,1,0.0543193295454365,1,0.0006205998492740394,1,0.02276240694789078,1,0.19249906187495447,0,0.1982193635407387,0,0.49518475999436357,0,0.4134776030991857,0,0.4134776030991857,0,0.003457367507815473,1,0.11274725274725272,0,0.20430468742024877,0
AdaBoost,24,0.8016301127523073,1,0.09268880514369027,1,0.14473684210526316,0,0.14473684210526316,0,0.011070242851970762,1,0.057926829268292734,1,0.2424279519233311,0,0.7260080681693593,0,0.14129226700074765,0,0.0693481953945404,1,0.08672492630839912,1,0.0033169826887738847,1,0.016268541902295985,1,0.21788934665355847,0,0.8018470449591385,1,0.08929569349425026,1,0.05111307119445918,1,0.0545608396835561,1,0.00028449811232293676,1,0.02170561171357288,1,0.18596377689826005,0,0.1956107014017185,0,0.49412219913894895,0,0.3876428142398972,0,0.3876428142398972,0,0.0044822612966691,1,0.0704423060748035,1,0.22931534003426912,0
AdaBoost,25,0.5445846020008699,0,0.22006894232386076,0,0.1875,0,0.1875,0,0.00312652597623779,1,0.30000000000000004,0,0.26557912051925003,0,0.704399813955892,0,0.15669988356961856,0,0.07971630344604308,1,0.09926619643934133,1,0.003489346408182825,1,0.01574862574983671,1,0.21250512069435887,0,0.7719810567780742,0,0.10506971633459505,0,0.04697913648217911,1,0.055287543003188444,1,0.0010092075810722717,1,0.0024774376755778427,1,0.19506070618773796,0,0.18950070216401874,0,0.5021450445518929,0,0.3886457800329752,0,0.3886457800329752,0,0.0053244148447065265,1,0.06983677800798416,1,0.21613839846053864,0
AdaBoost,26,0.49836355594869525,0,0.23839751135026063,0,0.23076923076923073,0,0.23076923076923073,0,0.013004354253519711,1,0.07106451143148385,1,0.34076294945427654,0,0.7054982894781561,0,0.15357202571240897,0,0.07087763963561478,1,0.09273850581917954,1,0.002320583780929371,1,0.01264552994644097,1,0.1979673782514349,0,0.7984568804633679,0,0.09043530080396844,1,0.06065259177997562,1,0.06065259177997562,1,0.002522029988461967,1,0.011874896247372368,1,0.18576629613452322,0,0.18738871727193213,0,0.5006583207970168,0,0.4035076160217085,0,0.4035076160217085,0,0.0044406008867396325,1,0.07747768096301255,1,0.219641347880974,0
AdaBoost,27,0.7463805143927781,0,0.12518917101059357,0,0.25155666251556663,0,0.25155666251556663,0,0.005584126163046297,1,0.2845584835876098,0,0.4424126136328144,0,0.7064564043190737,0,0.15397407347610548,0,0.09574989539613854,1,0.09574989539613854,1,0.005367809717646811,1,0.008444388717195439,1,0.21955047854565646,0,0.8113732434966192,1,0.08472394435415659,1,0.05619989438817152,1,0.05619989438817152,1,0.002636865714218884,1,0.004628339040251062,1,0.18709319950827538,0,0.21082565159127958,0,0.48560266860919843,0,0.36110469371236736,0,0.36110469371236736,0,0.002914869931364899,1,0.035551519002004706,1,0.2523887021366752,0
AdaBoost,28,0.5510835913312693,0,0.21437019515079836,0,0.26107594936708856,0,0.26107594936708856,0,0.0161509181964399,1,0.35042016806722687,0,0.6399843416198556,0,0.7171887739314785,0,0.1465250702258467,0,0.06963631184599683,1,0.09737035186031923,1,0.0034974072199111528,1,0.018720701607581658,1,0.21191297002500037,0,0.7669548450575095,0,0.10597674152883169,0,0.07932448014383986,1,0.07932448014383986,1,0.002457780820312498,1,0.000367547291657333,1,0.18939251626013276,0,0.18983091051699016,0,0.49186831478434645,0,0.4044184758374673,0,0.4044184758374673,0,0.004839646499459293,1,0.0712866242775737,1,0.23948011849121134,0
AdaBoost,29,0.49752737548569403,0,0.2391962333949891,0,0.23950617283950615,0,0.23950617283950615,0,0.005788141774467858,1,0.19409282700421948,0,0.6418760512387762,0,0.700282237261388,0,0.1611429466511768,0,0.0824576581385893,1,0.10004915255505961,0,0.003742505792743666,1,0.013600954527376419,1,0.19250079177629353,0,0.789244665636423,0,0.09760163276286377,1,0.04631234249930172,1,0.05516197080139519,1,0.0008601993914751221,1,0.009825708542269607,1,0.1942944970571019,0,0.20140187262981105,0,0.5037107563208937,0,0.4079540520270003,0,0.4079540520270003,0,0.00799019490081656,1,0.06615064571917872,1,0.32443773155114697,0
AdaBoost,30,0.6997671169073125,0,0.135488481587355,0,0.15843857634902414,0,0.15843857634902414,0,0.019322469747038853,1,0.10132743362831853,0,0.4807418311650288,0,0.6920126326058113,0,0.1636914401079863,0,0.0994782801234414,1,0.0994782801234414,1,0.004787152964383916,1,0.012852335551092886,1,0.21637573760702677,0,0.7783576188862532,0,0.10098192597472111,0,0.054506115114509424,1,0.06563931086107504,1,0.000588525574848963,1,0.03015841788220308,1,0.18857476355354497,0,0.1833176540613309,0,0.510715659676944,0,0.40152214233614675,0,0.40152214233614675,0,0.00448143331211092,1,0.0663877960272935,1,0.19867739441357676,0
GradientBoosting,1,0.6439225098577062,0,0.17462586177904826,0,0.10828877005347592,0,0.10828877005347592,0,0.013203617350116999,1,0.13273615635179148,0,0.5528409304309769,0,0.756093301249709,0,0.12856996726677572,0,0.04138232326995772,1,0.0613023471871529,1,0.005086789993001356,1,0.0013515284524937554,1,0.0607539206591351,0,0.8318746609601182,1,0.07879133637601088,1,0.016505993476506053,1,0.02536502576395147,1,0.0038065707996128226,1,0.014235792693682692,1,0.07669251474453737,0,0.26683426706735375,0,0.46143649766591394,0,0.2549082601556365,0,0.2549082601556365,0,0.010471505512555664,1,0.044290904279733145,1,0.17844819510234833,0
GradientBoosting,2,0.6930676205075796,0,0.15150496048427775,0,0.09605597964376589,1,0.09605597964376589,1,0.01490263328379024,1,0.051904406273338366,1,0.4566558469486481,0,0.7506121054085306,0,0.12880022437462824,0,0.033243981619075935,1,0.05141148696072266,1,0.004077409999701499,1,0.006714327118152785,1,0.06817988895741389,0,0.8016935342521844,1,0.09101570823138172,1,0.04022318872605646,1,0.04022318872605646,1,0.0021647083451144036,1,0.00990580214675052,1,0.05561869831462185,0,0.26884574338425865,0,0.45182726692834857,0,0.18017620051235106,0,0.18017620051235106,0,0.01879313015381618,1,0.06475631392383019,1,0.15024528434152729,0
GradientBoosting,3,0.43423220324286826,0,0.27429796536068607,0,0.19705882352941184,0,0.19705882352941184,0,0.016169021669149963,1,0.03367433930093777,1,0.36153439667793275,0,0.7542316576455832,0,0.12507734459464914,0,0.04841251695892079,1,0.04841251695892079,1,0.0016992515469058736,1,0.01403430774522807,1,0.04841372347763352,1,0.8234888076537632,1,0.07967820271485193,1,0.03196469411092062,1,0.03196469411092062,1,0.0027375801314547463,1,0.003060394419738932,1,0.04238381533312696,1,0.2517289005177835,0,0.4623351332750892,0,0.2827933417801286,0,0.2827933417801286,0,0.014396176410113787,1,0.08810931546445933,1,0.2998506422786438,0
GradientBoosting,4,0.6026957637997432,0,0.20817218765764256,0,0.182648401826484,0,0.182648401826484,0,0.012825563172189705,1,0.06521739130434778,1,0.5487165534491598,0,0.748714981688251,0,0.13136456656981854,0,0.05361072097378283,1,0.05361072097378283,1,0.0031786432218990635,1,0.009265934259334418,1,0.07926698243922309,0,0.830925585973874,1,0.07774651333496452,1,0.03244844867290886,1,0.03244844867290886,1,0.00010543034320403821,1,0.01292103015448609,1,0.10038184721173254,0,0.26320117575071333,0,0.45731755673694785,0,0.26698629767492044,0,0.26698629767492044,0,0.009983662814915993,1,0.048645676582937836,1,0.12070163174928394,0
GradientBoosting,5,0.7619850187265917,0,0.11406468751121801,0,0.10442773600668342,0,0.10442773600668342,0,0.03394442518680415,1,0.08128205128205124,1,0.42443607418396734,0,0.7268963913266931,0,0.14366158695643622,0,0.06266071870728507,1,0.06266071870728507,1,0.0007368846701467369,1,0.0036971186974165127,1,0.0835515844432857,0,0.8542509316881138,1,0.06614058350868429,1,0.011296099025840944,1,0.030068639591664073,1,0.006046872153288758,1,0.004303911940302885,1,0.049070091336641974,1,0.26358576277239154,0,0.4538266752907697,0,0.26143007169377575,0,0.26143007169377575,0,0.02749932623415509,1,0.1017363888758176,0,0.1955955771709803,0
GradientBoosting,6,0.6101364522417154,0,0.201782411299815,0,0.043916697113628,1,0.043916697113628,1,0.007723176691665425,1,0.0679012345679012,1,0.7243365745829952,0,0.7490235815648996,0,0.12934256302064434,0,0.048548643791619495,1,0.048548643791619495,1,0.0002888740893155009,1,0.00977208272809027,1,0.05033740189510119,0,0.8104116203919337,1,0.08663189748552025,1,0.048312233984502906,1,0.048312233984502906,1,0.00110706597490378,1,3.662207578725152e-05,1,0.0671442815294504,0,0.2629378488996016,0,0.4543650804002456,0,0.2626657263036122,0,0.2626657263036122,0,0.011001984639799935,1,0.09745053272450532,1,0.1580969991949268,0
GradientBoosting,7,0.7684643052715763,0,0.1170623760088596,0,0.07036101989678678,1,0.07116672116758171,1,0.014105631889373048,1,0.10851105845181674,0,0.5446246931241047,0,0.7359319458007307,0,0.13831093496617336,0,0.04882039286289219,1,0.06403099703239258,1,0.0037286648081530788,1,0.00533174592959651,1,0.07162825574791798,0,0.8464179017304668,1,0.06983894752941094,1,0.031239206888771687,1,0.031239206888771687,1,0.0009376422066392706,1,0.005783491281816322,1,0.06495026250267943,0,0.25782696348666945,0,0.4613649922879898,0,0.25657261761781147,0,0.25657261761781147,0,0.012703021459330492,1,0.036153499452707516,1,0.12785342791339271,0
GradientBoosting,8,0.5761860932139571,0,0.21292248192365892,0,0.22435897435897434,0,0.22435897435897434,0,0.022119098362350598,1,0.07998706234333308,1,0.5662095169582848,0,0.7619414027818882,0,0.12038852387865362,0,0.05876203875336106,1,0.05876203875336106,1,0.0012854278372478184,1,0.020040786058583615,1,0.11246649850476945,0,0.8138917737101645,1,0.0843226322580003,1,0.027096372830486826,1,0.040270150363318075,1,0.00339190025337318,1,0.010876419273676219,1,0.06939960476080353,0,0.2644108918397851,0,0.44866814650388465,0,0.26263465216953596,0,0.26263465216953596,0,0.02587372569989882,1,0.08470572903940443,1,0.16307917418055268,0
GradientBoosting,9,0.5449940641076375,0,0.2416764755338826,0,0.1428571428571428,0,0.1428571428571428,0,0.01398467628019024,1,0.15693779904306215,0,0.6575580280210804,0,0.7327630169033662,0,0.14152534039672438,0,0.04302840690054921,1,0.06769223940425503,1,0.006735062885858005,1,0.0061893794957277315,1,0.0743812805275944,0,0.7886814077790373,0,0.0988260470752238,1,0.05207477733127974,1,0.05207477733127974,1,0.0015798564115870328,1,0.008626793878243832,1,0.07116206786075913,0,0.28774847976675394,0,0.4469655855596918,0,0.23111135502991054,0,0.23111135502991054,0,0.012857870235213467,1,0.0856118604933771,1,0.19669712194542321,0
GradientBoosting,10,0.7099239304906134,0,0.14920845747926914,0,0.19285094294957783,0,0.19285094294957783,0,0.0661507131805467,1,0.18616287094547967,0,0.7579104089240547,0,0.7268432910658641,0,0.1424940384721386,0,0.04902838708468893,1,0.05571166142586166,1,0.0022503662155665544,1,0.008816577127035652,1,0.0759945811734013,0,0.8088132851789436,1,0.08712339340129993,1,0.04656918773219221,1,0.04656918773219221,1,0.0010629201691945839,1,0.01979615221376474,1,0.08797015007872594,0,0.2549891404501777,0,0.4655230201578544,0,0.2578021107432872,0,0.2578021107432872,0,0.010671186326454939,1,0.08245667145992586,1,0.2043293103944922,0
GradientBoosting,11,0.3707903198510746,0,0.31259458550529684,0,0.11363636363636365,0,0.11363636363636365,0,0.0205575127394467,1,0.051787483487450436,1,0.4796648502608378,0,0.7527258537529739,0,0.12702810639623696,0,0.03830357024756381,1,0.05299285910318001,1,0.002056630030972832,1,0.008799509600363797,1,0.05225404572198755,0,0.8019975960592701,1,0.09060389990919482,1,0.0643973007445846,1,0.0643973007445846,1,0.005244392467631212,1,0.021170464702240266,1,0.11365648840607878,0,0.25228228446424705,0,0.4639463661874315,0,0.2641076126075239,0,0.2641076126075239,0,0.019071425632312268,1,0.07626159764652629,1,0.2527019595213408,0
GradientBoosting,12,0.6650866296175221,0,0.1722717336472171,0,0.10482082409244775,0,0.10482082409244775,0,0.00783289891223505,1,0.1251791686574295,0,0.5519620039465414,0,0.7368515784717746,0,0.13837547578601944,0,0.062098246218640685,1,0.062098246218640685,1,0.0004460337470833728,1,0.005699479791326567,1,0.09965062606485248,0,0.8087285628933719,1,0.08855110262516813,1,0.03656492211633455,1,0.040498516433353615,1,0.0021386398605021673,1,0.011758103151000343,1,0.06222035964201811,0,0.25350373959717537,0,0.4692562820854965,0,0.24532424583489654,0,0.24532424583489654,0,0.014593900717202131,1,0.10423422064701005,0,0.35188067256278366,0
GradientBoosting,13,0.5854944307456849,0,0.20493526147637464,0,0.24603174603174593,0,0.24603174603174593,0,0.029212410181120925,1,0.15384615384615385,0,0.5550722025951048,0,0.7326742105893389,0,0.13942112387949668,0,0.0632649332539007,1,0.06545780365134053,1,0.0023058620639872865,1,0.013528564434129753,1,0.09548742471867622,0,0.8189651493927707,1,0.08257686561843375,1,0.059280198795883976,1,0.059280198795883976,1,0.0042646976657119695,1,0.018965117187663028,1,0.08119812009205718,0,0.2574474415634366,0,0.4622010822921466,0,0.2624372932594362,0,0.2624372932594362,0,0.013239344821555261,1,0.08493978298024563,1,0.21844190903586125,0
GradientBoosting,14,0.7252565375703408,0,0.13956616781570547,0,0.09290540540540537,1,0.09290540540540537,1,0.015323773034979324,1,0.08047016274864383,1,0.24449285495037576,0,0.7562134026891406,0,0.12560713147626978,0,0.04191482221380438,1,0.055414390185717935,1,0.0040183684814229376,1,0.0024526358013686744,1,0.08303408659567452,0,0.7946359513238727,0,0.09484218951401635,1,0.02524491839033194,1,0.03196737421383647,1,0.0028638413842531907,1,0.008118935876201716,1,0.04184784178482295,1,0.2538933936509794,0,0.4642010147724412,0,0.23102679960665695,0,0.23102679960665695,0,0.017375003446389065,1,0.13934228650137737,0,0.3337846056076855,0
GradientBoosting,15,0.7304889949040442,0,0.13929782285858394,0,0.05162412166303221,1,0.07747868367275033,1,0.03686367975079555,1,0.12666791956399182,0,0.647103879349074,0,0.7527069065455966,0,0.12736627570952425,0,0.05339641192150235,1,0.05339641192150235,1,0.0009337395490413014,1,0.01636362251388268,1,0.07625392522188473,0,0.7718095363832409,0,0.10547568010027436,0,0.04171251770584883,1,0.04171251770584883,1,0.002783500212776985,1,0.01786093235929498,1,0.05756247605527509,0,0.2581839315465728,0,0.45991539776889434,0,0.27072314564650557,0,0.27072314564650557,0,0.011026180927211991,1,0.0915861247186549,1,0.26312108865403605,0
GradientBoosting,16,0.6919479636085367,0,0.15230368252900622,0,0.09859891258887488,1,0.09859891258887488,1,0.0052938206241047725,1,0.039145022989934164,1,0.40458161458905856,0,0.746195748223196,0,0.13146597045873099,0,0.04190467538071929,1,0.06643824543425998,1,0.003961617020364662,1,0.011057101650552847,1,0.06574011278174591,0,0.829563024443292,1,0.07785305833645939,1,0.039690704143263034,1,0.039690704143263034,1,0.0022632099578550544,1,0.011497799611689286,1,0.10259022855177857,0,0.27205396232004214,0,0.4488716433750185,0,0.20455903390681174,0,0.20455903390681174,0,0.020961118108878192,1,0.09291231644172815,1,0.3547629321773692,0
GradientBoosting,17,0.6702907503500536,0,0.1682781234235749,0,0.08900205485571333,1,0.08900205485571333,1,0.026282917157318165,1,0.14102564102564097,0,0.5750357166417981,0,0.7500182167059338,0,0.1267638120959272,0,0.049291967684333304,1,0.05855514886572717,1,0.0023766574134534008,1,0.00585575295796581,1,0.08747015775995676,0,0.8366838068350149,1,0.0730410244632626,1,0.030771888533130176,1,0.030771888533130176,1,0.0013833337565156006,1,0.006042011192665675,1,0.06430937534975023,0,0.2626041527094823,0,0.45206399560355526,0,0.2282351101326885,0,0.2282351101326885,0,0.02222303121750302,1,0.10837189126662805,0,0.15229978409029382,0
GradientBoosting,18,0.6245946620104764,0,0.18980158062888852,0,0.14821428571428574,0,0.14821428571428574,0,0.01909081811977708,1,0.06124973828965152,1,0.36525907929635293,0,0.7461857983739197,0,0.13304554210236652,0,0.05169351196748462,1,0.05169351196748462,1,0.0003964692839496589,1,0.016179971512982783,1,0.07596611073760462,0,0.8192731690301159,1,0.08370400838185632,1,0.0243600262732373,1,0.03598641226863045,1,0.0018710714362274797,1,0.0002954074969632181,1,0.05038769142257321,0,0.2781230641359579,0,0.44530604736241425,0,0.2240107491752661,0,0.2240107491752661,0,0.015021313971149294,1,0.096385336743393,1,0.272689780154692,0
GradientBoosting,19,0.7321637426900584,0,0.13477383554733485,0,0.19670200235571256,0,0.19670200235571256,0,0.03500140805705397,1,0.10158730158730156,0,0.647103879349074,0,0.7672930840926581,0,0.12033967029791598,0,0.042444595615180214,1,0.06508693065079511,1,0.0038105145856069528,1,0.014825093189553051,1,0.06682062801094552,0,0.8331345695575995,1,0.07721706442586829,1,0.03651302039926663,1,0.0408572082099722,1,0.0010027851885569955,1,0.01647086776905815,1,0.10526519096944609,0,0.26886543280927183,0,0.4558559534527149,0,0.23491960370310216,0,0.23491960370310216,0,0.0216908239930634,1,0.08567741935483875,1,0.1371968053025967,0
GradientBoosting,20,0.6470841588422775,0,0.17222969564486296,0,0.07270898845914409,1,0.07270898845914409,1,0.03141638855367362,1,0.07879806637757936,1,0.5986690924952857,0,0.7445679263434907,0,0.13537252876307543,0,0.0345597922441131,1,0.049421301374087345,1,0.004008777399904753,1,0.01925954501882121,1,0.07216288781480895,0,0.8172965102680705,1,0.08508962909505957,1,0.025474702906335578,1,0.028869874366703033,1,0.0010501153477848468,1,0.010862811561314856,1,0.064882515966109,0,0.26592213813599236,0,0.4542907932094371,0,0.198495462225185,0,0.198495462225185,0,0.019610007739098656,1,0.11409459204823813,0,0.2816107601807847,0
GradientBoosting,21,0.6129742962056303,0,0.19938624516562975,0,0.19970631424375918,0,0.19970631424375918,0,0.03687125305950665,1,0.08139534883720922,1,0.38243521959770627,0,0.7609602694227875,0,0.12238729935223691,0,0.04306255900163469,1,0.05872198378636148,1,0.0029641597981500956,1,0.007063634005075703,1,0.06976705812878103,0,0.8177530326651234,1,0.08338195273008858,1,0.05708316880579656,1,0.05708316880579656,1,0.006476088992886764,1,0.035342162735992444,1,0.07623424004595047,0,0.25932965275892234,0,0.45960163240855145,0,0.28407753308606243,0,0.28407753308606243,0,0.008388961786081083,1,0.15124349334875653,0,0.3381480133872129,0
GradientBoosting,22,0.7586565096952909,0,0.11720195056330923,0,0.031339031339031376,1,0.05422935009513244,1,0.014328788195055626,1,0.10573308270676696,0,0.7706862831043373,0,0.7523485512290147,0,0.12968894921547092,0,0.0499832581834615,1,0.05566343469907713,1,0.002422640616483257,1,0.00543336955297391,1,0.11499634436844902,0,0.8196921803759096,1,0.08342859410550024,1,0.04207428706814853,1,0.04207428706814853,1,0.001327384893295043,1,0.0011070909057430134,1,0.07983558787330691,0,0.2352508257409501,0,0.4840991531429133,0,0.27673249258223953,0,0.27673249258223953,0,0.014429146262190648,1,0.0656623820491864,1,0.17420922338342282,0
GradientBoosting,23,0.6804964217773348,0,0.14826803430300994,0,0.20833333333333337,0,0.20833333333333337,0,0.03349679530533674,1,0.0835858524641826,1,0.7479149355676252,0,0.7284323427708544,0,0.14164233350837463,0,0.05252816811225369,1,0.05252816811225369,1,0.004057930105102345,1,0.013898262336713652,1,0.09587305971320831,0,0.8573471481859857,1,0.06408501517129095,1,0.017468492535277935,1,0.028440024702294495,1,0.0019125350892857385,1,0.005813315591661428,1,0.06551228503805867,0,0.2572680934042155,0,0.45699978448811784,0,0.2703305139028854,0,0.2703305139028854,0,0.012032105059793484,1,0.10721290041403364,0,0.2297434707626621,0
GradientBoosting,24,0.8149625935162096,1,0.08764929780811126,1,0.11981039555410267,0,0.11981039555410267,0,0.03227813378981829,1,0.041914274876722724,1,0.37463229500357553,0,0.7776805409443969,0,0.11203882201656795,0,0.037242297732317464,1,0.04266844720774124,1,0.0028271663770890604,1,0.004595860760244319,1,0.09177502970839968,0,0.8430904818462355,1,0.07099059295790583,1,0.0199160059737995,1,0.036950611126559715,1,0.006482867919247098,1,0.016175088556350747,1,0.13018299628693097,0,0.2555573578894393,0,0.4602228027838572,0,0.24977455708764995,0,0.24977455708764995,0,0.013845795245630503,1,0.07744195472178794,1,0.18006772177586405,0
GradientBoosting,25,0.47067669172932325,0,0.2663527829157559,0,0.14290030211480365,0,0.14290030211480365,0,0.0200327990430669,1,0.13888888888888884,0,0.581829507410043,0,0.7479835606569188,0,0.13176665981782065,0,0.0502337157773326,1,0.06025615095108616,1,0.001800367692903794,1,0.0008088894099127497,1,0.0789348386926002,0,0.8050042533931598,1,0.09071576429061129,1,0.022710808461315568,1,0.03543635842862494,1,0.002422245954784713,1,0.004266342704017934,1,0.06678921674491445,0,0.24368877026079952,0,0.46787863133934937,0,0.26553527773039964,0,0.26553527773039964,0,0.01707265700200604,1,0.07293625914315571,1,0.20768489961760428,0
GradientBoosting,26,0.6387211971771107,0,0.17861947200269046,0,0.03478483278982025,1,0.08224108658743634,1,0.016228796491120676,1,0.06595881595881592,1,0.4796648502608378,0,0.7478774239351699,0,0.12953022826445731,0,0.03833266523254497,1,0.05835667919630966,1,0.00604853083865383,1,0.001259776791990297,1,0.05541159094631887,0,0.8362970623349981,1,0.07395371859126709,1,0.029535786864591018,1,0.034907750006292634,1,0.0007816473272970262,1,0.010081228441081502,1,0.08266954369623869,0,0.25393622323509385,0,0.45914258666728625,0,0.24243400342611165,0,0.24243400342611165,0,0.0228907504588136,1,0.07594511402063642,1,0.1785722160792399,0
GradientBoosting,27,0.616799408818458,0,0.19619135698671597,0,0.17683686176836866,0,0.17683686176836866,0,0.02270563468876355,1,0.22100884035361423,0,0.5328797501308773,0,0.7737484754069917,0,0.11485071847235884,0,0.039462460180318404,1,0.047730907152548935,1,0.0012404655501709744,1,0.0046926238912520235,1,0.06865099893718185,0,0.8581766346485062,1,0.06405240476921681,1,0.026049317523562654,1,0.026049317523562654,1,0.0004114058547019031,1,0.006903830543127709,1,0.06217040646019645,0,0.2713322572221612,0,0.4511292838537033,0,0.22297920601250132,0,0.22297920601250132,0,0.018100709232948466,1,0.02058246073298431,1,0.24352612850113597,0
GradientBoosting,28,0.49012614180078296,0,0.24638473179754497,0,0.22974477560808493,0,0.22974477560808493,0,0.017791747354106116,1,0.3303948576675849,0,0.6204189315089876,0,0.7857433431539874,0,0.10771597696070795,0,0.022496849324293522,1,0.0454884999415161,1,0.003695517531773107,1,0.004751533962350285,1,0.06760681373661959,0,0.7946524552656281,0,0.09463744067766477,1,0.055407893822527976,1,0.055407893822527976,1,0.0004986688952627605,1,0.0027425157432025005,1,0.0731948200969651,0,0.2467633300945421,0,0.461481491083746,0,0.2694822613009309,0,0.2694822613009309,0,0.012722045633920633,1,0.05760869565217386,1,0.23076236780197537,0
GradientBoosting,29,0.599043062200957,0,0.19375315285017652,0,0.1518518518518519,0,0.1518518518518519,0,0.008412003478522306,1,0.2611570247933884,0,0.8000865920364952,0,0.7417070308443924,0,0.13586266145725623,0,0.0444239313757856,1,0.06809047937463977,1,0.0017573298012711486,1,0.009112076299646277,1,0.05548456599667173,0,0.8226806465451582,1,0.08211729714889188,1,0.015480656509462953,1,0.040322479583951215,1,0.005916672161921668,1,0.010266713007309969,1,0.060635976208738174,0,0.2511066444799578,0,0.47324667752900823,0,0.2802786878774721,0,0.2802786878774721,0,0.01645729293242347,1,0.08427593105570952,1,0.1945484285272533,0
GradientBoosting,30,0.6656034024455076,0,0.1586514208844796,0,0.1292566294739893,0,0.1292566294739893,0,0.011683699849198058,1,0.11147186147186139,0,0.35983860173453397,0,0.7562745283818624,0,0.1260306795419523,0,0.054012537883505574,1,0.054012537883505574,1,0.0009418906586273132,1,0.03641174407854886,1,0.08284796997801969,0,0.8151869355398315,1,0.08514202749731786,1,0.039598804481361216,1,0.039631007959126566,1,0.0029446208064298762,1,0.011512655230416446,1,0.10665207920766673,0,0.24269871162526532,0,0.47465413612722396,0,0.2703653224966135,0,0.2703653224966135,0,0.021029469770514363,1,0.09239600978731421,1,0.28318846452328955,0
DecisionTree,1,0.5912252082081223,0,0.20014292920800403,0,0.19919786096256686,0,0.19919786096256686,0,0.016438197737760105,1,0.14222156310247658,0,0.6742424242424242,0,0.7545871559633026,0,0.12805851063829793,0,0.04109113937838438,1,0.07184471912247399,1,0.007617008343649159,1,0.0015309189621115493,1,0.07443053784460907,0,0.8422434522648988,1,0.07288613980302672,1,0.013041983963845594,1,0.02504833474765325,1,0.006201482742943423,1,0.021128842347871823,1,0.1364894308157426,0,0.28488881367745916,0,0.43845755647321194,0,0.23211608481473556,0,0.23211608481473556,0,0.021232342760827375,1,0.07989608034593387,1,0.2433234895918697,0
DecisionTree,2,0.6460268317853457,0,0.17302841768959143,0,0.17435082140964497,0,0.17435082140964497,0,0.035424776589074246,1,0.19771241830065367,0,0.5581495068845586,0,0.7566050504646789,0,0.12410203519117086,0,0.027434827409393514,1,0.06018348874729963,1,0.00898513940327264,1,0.008551267215357261,1,0.06579437243835451,0,0.8221432534324784,1,0.08048849626174609,1,0.032172245268762834,1,0.032172245268762834,1,0.004994469225698461,1,0.02371404749959405,1,0.08427673225596766,0,0.28178002076859343,0,0.4327174312020365,0,0.2001841483405361,0,0.2001841483405361,0,0.02394878965438875,1,0.12817884151431203,0,0.31053360379792966,0
DecisionTree,3,0.5034402644982575,0,0.23360517908189002,0,0.31176470588235294,0,0.31176470588235294,0,0.035862499396220625,1,0.18222976796830792,0,0.761786099137931,0,0.7478423064136637,0,0.12621522196547014,0,0.04847303105612377,1,0.05725224834703793,1,0.0009676640009585041,1,0.009076129237338026,1,0.07859726606241452,0,0.8279314316807251,1,0.07593470944256286,1,0.04448077472841616,1,0.04448077472841616,1,0.0015644816780780169,1,0.022608773836596208,1,0.07640238280282913,0,0.255186566027002,0,0.44626895893787344,0,0.27584819902258506,0,0.27584819902258506,0,0.020049535783900126,1,0.10342169955484692,0,0.3512116647597022,0
DecisionTree,4,0.5981367943307588,0,0.21216579788128465,0,0.16894977168949776,0,0.16894977168949776,0,0.021030625660956898,1,0.0391541114539844,1,0.5,0,0.7503390235285593,0,0.1291373640373944,0,0.05742041198501868,1,0.05742041198501868,1,0.005174122050467203,1,0.01708224184211371,1,0.10650688790729462,0,0.8422463494800366,1,0.07163567408857352,1,0.028745413446659818,1,0.028745413446659818,1,0.0036042785804316774,1,0.021196031815913896,1,0.13601256000185524,0,0.2811452055943469,0,0.4345909339739381,0,0.25227472981964005,0,0.25227472981964005,0,0.018521579653086526,1,0.0887796693807057,1,0.1996162274450246,0
DecisionTree,5,0.7984843653279811,0,0.09641203288221994,1,0.13617376775271517,0,0.13617376775271517,0,0.055838208245583006,1,0.07097613669841896,1,0.7578125,0,0.7186824735506685,0,0.14730287012953458,0,0.06088156488234597,1,0.08037890999981888,1,0.0029364713834802714,1,0.004963407811587217,1,0.0856368749619234,0,0.8459342612372441,1,0.06932324576629623,1,0.02149239294775085,1,0.03412474616386345,1,0.00825059434759473,1,0.0010655354596711408,1,0.05332297364722549,0,0.27660054180929367,0,0.4341411097531512,0,0.24556069163407224,0,0.24556069163407224,0,0.02745522520221918,1,0.11646904294942162,0,0.2552003538592761,0
DecisionTree,6,0.5627656096763648,0,0.2249033125945855,0,0.165686274509804,0,0.165686274509804,0,0.031287976357127836,1,0.1516092603049125,0,0.36721773676790975,0,0.7467706723687144,0,0.1291269960957575,0,0.05337640174778302,1,0.055390218209179845,1,0.0019320676879266835,1,0.014090477046779903,1,0.0642882685619583,0,0.8364439017836949,1,0.07328119226036506,1,0.03360744297719087,1,0.03360744297719087,1,0.0009597500601087466,1,0.012790518281892371,1,0.08888547490786103,0,0.29468866203229604,0,0.4181196761347362,0,0.2376175665230753,0,0.2376175665230753,0,0.014594221581599426,1,0.16011623126959684,0,0.19064236186405492,0
DecisionTree,7,0.7368421052631579,0,0.13157894736842107,0,0.08244965063707355,1,0.08764207108064226,1,0.02125536949891592,1,0.09707480574881933,1,0.49759450171821307,0,0.7271590428846274,0,0.14192556144033475,0,0.05503135872475606,1,0.07634690135813678,1,0.007695405173233499,1,0.006834908305870746,1,0.07279171166526976,0,0.8287062878070999,1,0.07723110098457142,1,0.0314017384460914,1,0.041033072367760715,1,0.0002967508731530205,1,0.010678389157053325,1,0.08423442459023062,0,0.2722349218806666,0,0.44228627331250386,0,0.26256812340991564,0,0.26256812340991564,0,0.026196198268415773,1,0.08863662076545131,1,0.27243753001606874,0
DecisionTree,8,0.5855263157894737,0,0.20490833826138377,0,0.31517094017094016,0,0.31517094017094016,0,0.034100854321307744,1,0.13754811963281022,0,0.5738304093567251,0,0.76917297845603,0,0.11553902845634817,0,0.05230171892944735,1,0.05230171892944735,1,0.0025909299963931126,1,0.023186150215777968,1,0.08213700430488158,0,0.8034790818771592,1,0.0888770278357352,1,0.04635692737954622,1,0.04635692737954622,1,0.005013784039934924,1,0.0005590287073051758,1,0.10202815378507657,0,0.2841434462076721,0,0.4289457921533393,0,0.24536858306180542,0,0.24536858306180542,0,0.021962528291115016,1,0.09600439102758473,1,0.1720617367356756,0
DecisionTree,9,0.6017784186493631,0,0.20897090970237098,0,0.16883116883116878,0,0.16883116883116878,0,0.04181496162600382,1,0.182648401826484,0,0.73046875,0,0.7299270858926032,0,0.14229411679762682,0,0.04217828720511663,1,0.08441117229789608,1,0.010807140624566752,1,0.008116972296581926,1,0.09241489779194512,0,0.8013081429799631,1,0.09190289467482665,1,0.055982233859115826,1,0.055982233859115826,1,0.00018243225325881296,1,0.028024533457357115,1,0.13860485084494945,0,0.3025349765050677,0,0.42813216723271824,0,0.23343029105610735,0,0.23343029105610735,0,0.013642248133411528,1,0.10494199293241102,0,0.20442251106179843,0
DecisionTree,10,0.6640554875560996,0,0.1730704556919455,0,0.4185275783161051,0,0.4185275783161051,0,0.14503417355031673,0,0.25283243887895046,0,0.7489709097555015,0,0.7328518897457027,0,0.13827482046730277,0,0.03954050623478256,1,0.07267310070687397,1,0.008206009099703551,1,0.007801458138005368,1,0.07982972601961213,0,0.8259569814072183,1,0.07866351122837589,1,0.03211180420449855,1,0.03211180420449855,1,0.0003296516624931717,1,0.023113567073170693,1,0.17598564590961874,0,0.2763556338028169,0,0.4437202665890226,0,0.2315734374557904,0,0.2315734374557904,0,0.02192721824289072,1,0.11165367965367967,0,0.24778808421572618,0
DecisionTree,11,0.47981604496678587,0,0.2567681183790146,0,0.08333333333333337,1,0.08333333333333337,1,0.028534396441755004,1,0.19902912621359226,0,0.4268774703557312,0,0.7553706011288039,0,0.12553527298080303,0,0.041215811285315596,1,0.05738535070827387,1,0.007219610879086846,1,0.015608884282680258,1,0.11557337933696699,0,0.8094104421296757,1,0.08710722312766672,1,0.05566233143280752,1,0.05566233143280752,1,0.0060603681655407304,1,0.020789514614215743,1,0.12388263482085815,0,0.27858998625442505,0,0.4393212649875239,0,0.21977309039265358,0,0.21977309039265358,0,0.03021815721435691,1,0.07291885826495548,1,0.18345936305766208,0
DecisionTree,12,0.6650866296175221,0,0.1722717336472171,0,0.15594723940702693,0,0.15594723940702693,0,0.0516551971606106,1,0.17570473005255616,0,0.7,0,0.7436702491647548,0,0.1325700010409076,0,0.0543313570817463,1,0.059854874758682855,1,0.004615599983114851,1,0.007834619970113366,1,0.06420926593607568,0,0.8209597873775428,1,0.0816535995212917,1,0.03771340039585169,1,0.03771340039585169,1,0.002862145657804696,1,0.004050887177770357,1,0.06392423879866116,0,0.2644766474708268,0,0.44940010334234903,0,0.2534842358303111,0,0.2534842358303111,0,0.019287880237686357,1,0.12099722991689754,0,0.18908258863738636,0
DecisionTree,13,0.7451747300399625,0,0.12598789305532204,0,0.2720057720057719,0,0.2720057720057719,0,0.11225581554868198,0,0.07858296792060926,1,0.5336475937282685,0,0.7407045646719986,0,0.13376684278095063,0,0.0647480497739995,1,0.06597201595976397,1,0.0007304659119772849,1,0.0006870579318905001,1,0.0952011807180389,0,0.834871033162901,1,0.07462102757576311,1,0.04288516702523304,1,0.04288516702523304,1,0.00662763781830647,1,0.019306480920654123,1,0.10083239766154584,0,0.26872294889133425,0,0.4433112735617004,0,0.2760676966793202,0,0.2760676966793202,0,0.019003186014451626,1,0.12421825621236826,0,0.1616464989576037,0
DecisionTree,14,0.7533553213739844,0,0.12214033606080643,0,0.12957881739607635,0,0.12957881739607635,0,0.034279718428537324,1,0.11405622489959844,0,0.49206349206349204,0,0.7572721914957606,0,0.123873060052762,0,0.04071585669450539,1,0.06399452616440073,1,0.003807374292005894,1,0.0007118952815999835,1,0.07045229790982077,0,0.793374036773473,0,0.0946276289693701,1,0.02842483508232474,1,0.03759335691823899,1,0.005892648262640673,1,0.010916891511126847,1,0.11218743706262335,0,0.2738864967954487,0,0.4430115938738543,0,0.22017430146934602,0,0.22017430146934602,0,0.01928367522467734,1,0.14322916666666663,0,0.2031193966239519,0
DecisionTree,15,0.759979172946754,0,0.12270727675194038,0,0.043055578715669784,1,0.08935240645479528,1,0.01913395298211762,1,0.1597892888498682,0,0.7931034482758621,0,0.7587248884692229,0,0.1225865747721831,0,0.04522353861022732,1,0.05555194930086742,1,4.707514556723247e-06,1,0.016398778461735097,1,0.07992933883510367,0,0.7964880407724716,0,0.09255635410031393,1,0.035675639156806604,1,0.035675639156806604,1,0.0013871357792792915,1,0.03833340974036892,1,0.09063554675117685,0,0.27921117706266596,0,0.4359292477674643,0,0.24589680705560535,0,0.24589680705560535,0,0.020841240274659306,1,0.11713026556776551,0,0.1654817093876409,0
DecisionTree,16,0.6919856459330144,0,0.15227675931401535,0,0.1337306566290255,0,0.1337306566290255,0,0.03374910006753483,1,0.02832946869644115,1,0.73046875,0,0.749901333258891,0,0.1280027261071645,0,0.03614766055457885,1,0.07731237883326,1,0.009124795395548765,1,0.010495298837819078,1,0.09720787881986159,0,0.8471647889565966,1,0.06882422385549353,1,0.030546142949638644,1,0.030546142949638644,1,0.0005899466208335591,1,0.02065961925703319,1,0.1416067339914383,0,0.2740757499581029,0,0.44201476583347366,0,0.22747882317995438,0,0.22747882317995438,0,0.02712986753559473,1,0.10458573897694257,0,0.2556874479388678,0
DecisionTree,17,0.6255829447035309,0,0.1890028585841601,0,0.16025641025641024,0,0.16025641025641024,0,0.04143531543918248,1,0.12654320987654322,0,0.6893203883495146,0,0.732591743567825,0,0.1377889242772446,0,0.05317658083256582,1,0.08588742439618548,1,0.005520331408573956,1,0.01949829949481907,1,0.09299546838544881,0,0.847335496961006,1,0.06825599830402124,1,0.026413176731558408,1,0.026413176731558408,1,0.00076422862381266,1,0.01278565568967538,1,0.07383366469280006,0,0.28012568271484606,0,0.4330401504777094,0,0.20752841177612913,0,0.20752841177612913,0,0.029486422504046123,1,0.08799723387869929,1,0.16834370728163056,0
DecisionTree,18,0.6831192814572317,0,0.15869345888683367,0,0.0892857142857143,1,0.0892857142857143,1,0.010738594537824858,1,0.06844610655862926,1,0.75,0,0.7445678995878406,0,0.13174188222344524,0,0.05172648616875619,1,0.058803339496733234,1,0.0005242516700349059,1,0.016248318117698557,1,0.0775919228108859,0,0.8235111130512156,1,0.08023107833415621,1,0.04191061425694087,1,0.04191061425694087,1,0.002640673327508114,1,0.02398800511408039,1,0.1932273935974843,0,0.2999933506467223,0,0.41876417359353624,0,0.20802454427771,0,0.20802454427771,0,0.022586849528811286,1,0.1200291836483941,0,0.2949137267497062,0
DecisionTree,19,0.6831192814572317,0,0.15869345888683367,0,0.033518425037859734,1,0.033518425037859734,1,0.033283378207698805,1,0.1641516378358484,0,0.8095238095238095,0,0.7696480770438916,0,0.11756834049985354,0,0.04169215346789301,1,0.06992576487314318,1,0.004943269247196971,1,0.010805161572829292,1,0.11942141230683379,0,0.8700815813812238,1,0.058808959360952595,1,0.03010065005833862,1,0.03010065005833862,1,0.00039742325109358434,1,0.01508492278790674,1,0.08219887072650967,0,0.2931673391405376,0,0.43003909101964966,0,0.19369822965730066,0,0.19369822965730066,0,0.027246944112784645,1,0.08543652123940426,1,0.14581797087774262,0
DecisionTree,20,0.5931604789387545,0,0.19854548511854714,0,0.06166583808176229,1,0.1018024879411018,0,0.03143120330720558,1,0.12053369516056078,0,0.3481859470786806,0,0.7515930956727558,0,0.13011124372445865,0,0.0301397857517417,1,0.05748296140589146,1,0.0046594060130091125,1,0.023301486401855698,1,0.07991211769769213,0,0.8345671808229626,1,0.07618437614692469,1,0.027455822571203714,1,0.027455822571203714,1,0.0036089162820946846,1,0.030720853275929216,1,0.07109935063361605,0,0.2869303864068099,0,0.4313282552072428,0,0.18147307492883824,0,0.18147307492883824,0,0.026106863642855735,1,0.09599851619619715,1,0.20456159275223584,0
DecisionTree,21,0.599952080504752,0,0.2105683537918278,0,0.1923076923076923,0,0.1923076923076923,0,0.024139654147533204,1,0.06931912730402134,1,0.7229166666666667,0,0.7599585258622599,0,0.12316195592345336,0,0.04272376215803719,1,0.07027062470195516,1,0.009281745414063763,1,0.0067818634381957565,1,0.10205462178700231,0,0.8476442603838131,1,0.06920094928277698,1,0.032032559591601784,1,0.032032559591601784,1,0.00695863473376572,1,0.039403240610401125,1,0.06341897545852088,0,0.29344431185807845,0,0.42791169293471887,0,0.24081582928760625,0,0.24081582928760625,0,0.017005372545333103,1,0.19497449461552996,0,0.25205935348797026,0
DecisionTree,22,0.5951084608071904,0,0.1969480410290903,0,0.1482720178372352,0,0.1482720178372352,0,0.01083070308332379,1,0.03731900283624412,1,0.868421052631579,0,0.743293935265718,0,0.13414121871966145,0,0.052372305132445174,1,0.07302087461427144,1,0.004579553790221208,1,0.0003318895492242513,1,0.07324477362940829,0,0.8327063524301381,1,0.07641865340978027,1,0.04676434479193592,1,0.04676434479193592,1,0.005880630266079462,1,0.01858995314372891,1,0.09785932157129251,0,0.25706577419575166,0,0.45790481803447763,0,0.27926161614860423,0,0.27926161614860423,0,0.02046222425759328,1,0.12992819401165157,0,0.21516643767355548,0
DecisionTree,23,0.6852139013043874,0,0.14507314612409622,0,0.11337579617834392,0,0.11337579617834392,0,0.043266474924714894,1,0.10615251299826689,0,0.47302681992337164,0,0.7335987367125852,0,0.13865669247018364,0,0.05298044341273733,1,0.057991652022964246,1,0.005902668330614494,1,0.021862235827703747,1,0.07099412061135935,0,0.8477319143009134,1,0.06871832140699263,1,0.016667067780157696,1,0.043066132614490216,1,0.0030168049660528606,1,0.015109286381640441,1,0.09757118121030936,0,0.27978252141782967,0,0.43865371384995405,0,0.24875069682662454,0,0.24875069682662454,0,0.016256323381440452,1,0.12245406415446902,0,0.185919786532679,0
DecisionTree,24,0.8447658821964023,1,0.07203755786253219,1,0.14236678653154633,0,0.14236678653154633,0,0.048426268199165734,1,0.10837561861805423,0,0.4547972508591065,0,0.7675300702325293,0,0.11664703320756642,0,0.04374245512013397,1,0.05853121646783356,1,0.0018217901805721304,1,0.002178592438098259,1,0.06857755015921857,0,0.8694504957347237,1,0.05793212890637278,1,0.004715893714480446,1,0.03208701442161739,1,0.004617911216130491,1,0.004731616506360559,1,0.08713565838580728,0,0.271180607104201,0,0.43776325448028236,0,0.26254506834522473,0,0.26254506834522473,0,0.024611272982833818,1,0.10896477628007417,0,0.13586779411036437,0
DecisionTree,25,0.520495551675397,0,0.24243315957625694,0,0.1232628398791541,0,0.1232628398791541,0,0.021331056729342733,1,0.18888888888888888,0,0.33732063259449224,0,0.7416547510724035,0,0.1361173892199164,0,0.049292782128331214,1,0.07989715645781605,1,0.005057998439838923,1,0.007210219050945543,1,0.08496089709959154,0,0.8171342918936152,1,0.08502205927999801,1,0.03474536366270642,1,0.03474536366270642,1,0.0007558683285720513,1,0.02961187777508867,1,0.08676057099745349,0,0.2751901357485163,0,0.4463950609570863,0,0.21364293734720563,0,0.21364293734720563,0,0.025478813600604562,1,0.13302679562390995,0,0.3713089925537507,0
DecisionTree,26,0.6567581745060326,0,0.16504119724230704,0,0.07692307692307687,1,0.08,1,0.0276485906178707,1,0.07385949274775139,1,0.6023054755043228,0,0.7577234069544591,0,0.12300503967226833,0,0.04177741329734763,1,0.05323069511784627,1,0.0077270348052095456,1,0.014710722035762624,1,0.08127537348435054,0,0.8486508644896186,1,0.06782884950575846,1,0.03825809789088286,1,0.03825809789088286,1,0.0016100368786690633,1,0.012892220218003736,1,0.10321622078026149,0,0.256678576967546,0,0.45129618272948535,0,0.273442266114194,0,0.273442266114194,0,0.029602202541791862,1,0.10540742559984628,0,0.17853342979041786,0
DecisionTree,27,0.7275444130831812,0,0.13796872372624852,0,0.20027294438758103,0,0.20027294438758103,0,0.04984774050365922,1,0.3039657503379901,0,0.7698850574712643,0,0.7581965836413402,0,0.12361671742871322,0,0.04831314613769333,1,0.06535302384182982,1,0.004934726561115155,1,0.0019630448598424444,1,0.07345277223361035,0,0.8623478668305848,1,0.061809174388245236,1,0.013575920503096306,1,0.03124896608767576,1,0.0010090840945123358,1,0.0014388271990598556,1,0.125374865720569,0,0.30033007398209943,0,0.4220861867389748,0,0.21212823739815856,0,0.21212823739815856,0,0.021869737128235194,1,0.09244812488102039,1,0.2595098722691938,0
DecisionTree,28,0.484573502722323,0,0.25192193968066234,0,0.24841772151898733,0,0.24841772151898733,0,0.04443812636491548,1,0.3139359698681732,0,0.8181818181818182,0,0.7803089202003632,0,0.11050834897217054,0,0.022683610253990683,1,0.06109616522938088,1,0.006480376534712659,1,0.00011193713330748256,1,0.14015448897768068,0,0.8228856604346451,1,0.0806654492445576,1,0.03801991044750197,1,0.03801991044750197,1,0.0007072542750459487,1,0.010174236409977944,1,0.12758307899146482,0,0.26502086160280725,0,0.4399343583195584,0,0.24910296248815555,0,0.24910296248815555,0,0.01959926803870292,1,0.09483137438938549,1,0.3950462130200161,0
DecisionTree,29,0.6255829447035309,0,0.1890028585841601,0,0.1486739469578784,0,0.1486739469578784,0,0.01740231784381016,1,0.27742616033755274,0,0.7578125,0,0.7484017173092716,0,0.13302271067505467,0,0.056863475056914914,1,0.06261773533968906,1,0.0023503071069233133,1,0.012794241277847895,1,0.07514788059581456,0,0.830995526567077,1,0.07887499376192492,1,0.03281750006044115,1,0.03281750006044115,1,0.001577352819667352,1,0.017050780222483075,1,0.10592167812762465,0,0.2848637487276428,0,0.44801880260904425,0,0.2505980341846604,0,0.2505980341846604,0,0.015412927354432046,1,0.11133004926108381,0,0.21190618293796182,0
DecisionTree,30,0.6302974828375286,0,0.1697914915083235,0,0.20321469575200923,0,0.20321469575200923,0,0.015082231936657309,1,0.1323027375201289,0,0.46555555555555556,0,0.751073594350508,0,0.12824710041333764,0,0.053423008261717975,1,0.053423008261717975,1,0.0009291047024793386,1,0.031051722978274965,1,0.09712065037900763,0,0.8243452923093808,1,0.08010202310575515,1,0.04050461154812335,1,0.04050461154812335,1,0.0036359621991113728,1,0.0009400664933695291,1,0.16763925594559587,0,0.27803385998526764,0,0.4419400852356471,0,0.2370274043972075,0,0.2370274043972075,0,0.01931404729158874,1,0.13406560908304344,0,0.19189055051723514,0
CatBoost,1,0.7586565096952909,0,0.11720195056330923,0,0.11489423355549122,0,0.11489423355549122,0,0.009147742239200708,1,0.16564849624060152,0,0.3371118053746771,0,0.7415011888696099,0,0.13715561920349156,0,0.0497350344554498,1,0.0758547824828476,1,0.003963124758572682,1,0.008466175622355299,1,0.053023028129117744,0,0.8293961566983441,1,0.07967010969653293,1,0.01878539759207498,1,0.02889904937023663,1,0.0031291132221364856,1,0.014188959432961834,1,0.05483224007406057,0,0.25254410881772726,0,0.4717983993987396,0,0.2909081173698864,0,0.2909081173698864,0,0.008881374545233169,1,0.046651930429988386,1,0.10063021489471247,0
CatBoost,2,0.6376910016977928,0,0.17941819404741888,0,0.05856462659336481,1,0.05856462659336481,1,0.01222520354191036,1,0.05967741935483872,1,0.33316326081747416,0,0.7403576750327097,0,0.13523631525464241,0,0.04676268097600478,1,0.057458503103721734,1,0.0036843221169108945,1,0.009282033225293751,1,0.08085478424675446,0,0.8136391010490673,1,0.08530407391554368,1,0.03811077517848516,1,0.03811077517848516,1,0.0010836136567580062,1,0.0206987310379827,1,0.08666027801375997,0,0.2571955226982938,0,0.4614655394869183,0,0.21230281225384795,0,0.21230281225384795,0,0.018302221561385237,1,0.07539749149560493,1,0.19008786316528037,0
CatBoost,3,0.33619763694951665,0,0.31175382545821423,0,0.38235294117647056,0,0.38235294117647056,0,0.011000005875293838,1,0.047081990691013265,1,0.5581912138341973,0,0.7424093140422975,0,0.13186024026985693,0,0.05253676954269726,1,0.05749855321822804,1,0.0012912474585438927,1,0.005543994079936332,1,0.07404505340893086,0,0.8463346675762533,1,0.06871521007646658,1,0.021556961120640428,1,0.021556961120640428,1,0.0027929228021034216,1,0.01584043975348315,1,0.08228034468974382,0,0.2284325835709509,0,0.4808267044428547,0,0.32892893295523873,0,0.32892893295523873,0,0.011474984347853184,1,0.07315924050517109,1,0.29451411643821984,0
CatBoost,4,0.5601561864475718,0,0.22729947872877077,0,0.16894977168949776,0,0.16894977168949776,0,0.016991192511699657,1,0.0604783344509372,1,0.43250174018291987,0,0.7498541817600054,0,0.12973336805767316,0,0.05558871722846448,1,0.05558871722846448,1,0.0017716461383425197,1,0.013644654843859905,1,0.05882093007744238,0,0.8194844447609848,1,0.08268697496125926,1,0.03689465813068504,1,0.03689465813068504,1,0.0006375868312241198,1,0.00644685421618818,1,0.08613723301461379,0,0.2508387776126181,0,0.4629202118068506,0,0.3025031019042995,0,0.3025031019042995,0,0.009178760467829228,1,0.05639463965032365,1,0.19242608447349308,0
CatBoost,5,0.7353961005741138,0,0.12532756578238863,0,0.0843793208712672,1,0.0843793208712672,1,0.026391365302897186,1,0.06612087254528631,1,0.6605475197434898,0,0.7236193325323068,0,0.1446436665491148,0,0.0663233035331443,1,0.0663233035331443,1,0.0005917827946304091,1,0.005085470085470112,1,0.04409781194117787,1,0.8693804747446879,1,0.05857642817522973,1,0.013131249835979908,1,0.01871246771536615,1,0.004836943243120832,1,0.012834024697869095,1,0.066582267709625,0,0.25361906523089467,0,0.4583989475515795,0,0.27663295598316395,0,0.27663295598316395,0,0.023763977839744606,1,0.10059331839779406,0,0.13841627181377603,0
CatBoost,6,0.5680580762250453,0,0.2201109803262149,0,0.08582089552238803,1,0.08582089552238803,1,0.00795532619099018,1,0.06739811912225702,1,0.3187899621964768,0,0.7455192163094659,0,0.12928094175526178,0,0.05520634025148796,1,0.05520634025148796,1,4.9324527870764356e-05,1,0.014005050078379488,1,0.08439294099371253,0,0.8263645052310932,1,0.07765464221903062,1,0.03971570446360362,1,0.03971570446360362,1,0.0008886670827980211,1,0.008747570631469914,1,0.05991345415511501,0,0.2527363804371598,0,0.45528529683214525,0,0.2916140249399165,0,0.2916140249399165,0,0.009039072406755652,1,0.1048527557005865,0,0.1658811966464498,0
CatBoost,7,0.7646602395465294,0,0.11635408284400822,0,0.07698321131909447,1,0.07698321131909447,1,0.01375526353710698,1,0.07227761420542411,1,0.593133660232556,0,0.7106508536545275,0,0.15171236335471566,0,0.06186736360022471,1,0.0839396823028585,1,0.0035481448109552158,1,0.020308060223459323,1,0.07324394186762029,0,0.8351354466342834,1,0.07383183489811623,1,0.03164820899847409,1,0.03256549232158988,1,0.001651951900189616,1,0.0044160545723817,1,0.07946790528486047,0,0.22976303317535546,0,0.4766317864013889,0,0.30646978678341275,0,0.30646978678341275,0,0.013350167739736699,1,0.04234422492401213,1,0.15880811951141682,0
CatBoost,8,0.5817352369688266,0,0.20813014965528837,0,0.2104700854700855,0,0.2104700854700855,0,0.019503568821833225,1,0.057483948635634,1,0.5894750646574118,0,0.753166548389579,0,0.12415494439349617,0,0.06206579616231844,1,0.06206579616231844,1,0.001723781089046958,1,0.014805619816058324,1,0.07220253406879576,0,0.8077812890440357,1,0.08621202337539857,1,0.04179869048069418,1,0.04179869048069418,1,0.0031186888172833258,1,0.0008942998795757884,1,0.06352473002396392,0,0.2574916759156493,0,0.45080862533692717,0,0.277807804561669,0,0.277807804561669,0,0.022531513744612618,1,0.06674732809034079,1,0.12510569125142745,0
CatBoost,9,0.4947052315473368,0,0.26879098705229526,0,0.15584415584415579,0,0.15584415584415579,0,0.017330809507550816,1,0.08311688311688303,1,0.7139727759972517,0,0.7283559564017257,0,0.14437541730874626,0,0.04458186303464906,1,0.0768561856714904,1,0.006521490755278442,1,0.00904892309042038,1,0.0757189170723287,0,0.8005223156356658,1,0.09298461232105648,1,0.047465914992562364,1,0.047465914992562364,1,0.0012524304199821312,1,0.017031452422002102,1,0.06431362479327751,0,0.2847383861369707,0,0.4503749321112036,0,0.2478056455006129,0,0.2478056455006129,0,0.01025889377136735,1,0.07469116344696125,1,0.11169890019892736,0
CatBoost,10,0.6978324338671149,0,0.15325591413289297,0,0.22599226702438258,0,0.22599226702438258,0,0.06875826817161423,1,0.1507874015748032,0,0.46587829318393414,0,0.7195737892265723,0,0.14658987899390602,0,0.04896465673776362,1,0.0691695590832762,1,0.0029703859098324306,1,0.0009023363371912785,1,0.060094561832507054,0,0.8272680117363471,1,0.07802335090647017,1,0.03321969379269363,1,0.03321969379269363,1,0.0009550836365041435,1,0.025279542850340064,1,0.04183484458509357,1,0.24570977466887764,0,0.47290702284249764,0,0.2824604589310471,0,0.2824604589310471,0,0.012168843736584445,1,0.08752515090543256,1,0.28406587812598616,0
CatBoost,11,0.37932825484764543,0,0.30141247687909867,0,0.11363636363636365,0,0.11363636363636365,0,0.024063448237037863,1,0.0837092731829574,1,0.4580055282557237,0,0.7494245777022618,0,0.1284491125272827,0,0.040286645428396106,1,0.06059080981099772,1,0.001966088454435154,1,0.007884742304693604,1,0.07980744620551972,0,0.8036798884911897,1,0.08937603758917428,1,0.062064341702188,1,0.062064341702188,1,0.004915940333672632,1,0.021575812113798665,1,0.09596084085422252,0,0.24126434896660892,0,0.4716559248426213,0,0.2926504526895082,0,0.2926504526895082,0,0.01917137045889685,1,0.08309921371145867,1,0.2631955484599769,0
CatBoost,12,0.6255829447035309,0,0.1890028585841601,0,0.08054161316680275,1,0.08054161316680275,1,0.007722512347624,1,0.08088114417228331,1,0.30149887113616103,0,0.7159404627680719,0,0.14983275725711176,0,0.07085432975417405,1,0.07290838169826375,1,0.000766604541951349,1,0.00847159044505108,1,0.08383534387112071,0,0.814090907692355,1,0.08483753308783137,1,0.03320155926179691,1,0.0397052203793873,1,0.0023802924909691325,1,0.008561939625695403,1,0.08551340256058038,0,0.24404293436700863,0,0.4700536417032013,0,0.2886461850570401,0,0.2886461850570401,0,0.015216410153747077,1,0.13999508357915436,0,0.2692319932497611,0
CatBoost,13,0.47904089788283305,0,0.2575668404237431,0,0.3701298701298701,0,0.3701298701298701,0,0.054210583749654255,1,0.15850515463917525,0,0.4925342702399964,0,0.7329792373214743,0,0.13926204020148203,0,0.05810232918393843,1,0.07621170943725002,1,0.0008437455857334131,1,0.016965327499977922,1,0.09686015042578344,0,0.84648048525646,1,0.06950082862619822,1,0.04218992345024264,1,0.04218992345024264,1,0.005081394243868234,1,0.029477517505131945,1,0.06320268967471687,0,0.24215176331710195,0,0.47242487481531303,0,0.30673336608844504,0,0.30673336608844504,0,0.011976754878535473,1,0.07185296222594617,1,0.11210196969429109,0
CatBoost,14,0.7263986738499792,0,0.13876744577097694,0,0.0750788859925916,1,0.0750788859925916,1,0.0146173198900343,1,0.08009720899934858,1,0.4236831653870068,0,0.744551020667149,0,0.13161598663123503,0,0.048541539823988455,1,0.06559379329982615,1,0.0036002894954909326,1,0.008099078010047833,1,0.06746896577576439,0,0.799592346521278,0,0.09161413817377634,1,0.028520925326706803,1,0.028520925326706803,1,0.0028105949451184623,1,0.017247924601234033,1,0.06146816618069134,0,0.23710705357488157,0,0.4746448790022062,0,0.27060205313687513,0,0.27060205313687513,0,0.014190444034608889,1,0.12661674608577267,0,0.13294772416120437,0
CatBoost,15,0.7472965936806335,0,0.12919106727563118,0,0.06813186813186811,1,0.06813186813186811,1,0.02826390238180817,1,0.0888888888888888,1,0.612100049796447,0,0.7504957682038302,0,0.12815760541285154,0,0.05263834952064561,1,0.052747485238397465,1,0.0013514591464091966,1,0.013951424375247434,1,0.07231257074531977,0,0.7741443049388823,0,0.10386813442882281,0,0.03756445386975138,1,0.03756445386975138,1,0.0005161609346393606,1,0.01663711349463648,1,0.053585972914373836,0,0.2514152472169102,0,0.46482262361276117,0,0.29095444714696705,0,0.29095444714696705,0,0.008593746801644882,1,0.08595817328211697,1,0.15641438979192324,0
CatBoost,16,0.6407916062441354,0,0.17702202791323357,0,0.08211348110971695,1,0.08211348110971695,1,0.007714099230381313,1,0.040248514316585604,1,0.5581912138341973,0,0.7401219462118028,0,0.13482133064213236,0,0.04763753230087542,1,0.07207022334765673,1,0.0040316348359415305,1,0.0113604419708212,1,0.08597167967311053,0,0.8307147488432203,1,0.07707068687401974,1,0.041633663203631044,1,0.041633663203631044,1,0.0020685275193205455,1,0.01519673308245173,1,0.07917776287227762,0,0.2534582973650676,0,0.4633104243518902,0,0.24236319996176048,0,0.24236319996176048,0,0.021317408687849752,1,0.09594039545324295,1,0.3213193080665854,0
CatBoost,17,0.6755769550058112,0,0.1642845131999327,0,0.1424461717144644,0,0.1424461717144644,0,0.027309958150342206,1,0.11172161172161166,0,0.593133660232556,0,0.7497423245967324,0,0.12710850834721338,0,0.04944891962291087,1,0.06391374784119623,1,0.0019020542953693612,1,0.005079329453698156,1,0.07092393969985328,0,0.8330165930582191,1,0.07486662330116783,1,0.034317043269991854,1,0.034317043269991854,1,0.0017982710781779543,1,0.006482520104139966,1,0.07525990023714269,0,0.24876076585716644,0,0.46213824687819305,0,0.27097607963030756,0,0.27097607963030756,0,0.02055375902459179,1,0.08752563863509222,1,0.16801497304393798,0
CatBoost,18,0.6346202585114471,0,0.18181436018160418,0,0.17321428571428565,0,0.17321428571428565,0,0.028464090981987808,1,0.06687446339915637,1,0.5954177493287764,0,0.7414123709302249,0,0.13498555310952115,0,0.0521780893600855,1,0.05762456111112363,1,0.0008710967049653448,1,0.01197505898357143,1,0.10818109228672113,0,0.8224602780140655,1,0.08151734129826166,1,0.03039152360772579,1,0.03039152360772579,1,0.0009686726322510955,1,0.010230110286467364,1,0.045798041488693375,1,0.266038529438704,0,0.45395799181302254,0,0.26570638080803866,0,0.26570638080803866,0,0.014466094307413052,1,0.1282836879432624,0,0.250475874972554,0
CatBoost,19,0.6275689223057643,0,0.18740541449470327,0,0.12337662337662336,0,0.12337662337662336,0,0.03260166395294272,1,0.06577964519140989,1,0.593133660232556,0,0.7579909049270431,0,0.12430140734257078,0,0.0493230413177268,1,0.0709165759483034,1,0.0026771654554865257,1,0.01692076830732292,1,0.07349684153624858,0,0.836784339821317,1,0.07442273157283696,1,0.030932519585090912,1,0.04250619356127357,1,0.0016202618986828343,1,0.017608667857127447,1,0.093469876702579,0,0.258021730343515,0,0.46020564914626927,0,0.2534757186941692,0,0.2534757186941692,0,0.01891989413074216,1,0.06838133933106005,1,0.11633490814654268,0
CatBoost,20,0.7010078387458007,0,0.14591390617117872,0,0.11464901218999579,0,0.11464901218999579,0,0.02921393657687233,1,0.0940800159309989,1,0.37056051355508324,0,0.7344228559860978,0,0.14112289555256047,0,0.03949838939246386,1,0.06233019425173564,1,0.0042116447852688435,1,0.013060480720002099,1,0.09756683378790121,0,0.8207835492831447,1,0.08294964870031579,1,0.03219386987442019,1,0.03219386987442019,1,0.0005305310553633952,1,0.021748852047872802,1,0.07562771972311866,0,0.2582678410239502,0,0.4597185115702549,0,0.23781784705247455,0,0.23781784705247455,0,0.01706661990151854,1,0.13459408134198447,0,0.23235931357441297,0
CatBoost,21,0.6045388701110574,0,0.20657474356818561,0,0.19530102790014692,0,0.19530102790014692,0,0.03695354982396293,1,0.06948777724940747,1,0.5855453930395004,0,0.76162275569792,0,0.1213982258332294,0,0.04174684310416843,1,0.06230329041487839,1,0.0035525744880422205,1,0.006804120835048111,1,0.08667641716543356,0,0.8334705289561877,1,0.07547771715634044,1,0.03759114281642861,1,0.03759114281642861,1,0.0054116394073360705,1,0.031463585190657284,1,0.06954616077530362,0,0.2506712951622423,0,0.46253351650408825,0,0.2960196302131436,0,0.2960196302131436,0,0.005897639886974802,1,0.1130817610062893,0,0.28182085465047846,0
CatBoost,22,0.6010299380291525,0,0.1921557087607197,0,0.05630703166935058,1,0.13685978169605373,0,0.015070487218689955,1,0.16735112936344965,0,0.4842171432437043,0,0.7457724258077166,0,0.1327744348867816,0,0.05696182249566051,1,0.06083543344101093,1,0.0021252884579529147,1,0.006163524416692101,1,0.0849054694795015,0,0.811319806699688,1,0.08683591805962981,1,0.04206082536400457,1,0.04328507267578463,1,0.0006426373860991957,1,0.008812433893524596,1,0.0854238851086302,0,0.22725598526703497,0,0.4857605927297986,0,0.30803952131291135,0,0.30803952131291135,0,0.013347236134302207,1,0.06753725096266527,1,0.15122435342343354,0
CatBoost,23,0.5690391782565222,0,0.19930216916092147,0,0.13611111111111118,0,0.13611111111111118,0,0.03136434423535745,1,0.10289855072463772,0,0.7139727759972517,0,0.7038197107013049,0,0.15609720326228332,0,0.06352059224688344,1,0.07450276935117274,1,0.004637154756910018,1,0.002956299050343447,1,0.08190589432797946,0,0.8649690682180556,1,0.06001168626385356,1,0.007829735345318611,1,0.03136794512153497,1,0.003344094665595501,1,0.007870418256344158,1,0.09773260649241355,0,0.24808960493476453,0,0.4607362217451489,0,0.28576247163884483,0,0.28576247163884483,0,0.011928889929825978,1,0.10478389124022058,0,0.2359028585500772,0
CatBoost,24,0.8332919822684376,1,0.07842733422035963,1,0.08499509643674397,1,0.08499509643674397,1,0.030357069266306054,1,0.08559737454303751,1,0.48419066704162295,0,0.759588365431797,0,0.12194317979188918,0,0.05303847726476196,1,0.05303847726476196,1,0.0016801344002283641,1,0.0014542570068747374,1,0.05496763881988942,0,0.845485172189751,1,0.06937530682764997,1,0.015555934208020483,1,0.03978078656873675,1,0.005845603046346917,1,0.017738141934059537,1,0.08524472606733946,0,0.2448631183162947,0,0.4652634450124239,0,0.27448666203638494,0,0.27448666203638494,0,0.012195658792332226,1,0.08225756279648488,1,0.15566005229760493,0
CatBoost,25,0.46993076987238297,0,0.26715150496048434,0,0.13232628398791546,0,0.13232628398791546,0,0.014313303351928673,1,0.1507936507936508,0,0.4654312738530433,0,0.7467377314280057,0,0.13139682213547016,0,0.05037536170298873,1,0.06466662944872603,1,0.00197618559991395,1,0.0009708903270871927,1,0.060817115145003986,0,0.7967814248754452,0,0.09395100216310143,1,0.03458689510286872,1,0.03623425839368731,1,0.002847526982974108,1,0.008576011918377868,1,0.05804690567733639,0,0.22948796140551805,0,0.47701731990085183,0,0.29877249275115125,0,0.29877249275115125,0,0.01500122896957045,1,0.07435691318327975,1,0.16971012470952618,0
CatBoost,26,0.6336032388663968,0,0.1826130822263326,0,0.06132105633352514,1,0.08224108658743634,1,0.017827429240060075,1,0.08011583011583012,1,0.4519260056033102,0,0.7427716711805313,0,0.13208257060460332,0,0.03834429324626598,1,0.06755947021417408,1,0.006467919282689839,1,0.00647766059071464,1,0.05981074748958748,0,0.8295245953271319,1,0.07682469162752975,1,0.042208791708673754,1,0.042208791708673754,1,0.0001054222995008694,1,0.002878807656251925,1,0.09796018253477734,0,0.24618194430895632,0,0.46374123426056607,0,0.27463066809177283,0,0.27463066809177283,0,0.019927744383840172,1,0.077764542386341,1,0.24045187619563385,0
CatBoost,27,0.6755769550058112,0,0.1642845131999327,0,0.1905354919053549,0,0.1905354919053549,0,0.018749055658141868,1,0.26474156758068423,0,0.5355530355525351,0,0.75576582186494,0,0.12424999081725396,0,0.0535184310876321,1,0.05722887187439428,1,0.0004440758881535112,1,2.882208569920941e-06,1,0.10236650437242367,0,0.8667894882604827,1,0.059338895171683836,1,0.01791400636871332,1,0.021406120760959477,1,0.001458325686062814,1,0.007289846455096005,1,0.06908498507006777,0,0.2538345615063159,0,0.4601971370127832,0,0.2705528638382363,0,0.2705528638382363,0,0.01742013047603328,1,0.025602948543619886,1,0.16081702708895718,0
CatBoost,28,0.540120793787748,0,0.22406255254750296,0,0.24841772151898733,0,0.24841772151898733,0,0.01855646588895344,1,0.37540983606557377,0,0.6214181847634748,0,0.7740808698185606,0,0.11326938287758398,0,0.03249159157538806,1,0.05363902682815308,1,0.0024544284563864788,1,0.0029504100404450506,1,0.06440434402772321,0,0.8096722206567116,1,0.08633943333757127,1,0.046730052637064756,1,0.046730052637064756,1,0.00012887970920748976,1,0.005529177775208227,1,0.050811245274759886,0,0.23882175639676267,0,0.46230099935042934,0,0.3032639972688256,0,0.3032639972688256,0,0.012252789164037527,1,0.07711169970616227,1,0.12943864584184966,0
CatBoost,29,0.5454862321366329,0,0.21927022027913234,0,0.1518518518518519,0,0.1518518518518519,0,0.00993078816120023,1,0.1890728476821193,0,0.7715476235747686,0,0.7440313723018914,0,0.13394674667192463,0,0.047326654163710624,1,0.06596703285736029,1,0.0020904947810600413,1,0.0026402573492221304,1,0.05468864293308784,0,0.8212478924383685,1,0.08253333500180549,1,0.016638812287202098,1,0.04275360805363519,1,0.004383644494379092,1,0.010174399979497428,1,0.0938170926258397,0,0.24753593353068812,0,0.4756813342981036,0,0.2933367544309794,0,0.2933367544309794,0,0.017954264415073008,1,0.0797440699126093,1,0.22469843870647443,0
CatBoost,30,0.5042964554242749,0,0.2328064570371616,0,0.2652123995407577,0,0.2652123995407577,0,0.004939506252137529,1,0.10448979591836738,0,0.5580713063826604,0,0.7425504958415577,0,0.13410575420196819,0,0.06537689763496224,1,0.06537689763496224,1,0.0010209415334672192,1,0.03289956287353746,1,0.08122489247084641,0,0.8027550771122126,1,0.09092351173249574,1,0.04651337623998386,1,0.04708706039116797,1,0.0024981137218840835,1,0.016437373995513593,1,0.12230875614072256,0,0.23162867411649726,0,0.4841319803548321,0,0.3044192976971971,0,0.3044192976971971,0,0.018183695407986165,1,0.10426935919860081,0,0.18425434424149711,0
DNN (PyTorch),1,0.6184659601221484,0,0.17857743400033627,0,0.2459893048128342,0,0.2459893048128342,0,0.007851934223881918,1,0.24588892336332613,0,0.5199918647607167,0,0.7480855052945681,0,0.13011115657392253,0,0.04592369094555726,1,0.07261653622332401,1,0.005817105573820376,1,0.0032062111477560995,1,0.05362390787698901,0,0.824498529720647,1,0.08028465049243333,1,0.03239993205242497,1,0.03239993205242497,1,0.0012091463389144325,1,0.024111953389299612,1,0.06504891721569761,0,0.2547219617528197,0,0.4637740251732625,0,0.30980938102377387,0,0.30980938102377387,0,0.010577281842873591,1,0.08733336110648227,1,0.22912053439928137,0
DNN (PyTorch),2,0.5427902540535854,0,0.22166638641331765,0,0.1840796019900498,0,0.1840796019900498,0,0.022823762051417444,1,0.0780889621087314,1,0.6725394129753113,0,0.7337961842367129,0,0.13675453982131547,0,0.04537586507591762,1,0.06887254231726325,1,0.00618253921751525,1,0.0017300914629796438,1,0.05774809984739682,0,0.8002777094603355,1,0.0900563981103335,1,0.057367750244695204,1,0.057367750244695204,1,0.0024273065430377785,1,0.028524653481859952,1,0.05643077821679454,0,0.2501520731529407,0,0.46126902254217556,0,0.2564043883365622,0,0.2564043883365622,0,0.019175301743753634,1,0.10235302188378947,0,0.22566270200829763,0
DNN (PyTorch),3,0.4039081943036224,0,0.2718597612241467,0,0.38235294117647056,0,0.38235294117647056,0,0.009436586266008073,1,0.15436577433074805,0,0.5403140783309937,0,0.7413519517613456,0,0.1293240241193272,0,0.05617670281609477,1,0.05843679397605271,1,0.0006947216380235322,1,0.01040292975840329,1,0.06003397536210986,0,0.8310442763248156,1,0.07405362117404002,1,0.026416881074899923,1,0.031110354219152467,1,5.4946113363693594e-05,1,0.006619314893554495,1,0.06518054183031113,0,0.22115166118935223,0,0.4812279276511876,0,0.3596801279086137,0,0.3596801279086137,0,0.016558862821996485,1,0.11983014653543111,0,0.3472308411317713,0
DNN (PyTorch),4,0.4691872085276482,0,0.26795022700521276,0,0.19830917874396137,0,0.19830917874396137,0,0.021676196687808263,1,0.16330858960763517,0,0.6060666684061289,0,0.7434597321979574,0,0.13262487485322272,0,0.057794943820224653,1,0.060257046507527834,1,0.000716386743026487,1,0.009812397742142154,1,0.06500348063667166,0,0.8249133735118446,1,0.07943479324688035,1,0.03326916240832467,1,0.03326916240832467,1,1.3650379606447438e-05,1,0.008830479353868603,1,0.07281037949133606,0,0.25363835558372644,0,0.4599870475490438,0,0.30871140601679525,0,0.30871140601679525,0,0.010223702475693153,1,0.07829006926461612,1,0.1558196023106575,0
DNN (PyTorch),5,0.784204135910729,0,0.10048641275083464,0,0.21912955465587047,0,0.21912955465587047,0,0.030099443375584747,1,0.10212429080353602,0,0.29941355188687646,0,0.7164948744890528,0,0.14593742102254337,0,0.06971311698167904,1,0.07071447115007275,1,0.00042416330914432643,1,0.0026050796574867974,1,0.04419068331383047,1,0.8526640298214095,1,0.06494175269045355,1,0.023041010653140126,1,0.025904864324664892,1,0.003582071916613652,1,0.0075436093410466976,1,0.03556929012903809,1,0.24896390971481708,0,0.4551148824747556,0,0.29703301882891897,0,0.29703301882891897,0,0.02708213108933153,1,0.11624826921919207,0,0.181237287381116,0
DNN (PyTorch),6,0.535729567821994,0,0.22805616277114515,0,0.07089552238805974,1,0.08802614490408567,1,0.013068334931991124,1,0.08556701030927838,1,0.7794052958488464,0,0.7460686171487566,0,0.12734531159569012,0,0.052459800807563406,1,0.054639879608728376,1,0.0018498015140073626,1,0.013208660627832436,1,0.052543389399846374,0,0.8355781659519562,1,0.07243113784621558,1,0.03360798865000547,1,0.03360798865000547,1,0.0022275921327130424,1,0.012500877122636811,1,0.0666009198818634,0,0.2477370143711869,0,0.4593772809112219,0,0.2899726178455876,0,0.2899726178455876,0,0.009172650044514195,1,0.09300397578386199,1,0.12999723997057935,0
DNN (PyTorch),7,0.705627330269661,0,0.142719017992265,0,0.10893312914752429,0,0.10893312914752429,0,0.01597963906596616,1,0.07897077793434648,1,0.36243465542793274,0,0.7023732427334795,0,0.15457177360524932,0,0.06434287948327921,1,0.09575188788472608,1,0.004157494391885709,1,0.02487111115988061,1,0.08361624628797226,0,0.8150456575785612,1,0.08198638529639268,1,0.03776238955606437,1,0.04626367559971897,1,0.0006438658187767343,1,0.01702722829590042,1,0.07688942412997402,0,0.22187503465576705,0,0.47747743630151773,0,0.3218112755543502,0,0.3218112755543502,0,0.012409999252686259,1,0.06551630645286233,1,0.17109952654157368,0
DNN (PyTorch),8,0.5445846020008699,0,0.22006894232386076,0,0.2735042735042734,0,0.2735042735042734,0,0.03286423926444637,1,0.12192965596771099,0,0.3459147810935974,0,0.7562794505490509,0,0.12106510164406853,0,0.05847406715172554,1,0.05847406715172554,1,0.001559297524584502,1,0.016048857776625458,1,0.06894095992015686,0,0.7932248395390511,0,0.09219621499693315,1,0.04457465843348085,1,0.048494568215065106,1,0.0015125245125995335,1,0.01180404229434684,1,0.06192526314184249,0,0.24977606980843128,0,0.45741944576572774,0,0.291860339422765,0,0.291860339422765,0,0.023853516297010394,1,0.08959073004433615,1,0.12061271497181486,0
DNN (PyTorch),9,0.513198885063125,0,0.24962165797881292,0,0.16883116883116878,0,0.16883116883116878,0,0.018460412245585457,1,0.07341772151898729,1,0.7599466443061829,0,0.7244356560663664,0,0.14496300177616228,0,0.045385225160386344,1,0.08613746322921166,1,0.007169825584995293,1,0.011072152386636391,1,0.05123917222360719,0,0.787942195655867,0,0.09790897655218661,1,0.06620918310164492,1,0.06620918310164492,1,0.002210306975918168,1,0.02534003585039668,1,0.10667709609587406,0,0.269744120259462,0,0.4575741258742672,0,0.2708537767777107,0,0.2708537767777107,0,0.008807786091080023,1,0.07717435688035934,1,0.10289675394694009,0
DNN (PyTorch),10,0.6931440707193552,0,0.15171231647341782,0,0.30127041742286753,0,0.30127041742286753,0,0.08634928429090191,1,0.17747519039926152,0,0.737489853054285,0,0.7228914036614909,0,0.1410298216341086,0,0.048276450435504326,1,0.06829956731623633,1,0.00446453901141481,1,0.006016140865737318,1,0.04237796651930237,1,0.8159461126197185,1,0.08141283980855774,1,0.04318247725427571,1,0.04318247725427571,1,0.0013836759243356783,1,0.02559237232134437,1,0.07023064858877837,0,0.22945447247216227,0,0.47445877378261625,0,0.3173754350224939,0,0.3173754350224939,0,0.009875237688280303,1,0.08918258051934413,1,0.2116988873481751,0
DNN (PyTorch),11,0.3426069506521937,0,0.3029678829662015,0,0.36363636363636365,0,0.36363636363636365,0,0.020064465688814856,1,0.20681686886192951,0,0.7411149144172668,0,0.7450849500284923,0,0.12906560127465805,0,0.04175996141702876,1,0.06762648996754551,1,0.0029606859373930983,1,0.005787751120825968,1,0.08006180508421096,0,0.7829057068091602,0,0.09788014728683897,1,0.07382071100742404,1,0.07382071100742404,1,0.005706963480213184,1,0.014766303467078412,1,0.06353581451370327,0,0.2337756805477216,0,0.4743713278082,0,0.3147047431531721,0,0.3147047431531721,0,0.02050593184551544,1,0.10690786425221954,0,0.26257362690838904,0
DNN (PyTorch),12,0.5826705026231173,0,0.20733142761055995,0,0.13663967611336036,0,0.13663967611336036,0,0.009874889853285704,1,0.07552199926736947,1,0.7599466443061829,0,0.7201862347745844,0,0.14623014361306563,0,0.07910389446455879,1,0.07910389446455879,1,0.0010323838786529468,1,0.006942857710262373,1,0.06398647870929514,0,0.8173843522792597,1,0.08275519420094246,1,0.0327941115734206,1,0.03994756796510447,1,0.0010230969459188097,1,0.004595187629857667,1,0.07471343805082145,0,0.24343083627962095,0,0.46883473194605596,0,0.3059909402920783,0,0.3059909402920783,0,0.015951153363973403,1,0.15105270594884834,0,0.22589050347988426,0
DNN (PyTorch),13,0.4349487580336981,0,0.27349924331595765,0,0.44227994227994233,0,0.44227994227994233,0,0.07629610689052671,1,0.04190871224176462,1,0.5306080102920533,0,0.722099686037353,0,0.14381378660102517,0,0.06655792821231943,1,0.08430544829907728,1,0.00296282018393082,1,0.0183924879584334,1,0.09441298487210525,0,0.8284283395237312,1,0.07682803791957732,1,0.05450105068294386,1,0.05450105068294386,1,0.007737433025092014,1,0.02594679031109348,1,0.07740079195468463,0,0.2296848149670046,0,0.4780527447004396,0,0.344671922088733,0,0.344671922088733,0,0.015220202548487292,1,0.09266867207011487,1,0.1383613485556382,0
DNN (PyTorch),14,0.7010078387458007,0,0.14591390617117872,0,0.15540540540540537,0,0.15540540540540537,0,0.01143046236795054,1,0.09591642924976262,1,0.4448653757572174,0,0.742778604030976,0,0.12945037609975368,0,0.053715383651476545,1,0.06420134464795338,1,0.002958403114312322,1,0.002662916723830344,1,0.0535261791143844,0,0.7759254188389377,0,0.10061121629310099,0,0.04020147666124385,1,0.040585691823899386,1,0.0015657449704591028,1,0.005527430386997101,1,0.050339285958380886,0,0.22710489704087172,0,0.4753889302936226,0,0.2928049519968561,0,0.2928049519968561,0,0.013559962164153685,1,0.1243185358255452,0,0.19242040135643695,0
DNN (PyTorch),15,0.7609547559672247,0,0.12220852363473345,0,0.06826128417037503,1,0.06826128417037503,1,0.01962989656677548,1,0.07797393862967628,1,0.6594821512699127,0,0.7480855535817469,0,0.127500988618932,0,0.045578971724899,1,0.06590430442559575,1,0.0008675594451601903,1,0.005600179053343868,1,0.05622633611946781,0,0.7804329287040342,0,0.09913300686969362,1,0.04264518795967931,1,0.04264518795967931,1,0.0008492791239396585,1,0.029668284274954826,1,0.06026846082771531,0,0.2513943202692962,0,0.45701728181043677,0,0.31579426091995066,0,0.31579426091995066,0,0.008887609916400599,1,0.13309632459584708,0,0.2708164348321802,0
DNN (PyTorch),16,0.6407916062441354,0,0.17702202791323357,0,0.11348110971699421,0,0.11348110971699421,0,0.01704502802441287,1,0.031230104862884023,1,0.5723046362400055,0,0.7439912253534106,0,0.13047790205417964,0,0.04624545877825004,1,0.0722899949352505,1,0.005816727113208457,1,0.006677039153148212,1,0.0509008118446837,0,0.8096940629703822,1,0.08588125069090519,1,0.05892035675511054,1,0.05892035675511054,1,0.004381682712666458,1,0.013540530466422562,1,0.07446507714232625,0,0.24609544818814388,0,0.46452526365737545,0,0.28153989026634474,0,0.28153989026634474,0,0.02158969106230938,1,0.10659738623838766,0,0.15622059295051982,0
DNN (PyTorch),17,0.7044667590027701,0,0.1435177400369934,0,0.13666577325113916,0,0.13666577325113916,0,0.028525418009780576,1,0.09919028340080971,1,0.6662964622179667,0,0.7497847116571462,0,0.1261314383135826,0,0.04739042647949854,1,0.07066096891585731,1,0.004229749461262311,1,0.005610617452722733,1,0.06124802220852005,0,0.8360214465673037,1,0.07290465538621127,1,0.04685035244132618,1,0.04685035244132618,1,0.00022667973523030072,1,0.023589223081727728,1,0.08405310972362545,0,0.2412948565263937,0,0.4672654593405187,0,0.2931392413329691,0,0.2931392413329691,0,0.022267760852451683,1,0.1068722943722944,0,0.15901002585887913,0
DNN (PyTorch),18,0.5855263157894737,0,0.20490833826138377,0,0.3035714285714286,0,0.3035714285714286,0,0.04599603806934141,1,0.15810933252793713,0,0.6301423907279968,0,0.7414491068954564,0,0.13159397358282887,0,0.05235586331476738,1,0.058762200116061106,1,0.0030394988341094914,1,0.014062575202508087,1,0.0369311075780418,1,0.81392021981222,1,0.08351248208261947,1,0.04012451419605856,1,0.04012451419605856,1,0.0009530067084169008,1,0.013039230789922307,1,0.03955819459506127,1,0.25118890789584947,0,0.45912887050245166,0,0.3004643401350853,0,0.3004643401350853,0,0.012525762616234525,1,0.1339239295443675,0,0.20288805415232974,0
DNN (PyTorch),19,0.6998624011007912,0,0.1467126282159072,0,0.04675324675324677,1,0.04675324675324677,1,0.030231212521920695,1,0.16880341880341887,0,0.6375337839126587,0,0.7613474918885035,0,0.12128980989534921,0,0.06141614636375459,1,0.06141614636375459,1,0.002118250841325872,1,0.0010293098261814349,1,0.058437016264337005,0,0.83623642172877,1,0.0740840624300948,1,0.025026861384996102,1,0.049482769174267,1,0.0007669506783010566,1,0.023337124710608004,1,0.07128175201207188,0,0.24520527472205592,0,0.47060785331860666,0,0.27415949325970446,0,0.27415949325970446,0,0.01743122102785273,1,0.050770866560340244,1,0.17369454247610916,0
DNN (PyTorch),20,0.599043062200957,0,0.19375315285017652,0,0.21940928270042193,0,0.21940928270042193,0,0.018295979052739234,1,0.15537190082644625,0,0.6188287436962128,0,0.7255480640761148,0,0.14398491656687923,0,0.042903987814318256,1,0.0715274426435683,1,0.005040797813359303,1,0.007419785862444073,1,0.055013735132244446,0,0.804999416501342,1,0.08889182069276635,1,0.04990671125221402,1,0.04990671125221402,1,0.0008487238428421667,1,0.02526982107837572,1,0.04668634424084106,1,0.24313469829051693,0,0.4661021473857003,0,0.2759736022489585,0,0.2759736022489585,0,0.01813569182224716,1,0.10623123123123124,0,0.11893480590411587,0
DNN (PyTorch),21,0.6630275378849602,0,0.17386917773667393,0,0.17767988252569755,0,0.17767988252569755,0,0.04295882139010431,1,0.12086211002619662,0,0.45384538173675537,0,0.7496929934432657,0,0.12665479939184815,0,0.05375521763585589,1,0.06990701001430615,1,0.0028773066069403552,1,0.005640952941514232,1,0.07256222888827318,0,0.8026479691940548,1,0.08887520657927633,1,0.05248238059651966,1,0.05248238059651966,1,0.006234591827030608,1,0.017252296003049006,1,0.052467810798669745,0,0.24029895168048168,0,0.4668149066104811,0,0.32665273915885096,0,0.32665273915885096,0,0.006537524022270237,1,0.1300964949082727,0,0.12932373846278467,0
DNN (PyTorch),22,0.6101364522417154,0,0.18496721035816377,0,0.07134894091415822,1,0.10077805765463196,0,0.018467068260523502,1,0.09747800586510258,1,0.44570255279541016,0,0.741532149208903,0,0.13316776528921231,0,0.057334045459680905,1,0.06925113393516777,1,0.003701006050445446,1,0.0037638536890648444,1,0.05313052446753891,0,0.8261878030853076,1,0.078321748300617,1,0.042982682863789146,1,0.042982682863789146,1,0.004268222665795435,1,0.008932655960320668,1,0.06546845350946695,0,0.2224020776662077,0,0.48737151557248803,0,0.33889654639374456,0,0.33889654639374456,0,0.015650247156472688,1,0.11923831317423994,0,0.17989379951828405,0
DNN (PyTorch),23,0.5612839594727875,0,0.20569194551874898,0,0.023125936266526148,1,0.0679945054945055,1,0.032241522486459055,1,0.051788756388415624,1,0.3725630193948746,0,0.727068898615626,0,0.140192081295469,0,0.04655569490829492,1,0.06712987089770621,1,0.005407881958932437,1,0.008356529068956564,1,0.05392714712930757,0,0.8365948314828267,1,0.07264447387300083,1,0.02484817854363719,1,0.04397452933079961,1,0.0014817269552625592,1,0.017415244507199112,1,0.13078451957275616,0,0.2411305883951624,0,0.4628963139179231,0,0.32071720594747233,0,0.32071720594747233,0,0.012213910037554968,1,0.15299509127166744,0,0.37289377550284064,0
DNN (PyTorch),24,0.7911889500767355,0,0.09723389944509842,1,0.1842105263157895,0,0.1842105263157895,0,0.03173487465556232,1,0.09142039063298912,1,0.4381974935531616,0,0.7665411661897129,0,0.11618826607684046,0,0.041771456664806195,1,0.05919967332620393,1,0.002692079212035507,1,0.0007915268075842086,1,0.07222951601629385,0,0.8338352222903685,1,0.07382813405878846,1,0.03145766721125798,1,0.03992668011969969,1,0.004222727606616836,1,0.011238997389506289,1,0.07450062231300708,0,0.2407098353360036,0,0.4646638215923879,0,0.2970090970464955,0,0.2970090970464955,0,0.01159640058785763,1,0.0694689415503903,1,0.13533757925033574,0
DNN (PyTorch),25,0.48531311913170816,0,0.25117706406591556,0,0.10513595166163148,0,0.10513595166163148,0,0.011458982527612738,1,0.14869281045751637,0,0.4726785620053609,0,0.7491753268521623,0,0.12810937607013217,0,0.05151864667435602,1,0.06322870516038949,1,0.003590791281354644,1,0.0043778610070744906,1,0.0488353456951614,1,0.8134297858832202,1,0.08465452531007528,1,0.030077332657200806,1,0.030077332657200806,1,0.0013049844307106429,1,0.021791540095348227,1,0.058644140134797795,0,0.227633171784094,0,0.47586161857726195,0,0.3026021234862698,0,0.3026021234862698,0,0.01613834888650592,1,0.07968682547780703,1,0.19043419510126114,0
DNN (PyTorch),26,0.5436859475421226,0,0.22086766436858923,0,0.14102564102564108,0,0.14102564102564108,0,0.01298987710775018,1,0.07317708333333339,1,0.5744509994983673,0,0.7463456367972359,0,0.12759498512235906,0,0.039566458688421235,1,0.06274349792071753,1,0.007826668537019993,1,6.729351876444412e-05,1,0.06940687317401173,0,0.8309245822719445,1,0.07481482058992334,1,0.050686200976010176,1,0.050686200976010176,1,0.0039964129337944285,1,0.00898041633376001,1,0.08206647066842943,0,0.23591215747885957,0,0.4677729945008593,0,0.2946968476844464,0,0.2946968476844464,0,0.019745685248651106,1,0.07111149985786447,1,0.21204144245869405,0
DNN (PyTorch),27,0.5305534367319265,0,0.2328484950395157,0,0.09791407222914073,1,0.09791407222914073,1,0.019554978662788262,1,0.17600644122383258,0,0.6725394129753113,0,0.7499876007676078,0,0.125040856172785,0,0.06015034665340424,1,0.06015034665340424,1,0.0009691484534937456,1,0.002425801989462739,1,0.08227822829963294,0,0.8427185202816211,1,0.0690456619538638,1,0.03446305986270459,1,0.03446305986270459,1,0.004058909510180772,1,0.002134355287634393,1,0.10203753844384222,0,0.24167078347374982,0,0.4608818919460461,0,0.2891973368962013,0,0.2891973368962013,0,0.022272094998649898,1,0.05409642785470603,1,0.18289537142430032,0
DNN (PyTorch),28,0.4950355856251647,0,0.2415923995291744,0,0.3607594936708861,0,0.3607594936708861,0,0.020279329199591967,1,0.41699128176590616,0,0.5526050925254822,0,0.768983692394932,0,0.11493789961480894,0,0.0349119546654052,1,0.061258768152157334,1,0.0037980908165194463,1,0.0009211231080353821,1,0.0770080526843342,0,0.7938205352752908,0,0.09289971432959576,1,0.05791624322493227,1,0.05791624322493227,1,0.004276793359878378,1,0.0026100473145983516,1,0.04488244304802208,1,0.22502732783298535,0,0.47085813615139394,0,0.33743590100886234,0,0.33743590100886234,0,0.012246246217896162,1,0.08611541875140205,1,0.1528947186470032,0
DNN (PyTorch),29,0.5565433854907539,0,0.20968555574239112,0,0.23950617283950615,0,0.23950617283950615,0,0.011341222660506335,1,0.2885135135135135,0,0.6664406061172485,0,0.7371206915307122,0,0.1361390134868034,0,0.0622935197694211,1,0.0642629112783906,1,0.00323848814635605,1,0.006932957088644498,1,0.060528157739078325,0,0.8236658352116709,1,0.08009862864052442,1,0.021947604960599998,1,0.039317863781616155,1,0.0016681727457508594,1,0.001205646650487724,1,0.069743864630398,0,0.24218646300588637,0,0.47313985872015246,0,0.3267753523072673,0,0.3267753523072673,0,0.02033975541807468,1,0.09922740752302162,1,0.10192733364445827,0
DNN (PyTorch),30,0.5720029239766081,0,0.19690600302673616,0,0.2801377726750861,0,0.2801377726750861,0,0.019834421896124242,1,0.09073464912280704,1,0.8030140697956085,0,0.7342509071521548,0,0.1368420274517813,0,0.06425042554074811,1,0.06425042554074811,1,0.000206773677283556,1,0.024090316280047208,1,0.09091428165533105,0,0.7888867285644022,0,0.09598167975659117,1,0.06515026495773513,1,0.06515026495773513,1,0.00060245684778297,1,0.008383571850258509,1,0.09649231692155197,0,0.22600323741876255,0,0.48018496035493197,0,0.3109563405230801,0,0.3109563405230801,0,0.017888747549039172,1,0.10473155899870878,0,0.20780434211095167,0
Stacking Ensemble,1,0.5725451068429368,0,0.2161173701025727,0,0.19919786096256686,0,0.19919786096256686,0,0.020217235458058765,1,0.1526640815740341,0,0.6916134715323918,0,0.7556153846153847,0,0.12999181669394433,0,0.04701626953129234,1,0.055720741597129156,1,0.007061054029835041,1,0.003154704944178577,1,0.10545774135575015,0,0.826442088174116,1,0.08217631515733842,1,0.019232060720902666,1,0.02720154734817004,1,0.005458180270597121,1,0.01123211893340248,1,0.12774240853525598,0,0.2791660534434451,0,0.4533453486808441,0,0.21931891197258513,0,0.21931891197258513,0,0.019084208360661055,1,0.05231852905188661,1,0.2475148002641241,0
Stacking Ensemble,2,0.7368421052631579,0,0.13157894736842107,0,0.07951653944020354,1,0.07951653944020354,1,0.024711976656878222,1,0.10565951620264724,0,0.6499482800120401,0,0.7496985301199415,0,0.13105795953105148,0,0.033937389569119514,1,0.05225054007492684,1,0.004473238053249118,1,0.005861828478760489,1,0.12661131554734129,0,0.7976273664396459,0,0.09420842657479817,1,0.03684042530632925,1,0.03684042530632925,1,0.005457149074850634,1,0.0013799429017637976,1,0.19372455522712706,0,0.28037547478579267,0,0.4462212112256952,0,0.1388208829185561,0,0.15407759440076038,0,0.02821495129679067,1,0.06294813252092324,1,0.20263305410164525,0
Stacking Ensemble,3,0.42998196960590707,0,0.2790902976290567,0,0.21176470588235297,0,0.21176470588235297,0,0.029554644238295465,1,0.01894904458598723,1,0.5707875680969914,0,0.7644265036194665,0,0.11995264837332198,0,0.04045728830340989,1,0.04045728830340989,1,9.69586297338565e-05,1,0.0170287977979644,1,0.10978461184123348,0,0.8373416194894933,1,0.0737358014844926,1,0.016965051457976,1,0.027791061790243585,1,0.004015655894088116,1,0.001499933992224478,1,0.12215633410063573,0,0.26123831045634877,0,0.45475378996152716,0,0.251427072649143,0,0.251427072649143,0,0.02033075955622554,1,0.07583453240359272,1,0.2306051329210645,0
Stacking Ensemble,4,0.5892226841320888,0,0.22015301832856904,0,0.19634703196347036,0,0.19634703196347036,0,0.019443174926008396,1,0.06666666666666665,1,0.7591694846696808,0,0.7496190999719468,0,0.1326196376356153,0,0.04469803370786518,1,0.057461554460218014,1,0.006382199581373198,1,0.00018172807552641057,1,0.11807529775978454,0,0.8359128652512088,1,0.07639466601419131,1,0.028347237615880316,1,0.028347237615880316,1,0.0015989726954314595,1,0.013220261164301195,1,0.11365073810410758,0,0.2929919803927943,0,0.436710158587408,0,0.1970068871266476,0,0.1970068871266476,0,0.017173859108536152,1,0.04938066799380669,1,0.27889225441934606,0
Stacking Ensemble,5,0.7625540889422203,0,0.11720572926015005,0,0.11411943319838058,0,0.12953739848342083,0,0.034165805090427756,1,0.11704422869471409,0,0.774952213468746,0,0.7384184040818897,0,0.13788144240020628,0,0.05006009022592717,1,0.05644542452289096,1,0.0027257580774829662,1,0.0036709084570591966,1,0.10930769248842209,0,0.8592332977831696,1,0.06447786565758573,1,0.005649254558688033,1,0.03819379214893935,1,0.009558149874788098,1,0.016855879364784943,1,0.10415182065710549,0,0.29241229201961155,0,0.43291998585946645,0,0.19971283122307792,0,0.19971283122307792,0,0.037125984713723297,1,0.10948422444738326,0,0.20663467355630266,0
Stacking Ensemble,6,0.6999440939222107,0,0.1579367748444594,0,0.0607212385278576,1,0.07276507276507277,1,0.01438898110592858,1,0.1794927379145892,0,0.6406443442333447,0,0.7537691737998891,0,0.12770003163626303,0,0.04669055866358196,1,0.04669055866358196,1,0.003174304838421231,1,0.012831656439011185,1,0.11022791982358415,0,0.8241504517774405,1,0.0808354254526153,1,0.033198188366255654,1,0.033198188366255654,1,8.962922184014427e-05,1,0.001910738109002219,1,0.15671602496150397,0,0.2887478343190603,0,0.4369709133766329,0,0.20723335379806884,0,0.20723335379806884,0,0.014431324063795867,1,0.1116074450084602,0,0.18070366722707448,0
Stacking Ensemble,7,0.718478439088375,0,0.14435850008407608,0,0.06598587945610035,1,0.09054235768713581,1,0.017374275530998767,1,0.08519793459552494,1,0.4498544356666345,0,0.7508581374228134,0,0.12966670183328977,0,0.03071561628353936,1,0.06057606639483308,1,0.007598942689301821,1,0.006864696194925135,1,0.13679666784157063,0,0.851302632847425,1,0.06786395158343439,1,0.017739998695470494,1,0.0280224330021078,1,0.0031802846697868356,1,0.0035566018273331945,1,0.08779671338685027,0,0.277087884572117,0,0.4451311752705399,0,0.20973777330078913,0,0.20973777330078913,0,0.02102610603133028,1,0.029229419947982893,1,0.22121180972851812,0
Stacking Ensemble,8,0.5716420388510709,0,0.21691609214730112,0,0.22435897435897434,0,0.22435897435897434,0,0.035004175696980305,1,0.07210607820363912,1,0.5557625692315995,0,0.7567138012354198,0,0.124288952549931,0,0.059135588839880904,1,0.059135588839880904,1,0.0007029368917220863,1,0.01396388196179843,1,0.1251662612913147,0,0.8217189238510038,1,0.08109750407775546,1,0.024830145005513615,1,0.035191191635291025,1,0.0045012438502549865,1,0.005274600607277136,1,0.0930382492695844,0,0.28019952288006944,0,0.4385339041276888,0,0.21869707779339176,0,0.21869707779339176,0,0.031188344943324252,1,0.07693498452012382,1,0.2678868927049117,0
Stacking Ensemble,9,0.5353339034439867,0,0.25126114007062383,0,0.14919786096256682,0,0.14919786096256682,0,0.016141532321439743,1,0.15308177789713973,0,0.6410664297484647,0,0.7487778113912366,0,0.13290772138938112,0,0.03275752471344717,1,0.057809250982494356,1,0.00972669370142814,1,0.0015712417239117649,1,0.1143918122431184,0,0.8002176603270171,1,0.09415029800680802,1,0.03068005844873023,1,0.03752991196320472,1,0.003891133297359489,1,0.0018775530347044933,1,0.15298626993798115,0,0.2964021961736355,0,0.4428644655638312,0,0.20294019720834933,0,0.20294019720834933,0,0.016221141937208472,1,0.07481503403373779,1,0.1898984527099421,0
Stacking Ensemble,10,0.7403903015966884,0,0.13395196898445633,0,0.19734869407401556,0,0.19734869407401556,0,0.10358046832850193,0,0.18799449604403162,0,0.6481554828676925,0,0.7300465782192997,0,0.14155381104201853,0,0.04180934730758634,1,0.05586988296139937,1,0.0049193459881441415,1,0.00452082350460381,1,0.10796914658665224,0,0.8184536481612869,1,0.08313056733637092,1,0.0305072555530157,1,0.0305072555530157,1,0.0025292251967467816,1,0.012643279770401028,1,0.11387673385705188,0,0.2635403388919907,0,0.46000773973436515,0,0.21892595422007188,0,0.21892595422007188,0,0.017034073103866537,1,0.05116524724367866,1,0.29597808018019534,0
Stacking Ensemble,11,0.42172631578947367,0,0.2886749621657979,0,0.14393939393939392,0,0.14393939393939392,0,0.026691559211774726,1,0.1576923076923077,0,0.7905593081862249,0,0.7536586964579587,0,0.12783262377990734,0,0.03420189109467986,1,0.05608108981352171,1,0.007393295584112523,1,0.005208204831526175,1,0.14761172063795613,0,0.8073740146573652,1,0.08896327761157918,1,0.047321457772351194,1,0.047321457772351194,1,0.0034645521930836976,1,0.008050496567196586,1,0.18299636395905966,0,0.2697041139867143,0,0.4546491074029776,0,0.22793118473927987,0,0.22793118473927987,0,0.028119877071747713,1,0.07759036144578313,1,0.2690105915917231,0
Stacking Ensemble,12,0.7591559544021343,0,0.1252312090129477,0,0.07663957663957666,1,0.07663957663957666,1,0.007660130039751592,1,0.09400921658986172,1,0.4421870362361727,0,0.7425207534311867,0,0.13623056212233559,0,0.050419661265535654,1,0.05696226621925299,1,0.0032304192920279626,1,0.0002232301883208221,1,0.1306109190423821,0,0.8283346118504088,1,0.07985317820946636,1,0.023433669422520342,1,0.03363385067965104,1,0.0038519648349084473,1,0.005014660131157811,1,0.1323591470473252,0,0.28500283220627004,0,0.4435770542972142,0,0.19085657315158333,0,0.19085657315158333,0,0.02297539312087722,1,0.12661558960692876,0,0.3964389782100675,0
Stacking Ensemble,13,0.5873923057237909,0,0.20333781738691775,0,0.2720057720057719,0,0.2720057720057719,0,0.039373777947504546,1,0.15000000000000002,0,0.764110226877315,0,0.7408324952299522,0,0.13523603237596998,0,0.05744958614060991,1,0.060056408657082894,1,0.005616522537387342,1,0.010670285008090308,1,0.12090428981263218,0,0.8245286009610322,1,0.08044740478726459,1,0.048644118677140136,1,0.048644118677140136,1,0.004927313227470573,1,0.012776002111251183,1,0.1262146353762737,0,0.2779957999857138,0,0.4472340487565303,0,0.2211220399132512,0,0.2211220399132512,0,0.021971295950611022,1,0.08970081496472126,1,0.4446971856776455,0
Stacking Ensemble,14,0.7487347980759003,0,0.1270374383529993,0,0.06784195362875567,1,0.06784195362875567,1,0.01907318270753118,1,0.07435897435897443,1,0.3303482437365612,0,0.7551719917979742,0,0.12667651566927451,0,0.04619340278842299,1,0.05141674386350337,1,0.006403801634612578,1,0.0002857542870590146,1,0.10265567122779673,0,0.7962054886136033,0,0.0943982018701322,1,0.017740940701145957,1,0.03466981132075472,1,0.0056389909868651,1,0.0019016079582939716,1,0.08285120797529777,0,0.2707407866484872,0,0.4501004407547617,0,0.2003070992017555,0,0.2003070992017555,0,0.02606436161671999,1,0.14360119047619047,0,0.4095456381393645,0
Stacking Ensemble,15,0.7468936354765261,0,0.1308190198660652,0,0.022314049586776852,1,0.08545727136431785,1,0.035260008360825885,1,0.050701706108970734,1,0.5287802728410598,0,0.7558590172025111,0,0.12683090053407153,0,0.04262231952894047,1,0.05092632662089126,1,0.002614946207088936,1,0.00840419197712916,1,0.09536687492226992,0,0.7760592496323758,0,0.10452828199352981,0,0.03531837320322129,1,0.03531837320322129,1,0.004929060414905553,1,0.015394511149228074,1,0.15887117141931223,0,0.2762336112091526,0,0.44820947266919553,0,0.22236071714919048,0,0.22236071714919048,0,0.017144967272432955,1,0.08023952095808384,1,0.26698728500814617,0
Stacking Ensemble,16,0.6875052800540677,0,0.15549857070791995,0,0.09107068172312838,1,0.09107068172312838,1,0.013250011342439472,1,0.04148660328435605,1,0.5343684456659051,0,0.7442596958815565,0,0.13336108719864082,0,0.04350012956483762,1,0.06695016318849444,1,0.008386052948654882,1,0.01207155470963528,1,0.16356540154451615,0,0.8290703927216272,1,0.07850152759261353,1,0.03551063067563698,1,0.03551063067563698,1,0.0019480751120492454,1,0.006358711469257039,1,0.16368368858517235,0,0.2785533769063181,0,0.4435122682952963,0,0.1878070681584617,0,0.1878070681584617,0,0.029716741743223488,1,0.07557251908396945,1,0.4163591652363345,0
Stacking Ensemble,17,0.6177631578947368,0,0.19539263494198755,0,0.07889752523898863,1,0.07889752523898863,1,0.03180487857472716,1,0.07692307692307687,1,0.7823645259929904,0,0.7488290706241448,0,0.12825749585150048,0,0.04337667032677184,1,0.06445185900522674,1,0.007035119869879779,1,0.013809047407313368,1,0.10762128524640635,0,0.8500198849771432,1,0.0672224120096892,1,0.01726181963868345,1,0.023080720997181933,1,0.0026094518995277705,1,0.005317566043833155,1,0.1494551077523179,0,0.28073374442237775,0,0.4374030528166334,0,0.18535407955812877,0,0.18535407955812877,0,0.02911031714596568,1,0.06887281259165123,1,0.27925819635285337,0
Stacking Ensemble,18,0.6226274347285536,0,0.19139902471834536,0,0.1607142857142857,0,0.1607142857142857,0,0.01865973215344785,1,0.05328083989501309,1,0.698438288017869,0,0.7505792415535455,0,0.13108145294441387,0,0.049630473896618676,1,0.049630473896618676,1,0.002071545629132282,1,0.01862339680370817,1,0.14962997960457783,0,0.8344937454854554,1,0.07676877193256754,1,0.010865532960474544,1,0.03192682957067232,1,0.003535858183298858,1,0.001993677616496048,1,0.10397845927544136,0,0.30214064417412795,0,0.4287012961913304,0,0.18328129874404642,0,0.18328129874404642,0,0.01998595925318588,1,0.11389789112770654,0,0.5188988999948052,0
Stacking Ensemble,19,0.6139261196469434,0,0.19858752312090133,0,0.17314487632508835,0,0.17314487632508835,0,0.04815536082818407,1,0.08333333333333326,1,0.4730631692232814,0,0.780993105315805,0,0.11260510959484099,0,0.029963506356481262,1,0.05983172563738799,1,0.007500381736445419,1,0.012651195005794702,1,0.1252319765212474,0,0.8438496678995455,1,0.07234497763658926,1,0.0252843203877271,1,0.03985319085189254,1,0.004860502904224004,1,0.017539061551334667,1,0.141307467402436,0,0.2862373676303053,0,0.4425394593917026,0,0.1848383953223972,0,0.1848383953223972,0,0.023525701931278918,1,0.062462136912922905,1,0.2960455900174884,0
Stacking Ensemble,20,0.5331289388519843,0,0.2304523289053304,0,0.05248455632352711,1,0.11719853148828015,0,0.04041497119400708,1,0.1664532650448144,0,0.7978458693259347,0,0.7510612116264823,0,0.1322815740076559,0,0.024803056408719715,1,0.04934595578580998,1,0.005445512251326036,1,0.01654135678855384,1,0.13564761904259925,0,0.8173883077369536,1,0.08569780951691908,1,0.023131881682800892,1,0.029836014495769406,1,0.0035627689547097496,1,0.008283812833619564,1,0.09377068958631929,0,0.27941147645581393,0,0.44644611435415116,0,0.17024327270033757,0,0.17024327270033757,0,0.027238944810887247,1,0.09291231644172815,1,0.16444887978930067,0
Stacking Ensemble,21,0.6999440939222107,0,0.1579367748444594,0,0.1447870778267255,0,0.1447870778267255,0,0.04119124363030686,1,0.12172122263169305,0,0.7220645487803571,0,0.7597313323118322,0,0.12406457377355229,0,0.04103800116440859,1,0.06228540772532189,1,0.00815758619119717,1,0.010912926148682,1,0.14011352184017561,0,0.8251429988481781,1,0.08043566982118622,1,0.040369346643475135,1,0.040369346643475135,1,0.0043234779084409605,1,0.02520402081470785,1,0.10723711547410819,0,0.2766494422523067,0,0.44733964227393413,0,0.22191820964027187,0,0.22191820964027187,0,0.016493123983407756,1,0.13647360884807191,0,0.3631080176770798,0
Stacking Ensemble,22,0.7586565096952909,0,0.11720195056330923,0,0.025639516057814005,1,0.04197639277250119,1,0.0136605593712339,1,0.10408834586466165,0,0.7770559415490511,0,0.7589307974854842,0,0.12637787955946994,0,0.043939154281488535,1,0.05262433780123109,1,0.0032271497771674956,1,0.006354641835371155,1,0.10988800511279379,0,0.8380083447342712,1,0.07502045197153068,1,0.02428383733953654,1,0.03159536740723724,1,0.0016679866348656494,1,0.0009958491770268862,1,0.10096098971548595,0,0.2531809841534612,0,0.4711928266223242,0,0.2392173028120934,0,0.2392173028120934,0,0.017068441152376705,1,0.06951808648521263,1,0.2522327105465965,0
Stacking Ensemble,23,0.6600474475002196,0,0.16264503110812178,0,0.16560509554140124,0,0.16560509554140124,0,0.03725992608937657,1,0.06959651366996933,1,0.6039441609403936,0,0.7405115230664281,0,0.1366176361354251,0,0.034185711352821446,1,0.05340410462521568,1,0.006831295209135245,1,0.008674692826832753,1,0.09991836549172162,0,0.861956128993489,1,0.06309547449356534,1,0.007423006265392718,1,0.03304360526495434,1,0.005095727495214197,1,0.011790966268746428,1,0.1731858902905014,0,0.2872307358863685,0,0.4395520253972464,0,0.20768133484980522,0,0.20768133484980522,0,0.01591120946003758,1,0.1090717299578059,0,0.40599431731598323,0
Stacking Ensemble,24,0.814665323446351,1,0.0894106586568722,1,0.10657077476299448,0,0.10657077476299448,0,0.041345284683782214,1,0.07349896480331264,1,0.5904280889365804,0,0.7790591849331783,0,0.11266957299562497,0,0.033325653240566466,1,0.044555748367083384,1,0.00589539088871413,1,0.001532013296719259,1,0.0736497896384466,0,0.8394152692132755,1,0.07367042860820133,1,0.02191562509396705,1,0.038652862000964336,1,0.005937361730416792,1,0.018346048096658074,1,0.09807777187687405,0,0.2759160003107149,0,0.44964495196790133,0,0.19880503114107306,0,0.19880503114107306,0,0.024064088456349865,1,0.09190085870413744,1,0.3459265756576162,0
Stacking Ensemble,25,0.5108119135046919,0,0.25201782411299817,0,0.08750000000000002,1,0.08750000000000002,1,0.023493680507956964,1,0.07303480165490395,1,0.46227789973165906,0,0.7642622627881017,0,0.12293849736319429,0,0.03332726279366238,1,0.056038626121076046,1,0.005941854316235527,1,7.784473065308717e-05,1,0.12096620295022051,0,0.8041027427063988,1,0.09202917757244689,1,0.030235801217038616,1,0.030477103261160363,1,0.003474661803000087,1,0.010785019511648786,1,0.13999948247334296,0,0.26334560186206035,0,0.45876090788122265,0,0.21060126357382447,0,0.21060126357382447,0,0.02328260331882833,1,0.06970155192996419,1,0.195046395203188,0
Stacking Ensemble,26,0.6734524991724594,0,0.16588195728938965,0,0.04795703050067135,1,0.04795703050067135,1,0.022014121402703042,1,0.049950049950049924,1,0.671300073854697,0,0.7484952671929958,0,0.13032014636092154,0,0.041259864686640335,1,0.05461039952768794,1,0.010144767088693454,1,0.0019526246540479963,1,0.12043465993122943,0,0.8326903282885201,1,0.07634631273425424,1,0.028115568240843603,1,0.03891804475320296,1,0.0046496527656939915,1,0.015787967259582536,1,0.12114259903401448,0,0.26396706070487896,0,0.4553409760242314,0,0.22943234893629483,0,0.22943234893629483,0,0.02590202530378699,1,0.07938013915243514,1,0.48020138987512323,0
Stacking Ensemble,27,0.6101364522417154,0,0.201782411299815,0,0.1656288916562889,0,0.1656288916562889,0,0.03275984389994796,1,0.2191358024691359,0,0.6745622445852553,0,0.7791336829152798,0,0.1123619883145166,0,0.03438427840351033,1,0.045015991471215364,1,0.005761271180239946,1,0.005057538995546174,1,0.12807631570313383,0,0.8661392024580856,1,0.06069533276838657,1,0.015432128398380707,1,0.022142266335814717,1,0.0021433743939952773,1,0.0035722992317941404,1,0.13462502257407205,0,0.28455247610132817,0,0.4422674189607829,0,0.20423941438857984,0,0.20423941438857984,0,0.024231907612471362,1,0.030716510903426864,1,0.2566476825768108,0
Stacking Ensemble,28,0.42998196960590707,0,0.2790902976290567,0,0.2357594936708861,0,0.2357594936708861,0,0.02631553503490411,1,0.26080750407830344,0,0.6504119388693159,0,0.7908623119979199,0,0.10554397858580017,0,0.017929467528485787,1,0.0441358385702994,1,0.006752973014032201,1,0.005542792483884229,1,0.12343040928407067,0,0.7968538381855,0,0.09427247158860014,1,0.04666545062886529,1,0.04666545062886529,1,0.003127540489812189,1,0.010016612580537543,1,0.09897318980462688,0,0.26657803056951673,0,0.4484942295153822,0,0.21853314335878715,0,0.21853314335878715,0,0.021064460071220918,1,0.05123375515080575,1,0.24453259619865853,0
Stacking Ensemble,29,0.5288502154262059,0,0.2344459391289726,0,0.16427457098283937,0,0.16427457098283937,0,0.021273024968003693,1,0.1947368421052632,0,0.7823645259929904,0,0.7435628921196281,0,0.13690074204556146,0,0.045381164554353925,1,0.06615728069103002,1,0.004491480465496238,1,0.006794608079128128,1,0.11907793939168768,0,0.8223776186744053,1,0.0836101476543018,1,0.011619622857360401,1,0.04399632406691868,1,0.00854094553957127,1,0.014904240766073884,1,0.12500281965471538,0,0.26610514252972356,0,0.4667237546915424,0,0.24040974223345046,0,0.24040974223345046,0,0.017164719516609285,1,0.05715994531784008,1,0.2563784537851329,0
Stacking Ensemble,30,0.6567581745060326,0,0.16504119724230704,0,0.10947688740762207,0,0.12216216216216216,0,0.021978108315635472,1,0.1445147679324894,0,0.6286482108438556,0,0.7620673948092371,0,0.12284142645842316,0,0.040641563222208354,1,0.040641563222208354,1,0.0014333930717811555,1,0.0290457783504392,1,0.11060917198914166,0,0.8185029897699753,1,0.08376401324249905,1,0.03202413040687979,1,0.042055350742893766,1,0.005931415460149955,1,0.016340016820137415,1,0.18069247529006727,0,0.2686356736318886,0,0.45615310440617335,0,0.2167060539752006,0,0.2167060539752006,0,0.027321888215317898,1,0.13649355176019518,0,0.42968019902809507,0
LGB-XGB Blend,1,0.5213191205862758,0,0.24163443753152852,0,0.213903743315508,0,0.213903743315508,0,0.01800980268213071,1,0.08132911392405062,1,0.47573908729751935,0,0.760895510895511,0,0.12705605564648115,0,0.038633279939789156,1,0.05567041564508797,1,0.005525593149065713,1,0.00043801232861873096,1,0.0803229474261179,0,0.8404315657591764,1,0.0754644086796381,1,0.007815551303711143,1,0.022445933081327238,1,0.0038986582641864706,1,0.014064217193876183,1,0.08776169118378874,0,0.29473221904290503,0,0.44161928997473554,0,0.21421432141072316,0,0.21421432141072316,0,0.011894840228736957,1,0.06982532778265227,1,0.19577353097088468,0
LGB-XGB Blend,2,0.5771035869929602,0,0.2121237598789305,0,0.05696873343932163,1,0.07068773922706507,1,0.023087552099230597,1,0.04341926729986434,1,0.4471034867500916,0,0.7594384758707331,0,0.12404366186577731,0,0.035397485850150345,1,0.035397485850150345,1,0.002396628736747959,1,0.018682522417423297,1,0.0695502016180779,0,0.7996149535932876,0,0.0924896158479705,1,0.03167587970263819,1,0.03371355887645083,1,0.004641046453189225,1,0.0019152911865462086,1,0.12713271073980836,0,0.2912601294866623,0,0.43298953158706494,0,0.14006861469300835,0,0.14006861469300835,0,0.026270826000253884,1,0.09415584415584421,1,0.24348297613773257,0
LGB-XGB Blend,3,0.4258141314514072,0,0.2838826298974273,0,0.09705882352941175,1,0.1281645569620253,0,0.03327659165242184,1,0.1527777777777778,0,0.3783591466246492,0,0.7657680658030394,0,0.11920619257941589,0,0.036271902024165525,1,0.0387767154459978,1,0.00034783849848944726,1,0.014190237013088192,1,0.07095998126592884,0,0.8346863418831296,1,0.07502974518681327,1,0.017072255574614115,1,0.029356131421859957,1,0.002545713787536097,1,0.0012074609029979477,1,0.08172887398175621,0,0.2738968012997438,0,0.4437763026921214,0,0.2385113904163394,0,0.2385113904163394,0,0.01721710645482291,1,0.09478863309823327,1,0.2857066251654397,0
LGB-XGB Blend,4,0.5883458646616542,0,0.22095174037329746,0,0.2100456621004566,0,0.2100456621004566,0,0.014820587137137492,1,0.08095238095238089,1,0.6806682930930761,0,0.7541410811000409,0,0.12954586701077064,0,0.040314840823969966,1,0.05187437203202713,1,0.006052095624968376,1,0.0005341705864672086,1,0.06430778476889065,0,0.8389297993703153,1,0.07479202348911179,1,0.03439793849702777,1,0.03439793849702777,1,0.0031717906261745157,1,0.02252775495159165,1,0.04802065880074302,1,0.30064091689841527,0,0.4302137519494087,0,0.1805622988257719,0,0.1805622988257719,0,0.014037185483974084,1,0.04361962307581646,1,0.24041251628814797,0
LGB-XGB Blend,5,0.7191011235955056,0,0.1404494382022472,0,0.07230516194331982,1,0.13721003275452057,0,0.02454707919175711,1,0.1098873381536909,0,0.625581889522483,0,0.7376861908023947,0,0.13897140616105014,0,0.05545049551789316,1,0.05545049551789316,1,0.002115572119988751,1,0.007602916214210498,1,0.09073044525155705,0,0.846742876303736,1,0.07076638231546711,1,0.0009128891159730923,1,0.04253344758355666,1,0.007577826278409729,1,0.023133326448414704,1,0.07485632207223458,0,0.29711712493649917,0,0.4295486605027003,0,0.19946482182482705,0,0.19946482182482705,0,0.028621652087881103,1,0.10882352941176476,0,0.20073434071774718,0
LGB-XGB Blend,6,0.6008638617821148,0,0.2097696317470994,0,0.13059701492537312,0,0.13059701492537312,0,0.016933545143042475,1,0.1576923076923077,0,0.5558459758385624,0,0.759220665502053,0,0.12382563220171666,0,0.0397240651802393,1,0.04051316779533483,1,0.0036463553019722705,1,0.011794949989891834,1,0.06976526186400361,0,0.8373406839332989,1,0.07417086677866963,1,0.014509440139692242,1,0.032362138197148255,1,0.000291495947806128,1,0.007826761531906201,1,0.14068226443650822,0,0.30014624481821167,0,0.4262376984050382,0,0.1796237194741408,0,0.1796237194741408,0,0.013608227932610802,1,0.11230195712954327,0,0.14330719655231483,0
LGB-XGB Blend,7,0.7129260554787278,0,0.14835211030771817,0,0.07483623907867132,1,0.07483623907867132,1,0.011717134254738873,1,0.06308919506889055,1,0.40319943076522136,0,0.755775492376773,0,0.12703994564591298,0,0.027925527546068918,1,0.05482492450583848,1,0.0050015285709907875,1,0.004367698178163293,1,0.08526152648378837,0,0.8571671332694824,1,0.06528601360909114,1,0.018590616154995243,1,0.021430543009133787,1,0.0008063750438440792,1,0.003114184721046964,1,0.10161723187626348,0,0.29038250529653675,0,0.4369450486010009,0,0.1892450570170341,0,0.1892450570170341,0,0.01682106844118403,1,0.041790831966920905,1,0.2320961472125198,0
LGB-XGB Blend,8,0.6245946620104764,0,0.18980158062888852,0,0.1613247863247863,0,0.1613247863247863,0,0.013374766794417278,1,0.05119653618863729,1,0.2861176350361867,0,0.7688337278863118,0,0.11709156197601989,0,0.04861884883245271,1,0.04861884883245271,1,0.0006998218525929301,1,0.016818169727904952,1,0.0823573486614862,0,0.8253793186495599,1,0.07938403809139893,1,0.02258969842944558,1,0.0325166670663565,1,0.0037903129770080687,1,0.003960497140856556,1,0.07357953789723692,0,0.29076142428042345,0,0.4284569173581382,0,0.2339424141749723,0,0.2339424141749723,0,0.027459763668754793,1,0.10321836701506437,0,0.19496618490917916,0
LGB-XGB Blend,9,0.5441757547020706,0,0.24247519757861102,0,0.14478609625668448,0,0.14478609625668448,0,0.011785281545011218,1,0.16311766311766307,0,0.5700376091244339,0,0.7487288845572089,0,0.1322515452887003,0,0.03082902157516587,1,0.05556971325536286,1,0.00699463819378629,1,0.0006062777303166289,1,0.050258504200507814,0,0.8147512454353961,1,0.08648020379965099,1,0.02661921872969253,1,0.02661921872969253,1,0.00406691949261969,1,0.009469718762655566,1,0.09840022305448032,0,0.31265187358640506,0,0.4261428511657267,0,0.18045112781954886,0,0.18045112781954886,0,0.014073876520725163,1,0.08885209713024278,1,0.20204204071946374,0
LGB-XGB Blend,10,0.7163961714523513,0,0.1467853681300929,0,0.2514795233961967,0,0.2514795233961967,0,0.06665727306822097,1,0.20306826434277414,0,0.7767722770027056,0,0.7388958567597959,0,0.1368428861161438,0,0.039721720320288756,1,0.047249756094022585,1,0.0033809545795551524,1,0.01262936490209221,1,0.0879184460088131,0,0.8294921726952135,1,0.07831095334254562,1,0.028357259034014648,1,0.028357259034014648,1,0.0020745525178006152,1,0.021785336428379654,1,0.09920714814894849,0,0.2816104758479529,0,0.4468748663435883,0,0.189570777806072,0,0.189570777806072,0,0.012854514924211913,1,0.07550341636238744,1,0.2534627414153758,0
LGB-XGB Blend,11,0.4684459965078573,0,0.2687489490499412,0,0.0550378787878788,1,0.07476190476190475,1,0.0199018793633882,1,0.1284722222222222,0,0.5371667230270213,0,0.7578418357231772,0,0.12632606375603866,0,0.03156986499012526,1,0.05220768735446234,1,0.005094508691099127,1,0.006854166248066007,1,0.0857964267682827,0,0.8098921089615387,1,0.08847870690521853,1,0.04848575695799584,1,0.04848575695799584,1,0.005572528956539924,1,0.011269264596382889,1,0.09016300663677018,0,0.28978653934245324,0,0.43936795909033044,0,0.19792134015460838,0,0.19792134015460838,0,0.021070710068941352,1,0.08617405108962328,1,0.17609982091844745,0
LGB-XGB Blend,12,0.7419914070246071,0,0.1368352282233713,0,0.08097165991902844,1,0.08443324937027707,1,0.005524514569116436,1,0.1400602409638554,0,0.7767722770027056,0,0.7543903489416907,0,0.1288869048449423,0,0.04557046482318927,1,0.04557046482318927,1,0.0011437126976751588,1,0.008329986048848936,1,0.08206331665561328,0,0.8224760657232766,1,0.08277429960757693,1,0.023231136945842,1,0.0372069321870562,1,0.001874465228967559,1,0.011760004486945697,1,0.0932019683068197,0,0.29355191543397396,0,0.43628189201881196,0,0.17275539483374325,0,0.17275539483374325,0,0.01726838088427083,1,0.11714150047483385,0,0.2942016227276776,0
LGB-XGB Blend,13,0.631578947368421,0,0.1842105263157895,0,0.20346320346320346,0,0.20346320346320346,0,0.030812604467778143,1,0.14102564102564108,0,0.6222463413773133,0,0.7521397777081645,0,0.1298029435534787,0,0.04589111527707612,1,0.05841167181497764,1,0.004796442443180962,1,0.009903817003127147,1,0.09229587146149859,0,0.8367241058911407,1,0.07550420777252437,1,0.039489209652941004,1,0.039489209652941004,1,0.003387056619669468,1,0.015323560503255118,1,0.13273508238937642,0,0.2919689558352621,0,0.4412058014078503,0,0.19094456771076196,0,0.19094456771076196,0,0.016386684252858337,1,0.09825940482874795,1,0.23428548757628676,0
LGB-XGB Blend,14,0.741092324134718,0,0.13172858588353403,0,0.07627932501028956,1,0.07627932501028956,1,0.01544625021433639,1,0.06199839024951137,1,0.357922446677515,0,0.7670404840550318,0,0.11977515917736398,0,0.031082980471491606,1,0.04899869606012279,1,0.004845320466345213,1,0.0017888434889237192,1,0.058151842260894704,0,0.7987134605210408,0,0.09340294631004076,1,0.012947601766272854,1,0.03417845911949685,1,0.004129611735465957,1,0.0004368853926376426,1,0.11525191747305785,0,0.27892352378969176,0,0.44436849006533174,0,0.18455381704569507,0,0.18455381704569507,0,0.02118968423723705,1,0.1578313253012048,0,0.3360550542724734,0
LGB-XGB Blend,15,0.7536671748748193,0,0.12454367276696438,0,0.09816849816849815,1,0.09816849816849815,1,0.03706986479024566,1,0.02919695954608237,1,0.5968585080737487,0,0.7559938134877386,0,0.12628509597208404,0,0.041715150639320187,1,0.048041322870386385,1,0.001250357914811269,1,0.007451719621001773,1,0.06620858993345768,0,0.7777013052538357,0,0.10333356142184436,0,0.029629599942287865,1,0.032946689000110704,1,0.005401606899097154,1,0.011273829470520136,1,0.06316139747060734,0,0.2934729440746335,0,0.4330056630427952,0,0.18491150174166726,0,0.18491150174166726,0,0.013161586870753805,1,0.0829246153170432,1,0.13042032386296448,0
LGB-XGB Blend,16,0.6897194677515044,0,0.15390112661846306,0,0.08856127143454617,1,0.08856127143454617,1,0.005882786338891333,1,0.05239687848383501,1,0.5400032190019194,0,0.7535936193579252,0,0.1283614559383433,0,0.04168229875896501,1,0.05768592286488004,1,0.005509236609727838,1,0.003465822770512106,1,0.051330775097208736,0,0.8340817391881251,1,0.07654252824682145,1,0.03287473583535183,1,0.03287473583535183,1,0.0028856203402399944,1,0.008580088387161178,1,0.03627070101231289,1,0.290180088345226,0,0.43486859224564134,0,0.1762703531347839,0,0.1762703531347839,0,0.023379019969592324,1,0.07725241995532384,1,0.16176387623295124,0
LGB-XGB Blend,17,0.6216484607745779,0,0.19219774676307388,0,0.07692307692307687,1,0.07692307692307687,1,0.028843982038673974,1,0.08874458874458868,1,0.8984259712574733,0,0.7547829932127704,0,0.12428074157410601,0,0.03875385638286666,1,0.05905802917115094,1,0.005193941332025248,1,0.01197796324868372,1,0.059624457115249496,0,0.8470724309886491,1,0.06839484862337697,1,0.018187544416777057,1,0.023349613751509665,1,0.0019037025492616988,1,0.0032094802387633292,1,0.051915704295044995,0,0.287316138824975,0,0.43005342174684535,0,0.17601123238280836,0,0.17601123238280836,0,0.02365885464277958,1,0.07684555303602914,1,0.23767464256615656,0
LGB-XGB Blend,18,0.561023301287274,0,0.22650075668404235,0,0.16223867595818808,0,0.16223867595818808,0,0.019862207114797595,1,0.0657174151150054,1,0.23264000688481667,0,0.7623771543457271,0,0.12358970831040172,0,0.04272596288251862,1,0.04272596288251862,1,0.0003916605345398311,1,0.02496078377411448,1,0.07128441235187283,0,0.8362353841910005,1,0.07580272169795532,1,0.006300448870840025,1,0.031607282329750436,1,0.003794074841565083,1,0.0009162703433832631,1,0.07303190606395055,0,0.30972557058509337,0,0.4205027635727257,0,0.1624253817156457,0,0.1624253817156457,0,0.016046903832133662,1,0.08926654740608231,1,0.30220739028768817,0
LGB-XGB Blend,19,0.61583866207575,0,0.1969900790314445,0,0.17432273262661957,0,0.17432273262661957,0,0.044831162774457825,1,0.08568075117370888,1,0.5968585080737487,0,0.785836772823836,0,0.10965249667665478,0,0.03287358732675294,1,0.04903409546852311,1,0.005418223351533545,1,0.004675662583213058,1,0.0713331781676882,0,0.8456394036222539,1,0.071430445981022,1,0.0257002551511033,1,0.03664333141110106,1,0.0014185448666849676,1,0.015624413394373482,1,0.07604338576044234,0,0.30222839195920287,0,0.4272798286935058,0,0.16372421633912615,0,0.16372421633912615,0,0.019996335926888667,1,0.06457934554735212,1,0.28119539768714374,0
LGB-XGB Blend,20,0.5743598298440237,0,0.21451992601311587,0,0.0906893652795292,1,0.10759672408924033,0,0.0457890446684226,1,0.14824447334200264,0,0.5524144436060741,0,0.7546135561633078,0,0.12942701822402508,0,0.015947062201912776,1,0.048259644076342575,1,0.005149026343433602,1,0.011658491179707298,1,0.04211854981075014,1,0.8183024695778374,1,0.08484532336411926,1,0.016526708783243027,1,0.03099605236323233,1,0.0018661215065239392,1,0.0023788944529565814,1,0.09621203271862866,0,0.2924732132102537,0,0.43291743787740466,0,0.1622355904045374,0,0.1622355904045374,0,0.020386779974788133,1,0.13182579564489116,0,0.18932937905496924,0
LGB-XGB Blend,21,0.5936462778568041,0,0.21615940810492684,0,0.22466960352422916,0,0.22466960352422916,0,0.04283083673491946,1,0.0780780780780781,1,0.6327429327370551,0,0.7645146836298462,0,0.12146625370019931,0,0.03801267692267207,1,0.05743919885550787,1,0.005979797853417575,1,0.00902711160369185,1,0.06937822331595722,0,0.8224262754158734,1,0.08195521671992911,1,0.04337435371951892,1,0.04337435371951892,1,0.00541364822813413,1,0.02523927790509306,1,0.0658668658592711,0,0.29061019978042585,0,0.4370554190277879,0,0.20291605137044366,0,0.20291605137044366,0,0.009207238737138981,1,0.12121913580246912,0,0.3041172024729814,0
LGB-XGB Blend,22,0.7625540889422203,0,0.11720572926015005,0,0.09036361454458175,1,0.12660550458715597,0,0.023271207436884038,1,0.22491909385113273,0,0.7364349302306512,0,0.7631301666368565,0,0.12310822230034851,0,0.04242335226630789,1,0.044588485988641124,1,0.002267726649339441,1,0.009395617017561309,1,0.06326742729448948,0,0.835625983477846,1,0.07576244338945276,1,0.025908665029723443,1,0.030071538173575704,1,0.0007424908535907521,1,0.001972673803483427,1,0.10586438659203046,0,0.2676940023379193,0,0.4571190020136535,0,0.2181298226178361,0,0.2181298226178361,0,0.01472033369755392,1,0.07819106409803056,1,0.22733671854327345,0
LGB-XGB Blend,23,0.657850950170768,0,0.16424247519757862,0,0.16666666666666663,0,0.16666666666666663,0,0.03516904063012624,1,0.05526293148773054,1,0.7767722770027056,0,0.7453332898690993,0,0.13261862813206654,0,0.0320834951022142,1,0.045139174601084825,1,0.00634806205152582,1,0.012212814577018283,1,0.04134334846415355,1,0.869251493240278,1,0.059204159675785684,1,0.0008094470249413455,1,0.03019029974551557,1,0.004769985369928821,1,0.011344141216357073,1,0.06892391850327595,0,0.2976788529440807,0,0.42742927480251647,0,0.18139342062739738,0,0.18139342062739738,0,0.013359997083974742,1,0.11378727693128599,0,0.26579933455125493,0
LGB-XGB Blend,24,0.800997506234414,1,0.09950124688279299,1,0.12356979405034318,0,0.12356979405034318,0,0.035558662903231515,1,0.07322483878500474,1,0.3656880039121933,0,0.7801771345264873,0,0.11233925549423585,0,0.031406779358506665,1,0.04389618818244273,1,0.005353871494773232,1,0.000590466730771233,1,0.09276495894371606,0,0.8592571938299192,1,0.0643932734273962,1,0.007923302829536238,1,0.031900780905196935,1,0.00433344151756232,1,0.012460187920844579,1,0.07406590216103981,0,0.2887085227393138,0,0.4418653780625663,0,0.1748829882478269,0,0.1748829882478269,0,0.019407941688443953,1,0.06929064585843514,1,0.15507803605693338,0
LGB-XGB Blend,25,0.5053277365192121,0,0.2576088784260972,0,0.07462235649546822,1,0.09311656866136286,1,0.014896600712610807,1,0.15652173913043477,0,0.3656880039121933,0,0.7645179680742313,0,0.12305835216765976,0,0.03451101802950285,1,0.05404822895988974,1,0.004230076413603769,1,0.001252896978285567,1,0.05658324838228296,0,0.8249407489368532,1,0.08192511486622717,1,0.014900572297884662,1,0.02320409557173389,1,0.0030251099373694162,1,0.01689151833201752,1,0.0671231051888806,0,0.27541881285123343,0,0.4470855466367676,0,0.18267365256694523,0,0.18267365256694523,0,0.019644232469093616,1,0.06505980427691183,1,0.2323760223284994,0
LGB-XGB Blend,26,0.7819786808794137,0,0.11005549016310745,0,0.07390648567119162,1,0.07390648567119162,1,0.01522067483498888,1,0.09610389610389602,1,0.6830574139833692,0,0.7556728853456492,0,0.12666821244050547,0,0.028827274016183346,1,0.05502162104250581,1,0.008350765284170607,1,0.0029603958204574843,1,0.05562143616607029,0,0.8501402362481814,1,0.06844576436770927,1,0.01514476708943513,1,0.03291361473986257,1,0.002400325011141298,1,0.011639297324838482,1,0.12181828463594324,0,0.2769573842139018,0,0.44580694308192337,0,0.18161808127986256,0,0.18161808127986256,0,0.018633191611504778,1,0.048839221491342344,1,0.28295344796267163,0
LGB-XGB Blend,27,0.614880903658836,0,0.19778880107617292,0,0.15815691158156908,0,0.15815691158156908,0,0.030002186702491267,1,0.24882629107981225,0,0.5400032190019194,0,0.7750588840477715,0,0.11431024827846825,0,0.03173725232050417,1,0.048697664276022484,1,0.004856302151983911,1,0.0024118761718681103,1,0.07394965071133608,0,0.8773815579473184,1,0.05519346196270747,1,0.009370649512745466,1,0.015756823821339958,1,0.0017850902865026302,1,0.008466649629440326,1,0.03916303395223997,1,0.29885800650664757,0,0.42712103932940204,0,0.1841551217737114,0,0.1841551217737114,0,0.019287020591543885,1,0.041750386942451145,1,0.2617442626151063,0
LGB-XGB Blend,28,0.4759651938835853,0,0.2607617286026568,0,0.2365863141524106,0,0.2365863141524106,0,0.014169658120679315,1,0.3336900303192438,0,0.5216276951917181,0,0.8010639590871269,1,0.09919520635754342,1,0.0054794360112717655,1,0.040462873366438765,1,0.007048104585924163,1,0.003986923515046481,1,0.07238529083169992,0,0.8108071357676266,1,0.08703450406574775,1,0.032508653411854604,1,0.0380305912792025,1,0.0034587650978882417,1,0.010112214581920798,1,0.06577974771744188,0,0.2760669037377309,0,0.43666868066663334,0,0.20553045398807201,0,0.20553045398807201,0,0.01588164417694944,1,0.06973684210526321,1,0.3208625451966698,0
LGB-XGB Blend,29,0.5366020915480885,0,0.22725744072641668,0,0.1627145085803433,0,0.1627145085803433,0,0.024655878060578333,1,0.2006514657980456,0,0.6831211609711217,0,0.7464679771718453,0,0.13390775853599718,0,0.04247375901137673,1,0.06061358357057135,1,0.0029850749110776273,1,0.006552225418329116,1,0.04510772902704166,1,0.8326941123996718,1,0.07785062830191097,1,0.003916330896653886,1,0.03823179264395664,1,0.008105808779181066,1,0.012138193514277695,1,0.11464265248843769,0,0.28594482557290907,0,0.44565025689611193,0,0.20796984170844357,0,0.20796984170844357,0,0.015258863136866502,1,0.0676220331392745,1,0.1894547975946006,0
LGB-XGB Blend,30,0.7114880223815353,0,0.1387254077686228,0,0.12629161882893225,0,0.12629161882893225,0,0.015316020783475284,1,0.12279580884232044,0,0.6442338316077669,0,0.7696487941482748,0,0.11917736111655491,0,0.03519464164625452,1,0.03519464164625452,1,0.00011051681923533035,1,0.031753445747341735,1,0.09702353451532653,0,0.8361478581742899,1,0.07582327673545436,1,0.01655940004033951,1,0.03815519473665352,1,0.004117952251273128,1,0.014336604469431857,1,0.10022704698152762,0,0.28346223743713284,0,0.4447067464064631,0,0.18359987496092534,0,0.18359987496092534,0,0.02099025153003222,1,0.11745710429920964,0,0.25125552441031385,0
