N,Rep,DI_RACE,SPD_RACE,EOPP_RACE,EOD_RACE,TI_RACE,PP_RACE,CAL_RACE,DI_SEX,SPD_SEX,EOPP_SEX,EOD_SEX,TI_SEX,PP_SEX,CAL_SEX,DI_ETHNICITY,SPD_ETHNICITY,EOPP_ETHNICITY,EOD_ETHNICITY,TI_ETHNICITY,PP_ETHNICITY,CAL_ETHNICITY,DI_AGE_GROUP,SPD_AGE_GROUP,EOPP_AGE_GROUP,EOD_AGE_GROUP,TI_AGE_GROUP,PP_AGE_GROUP,CAL_AGE_GROUP
1000,0,0.641025641025641,0.1866666666666667,0.16666666666666663,0.1694915254237288,0.04760510114131508,0.16901408450704225,0.6115437587554462,0.709015169117403,0.1523820284287694,0.06927803379416275,0.06927803379416275,0.013774283697293603,0.03535669586983736,0.12451371825866309,0.8006467187880667,0.08988820148698512,0.001993957703927518,0.028046811945117017,0.005310276549551261,0.011165644171779121,0.20993234640433556,0.2527444143096991,0.48426514897890865,0.2867063492063492,0.2867063492063492,0.034014880149617746,0.08421052631578951,0.6273592983262156
1000,1,0.5333333333333333,0.35,0.16666666666666663,0.21428571428571427,0.009752657403128195,0.375,0.5832628801718422,0.6969070854127595,0.16809463366476274,0.08039275230286469,0.08039275230286469,0.0006412174266584234,0.006517805740603677,0.2561567787248973,0.9439455926890176,0.025363625435749493,0.01714015151515147,0.023201338538761843,0.008657696181099232,0.020550330895158453,0.26395519502424536,0.28964108745145306,0.4410285191652116,0.22262383964511623,0.22262383964511623,0.022283675854783025,0.11264196611431765,0.7881709734882215
1000,2,0.0,0.47692307692307695,0.25526315789473686,0.25526315789473686,0.015955934187558626,0.14022140221402213,0.5030276416856141,0.8010326387608335,0.0934377110791666,0.02356132780792075,0.04766666666666666,0.002705161810093136,0.014460784313725439,0.18028668149732113,0.7642890334572491,0.10318400724169668,0.02580081537565515,0.0819327731092437,0.017198180133726357,0.07708333333333339,0.26917330635127024,0.25626086956521743,0.44165031498502527,0.30434782608695643,0.30434782608695643,0.04906959499625593,0.19999999999999996,0.8414216337830223
1000,3,0.4678362573099415,0.25277777777777777,0.25,0.25,0.018199187327156058,0.2435897435897436,0.5086708271337359,0.7405594290329492,0.13696722880662737,0.05475095785440609,0.05475095785440609,0.009246419050069496,0.07327304538459911,0.280603031629753,0.7866832349590971,0.10004856726566291,0.015516133814300614,0.06011976427349344,0.006761613214934528,0.0456905503634476,0.33796804185734197,0.23878794065605008,0.4707745404421436,0.22592592592592597,0.22592592592592597,0.019567136547310814,0.1457364341085271,0.6867257098684638
1000,4,0.0,0.5042016806722689,0.057720057720057616,0.18181818181818182,0.02204397026565806,0.11666666666666659,0.8634804583313704,0.8328475315771141,0.0789587627080483,0.03324213406292742,0.03324213406292742,0.006347678899264374,0.005195591901400176,0.17130486494463953,0.8203572270943672,0.08009713378840894,0.06443682104059467,0.06443682104059467,0.00762217391059733,0.07084444704985782,0.16575806167094792,0.3012418300653595,0.4252585521081941,0.22051886792452835,0.22051886792452835,0.03643997882508222,0.08046614872364033,0.5493411628098024
1000,5,0.0,0.5,0.08708708708708712,0.14285714285714285,0.07181551039061113,0.07592752372735123,0.8370068126781277,0.7435453024145351,0.12788722319911777,0.09547792086361506,0.09547792086361506,0.012711780724073057,0.00950999355254678,0.13360564487756987,0.9261569872958259,0.03161728994657598,0.009874608150470143,0.01560102301790281,0.0027271760812616966,0.005377574370709404,0.15467410826372774,0.3458532198934772,0.3875819672131148,0.199107683000605,0.199107683000605,0.010826371351721376,0.19999999999999996,0.6046501429466494
1000,6,0.0,0.5333333333333333,0.2432432432432432,0.2432432432432432,0.026100334215147417,0.13888888888888884,0.3719828442676265,0.7856594824579759,0.10777918069584735,0.06454640250260679,0.06454640250260679,0.008153109287478907,0.003200035310734428,0.28643264932839596,0.7157700524373666,0.13334244453555644,0.11284838350055748,0.11284838350055748,0.006886325967888365,0.011985090932459364,0.19803337999016019,0.26758938869665516,0.4293441514536849,0.3914053426248547,0.3914053426248547,0.03262236424137969,0.23363095238095233,0.844550899395609
1000,7,0.7253891147020917,0.15662991235510326,0.2666666666666667,0.2666666666666667,0.03589325083424814,0.12177121771217714,0.6256016741037256,0.6664234686122511,0.1848426655885722,0.09060390097524385,0.09060390097524385,0.0020368376307978026,0.012492282362626006,0.128984264022038,0.8196208913087315,0.0834772059166628,0.00631573384070605,0.04019591285255869,0.00739439543742243,0.01594896331738438,0.33912807034842296,0.2774979854955681,0.45177137458667926,0.2159420289855073,0.2159420289855073,0.036303011057245205,0.035926773455377536,0.7171808866017091
1000,8,0.0,0.5230769230769231,0.8837209302325582,0.8837209302325582,0.019969705870317885,0.14743589743589747,0.35025641543564134,0.8083510932196701,0.10254460986168301,0.029823785298237926,0.07193375884077971,0.006204762743580408,0.030184685013504686,0.17287113830640966,0.7101223470661673,0.14830029993204263,0.027968532112505606,0.08462878584829805,0.013896122490882519,0.038240549828178705,0.16054556170188816,0.31109440267335003,0.453436709556802,0.23318450237649435,0.23318450237649435,0.009485465525618533,0.05690312738367653,0.646619912635557
1000,9,0.0,0.5263157894736842,0.1694915254237288,0.1694915254237288,0.06316589351717541,0.14035087719298245,0.4436624644071102,0.800862812769629,0.09701555275325768,0.009708121827411209,0.030205853521915696,0.010716170339008999,0.014462627156125563,0.177305589927992,0.706233876498057,0.13660729199884591,0.03646884272997042,0.08481023988542785,0.01340014595339381,0.07122733750952892,0.2345628325098491,0.22878228782287824,0.4837962962962963,0.249441170493802,0.249441170493802,0.005959035387863826,0.11021505376344087,0.8183927580523862
1000,10,0.5122655122655122,0.29264069264069265,0.2168674698795181,0.2168674698795181,0.02968230627892153,0.1387900355871886,0.6305411050919221,0.8023365878455363,0.09800581438299316,0.025465430984991322,0.06735213091062368,0.007022926404876749,0.0362634941617096,0.41156802597537745,0.6583999842788925,0.1649272282206493,0.0894161072030385,0.0894161072030385,0.002125812192414797,0.00037091988130566467,0.18193842026577123,0.28783398184176395,0.4178691019786911,0.20331882034009696,0.20331882034009696,0.018962548949054372,0.09907120743034059,0.4257871196801182
1000,11,0.7166666666666667,0.13178294573643412,0.16666666666666663,0.16666666666666663,0.033637076513817074,0.20833333333333337,0.852501191461347,0.7343865192206426,0.1411297786157349,0.029646748101683773,0.029646748101683773,0.011738767546642624,0.07854251012145752,0.2510335170439852,0.9834576400841462,0.0073423308717426305,0.009648991784914185,0.014041601218525407,0.0012369311890554138,0.02814895947426066,0.16791571506295422,0.21463710492620797,0.49020453230979544,0.20879120879120883,0.21987202275151083,0.041093375685359805,0.08504875406283863,0.5662808158922594
1000,12,0.3616438356164384,0.35303030303030297,0.33333333333333337,0.33333333333333337,0.022822913825817963,0.19999999999999996,0.6427613443756004,0.7653957728968089,0.12212274835508574,0.03655549659141932,0.05440250625056481,0.0038836174979666946,0.007738714374869948,0.19437116127056658,0.8441851257121488,0.07204572846688606,0.019083571986461934,0.07293336386535379,0.009695871864340413,0.07238658777120321,0.37062893093432403,0.2688005772898304,0.42694194480392456,0.3125,0.3125,0.059116248128119726,0.1461538461538462,0.3694380781722816
1000,13,0.3873015873015873,0.35154826958105645,0.33333333333333337,0.33333333333333337,0.013077310310786135,0.16049382716049387,0.8209257117325215,0.7516508756818835,0.12135241301907967,0.07285714285714295,0.07285714285714295,0.008626860339879229,0.01074848544068785,0.4782163044652259,0.8938871757663704,0.04491707616707613,0.013655462184873901,0.013655462184873901,0.0002316439555588995,0.036553211888782355,0.2963236402315697,0.30304267919134165,0.38792907478972494,0.1597222222222222,0.17098445595854922,0.01494115655719578,0.16666666666666663,0.4751472435689627
1000,14,0.0,0.47058823529411764,0.0314330257447436,0.15625,0.036469410943169994,0.09962406015037595,0.6443091664012054,0.7113239822100582,0.145122454595487,0.07220410265213295,0.07220410265213295,0.0067262779887119345,0.036426692178904596,0.20932095478812424,0.7714078977023356,0.09991238030060295,0.0038699690402476117,0.04704532415375788,0.015710417462506877,0.0267379679144385,0.19620245509992795,0.18578497525865945,0.4869518428840463,0.1937116399267793,0.1937116399267793,0.05771677227318771,0.10504201680672276,0.49621418847596943
1000,15,0.6694866647548036,0.15708055063377402,0.21875,0.21875,0.06472173205762044,0.19444444444444442,0.5320730552907138,0.749462715727776,0.13794463568559956,0.038972030931404666,0.040372778801683065,0.0035979505273808846,0.036259617281515166,0.14318948730599912,0.7808447391631006,0.10649713478419609,0.09503515874707003,0.09503515874707003,0.017472733883034407,0.026170798898071612,0.2054063548125919,0.22640921345863135,0.49925572787801986,0.33591331269349844,0.33591331269349844,0.017657955495615274,0.22242647058823528,0.8974238712507266
1000,16,0.3229166666666667,0.34946236559139787,0.18644067796610164,0.24615384615384617,0.07211750724927085,0.25,0.4584517316623913,0.6983565633451216,0.16739997691034803,0.0855450374586213,0.0855450374586213,0.0012544531060704259,0.011629987475398118,0.1493160414872287,0.8178896066624226,0.08636946332143797,0.021118012422360333,0.07680722891566265,0.022293826892640554,0.06443541661061636,0.1380334340995184,0.2971014492753623,0.44700460829493094,0.33333333333333337,0.33333333333333337,0.02837901316165901,0.1913696060037524,0.44663995064529655
1000,17,0.0,0.5092592592592593,0.07756813417190767,0.21818181818181817,0.03764441849372013,0.12095959595959593,0.5745580500167545,0.73845233942897,0.1399509411827441,0.01873325679295834,0.030926216640502366,0.0031384224240859626,0.04840269020596888,0.19396083954370769,0.782057181729057,0.10335110723163626,0.04729333593902685,0.04729333593902685,0.0036225093174919593,0.030804920155373283,0.27791712388527146,0.24606060606060606,0.47662835249042146,0.2571724853093674,0.2571724853093674,0.026928111059875366,0.09743589743589742,0.6167342418339493
1000,18,0.5,0.3333333333333333,0.1428571428571429,0.1428571428571429,0.028960743860784142,0.10996563573883167,0.5676339993036588,0.833245009715598,0.08495065542790292,0.017132697591724533,0.0400772430184195,0.006767597027826158,0.013732833957553092,0.2653626610199914,0.9689254471863167,0.01429257746817203,0.03288987435328905,0.037623171095849506,0.01961605381700797,0.04094338240679707,0.3524945504285988,0.3795224689813366,0.3791049530179965,0.07210401891252949,0.10518204584858408,0.03560563030424478,0.09027777777777779,0.513760062864524
1000,19,0.47619047619047616,0.275,0.1797752808988764,0.1797752808988764,0.029544362518899664,0.25,0.5651855105662835,0.7675791733762749,0.12149270482603813,0.06439393939393934,0.06708211143695016,0.002120416455553338,0.0259197324414715,0.19885627482227602,0.7983860692291357,0.09481153037634005,0.01355042016806729,0.06816995015428437,0.017573341345521167,0.05169683257918545,0.2540961290182757,0.28477336686425964,0.45164095583787056,0.2524717514124294,0.2524717514124294,0.01924729295573685,0.14833929909264965,0.8260361378364551
1000,20,0.11764705882352941,0.8823529411764706,0.6666666666666667,0.944954128440367,0.040233956662841776,0.41666666666666663,0.5592070102022313,0.7191868332917526,0.1578184815537116,0.06903299025554732,0.06903299025554732,0.005495350344362077,0.014103211566877993,0.16569760693260854,0.7988608489585499,0.09864611369382592,0.04980237154150202,0.051826775259215654,0.0032504363565895172,0.026157315293805605,0.37879189651128997,0.33699633699633696,0.42093023255813955,0.14425770308123254,0.15868090633569057,0.02987775946171277,0.06597600872410037,0.8027645014624196
1000,21,0.4612476370510397,0.30470420527441194,0.23655913978494625,0.23655913978494625,0.021532300450732074,0.16666666666666663,0.350290656145403,0.6985074626865672,0.16160000000000002,0.03189166411277966,0.06221781036856769,0.010347365252445381,0.0016583747927032544,0.10803508638162296,0.8141378194758978,0.08530531234068667,0.06414676821737342,0.06414676821737342,0.004627870456802345,0.05541125541125547,0.19257240139240484,0.2565092674315975,0.4361812297734628,0.25652173913043486,0.25652173913043486,0.031939913469260554,0.05312911725955205,0.5623513111028645
1000,22,0.0,0.4781297134238311,0.07901387630537404,0.11428571428571428,0.02300858476405357,0.12618296529968454,0.46112590221212635,0.8031352892034006,0.10510573542530305,0.06381205001894652,0.06381205001894652,0.0014963422425576939,0.009779764292399684,0.222110699449319,0.950198854945151,0.023515330365111886,0.015002213059379876,0.02253313696612666,0.008528641690822542,0.018994739918176573,0.36999054699445233,0.3048263292558971,0.43175584483434193,0.23333333333333328,0.23333333333333328,0.051534255736990574,0.17948717948717952,0.34591407702583377
1000,23,0.625,0.2,0.09765004763416962,0.2578616352201258,0.01824418666465221,0.9375,0.6951143440722296,0.7190311198703073,0.155824695014456,0.07911617961511042,0.086073500967118,0.0036631121946305092,0.016978876046233604,0.11965366517465215,0.7329594925162735,0.1304066127081024,0.10270458068309363,0.10270458068309363,0.0002759635013285522,0.02449901540600019,0.3993235156262344,0.2722434497816594,0.4669315209420932,0.39743589743589736,0.39743589743589736,0.015152112044480803,0.21973684210526312,0.6671952470858475
1000,24,0.65015479876161,0.15826330532212884,0.2857142857142857,0.2857142857142857,0.0173709174608003,0.1457627118644068,0.3279144091869857,0.8170762827450877,0.08832464447928484,0.0018066847335139746,0.022456140350877188,0.0031302314456093036,0.022638563622170205,0.16531383593951007,0.7883189708030011,0.09611305989603108,0.010761492572230691,0.058864099796089725,0.01004704823570192,0.038901174198772925,0.1682449401585755,0.2390717754991905,0.43800608859527407,0.21524390243902436,0.21524390243902436,0.02073053899787023,0.14117647058823535,0.5909777357397242
1000,25,0.6111111111111112,0.2121212121212121,0.1558441558441559,0.1558441558441559,0.03247833030780246,0.1384083044982699,0.4656255054071945,0.7121172838051241,0.15667611632053569,0.08025118101163731,0.08025118101163731,0.008407397788559728,0.00873725394798186,0.3078699599841236,0.8605390314613981,0.06470834412802168,0.02692249355376919,0.0414959349593496,0.017565346273822537,0.02025010084711576,0.4517264025365114,0.31025039123630677,0.40706534287693374,0.19725962674226316,0.19725962674226316,0.025386116537656607,0.13013698630136983,0.6346745021540958
1000,26,0.14285714285714285,0.8571428571428572,0.1282051282051282,0.2033898305084746,0.019625382549541194,0.16901408450704225,0.3313460271548564,0.7922907826798221,0.10469895507195959,0.016122364613476714,0.07835497835497834,0.027902802905706403,0.037122375832053245,0.2481054813523217,0.8477214464191067,0.06967961631170222,0.030316949931097903,0.05297888386123681,0.006911744077802373,0.04182816987814064,0.3313291471626423,0.26204783786968305,0.4353386855732805,0.0766009852216748,0.17715273412947832,0.03935264631192842,0.08402777777777781,0.6087433338490571
1000,27,0.6429080541696365,0.20031987205117957,0.17142857142857137,0.17142857142857137,0.02094829222700536,0.25,0.5419491370987157,0.7762474095329188,0.11821979650966918,0.01899767571409361,0.07763857538895032,0.016851155778869344,0.02462345738995242,0.21733472657605274,0.8858868238846375,0.053784811679548516,0.0375384024577573,0.0375384024577573,0.0006967417488805416,0.0004239084357778866,0.20289098015082807,0.27315566260013613,0.4622248859587787,0.28883183568677784,0.28883183568677784,0.02270959044204881,0.1702702702702703,0.597983483685357
1000,28,0.33055555555555555,0.33753501400560226,0.23529411764705888,0.23529411764705888,0.05206095956832654,0.1216216216216216,0.42661524589182426,0.7602235204470409,0.1221874662927408,0.06046301213587457,0.06046301213587457,0.0020364389480050094,0.0018358248098609975,0.13455050211413155,0.8014121011707928,0.09061251121441971,0.03876773970231917,0.03876773970231917,0.00045757462219453426,0.007454478797507047,0.1470828374458808,0.24934706549056326,0.4454961980892962,0.2930555555555555,0.2930555555555555,0.039131922284016005,0.14414414414414412,0.6970596547243197
1000,29,0.75,0.125,0.22943722943722944,0.2424242424242424,0.025476441751975026,0.24102564102564106,0.7478857222500637,0.8330751046932687,0.08097440720841437,0.00033370875568339287,0.039601363755573035,0.0028207615914260104,0.004666447584620426,0.17115015143923468,0.8050220627916574,0.089673397281474,0.023742386645612457,0.023742386645612457,0.00990008709697033,0.036554345651490516,0.18075603841003274,0.36809284600727527,0.3731969309462916,0.08119658119658113,0.13480392156862747,0.03136004472658309,0.04888888888888887,0.8514842023610802
5000,0,0.7408023279983372,0.12348979996038817,0.1921171171171172,0.1921171171171172,0.0175352414468693,0.2450980392156863,0.7988831604814157,0.7949878427999604,0.10284438248978883,0.03610707232004029,0.05352836505818172,0.004446000404971381,0.014096263116419983,0.11687716427693498,0.8257793702041281,0.07982507465115857,0.04958391047325106,0.04958391047325106,0.007596017169246717,0.027759406146659615,0.1566568279524852,0.28519593856393016,0.43779236564992663,0.2097532314923619,0.2097532314923619,0.018605253810163855,0.11780821917808215,0.4323121436025598
5000,1,0.47884012539184956,0.27209492635024546,0.18844221105527637,0.18844221105527637,0.017346639075066318,0.15909090909090906,0.865684423535573,0.7693465111692478,0.12007620907450983,0.029845741113346702,0.051614487415592394,0.00476066926820988,0.002015353208585813,0.13258111488512314,0.8028811941334723,0.09280293125539313,0.037600877877881134,0.037600877877881134,0.0019453933336300855,0.00032142344669250367,0.11809895926139458,0.29891699703280533,0.4321039343666556,0.18942101062196848,0.18942101062196848,0.009963885522310194,0.06355604559253114,0.3070019579291603
5000,2,0.7440865384615385,0.13241293532338305,0.096551724137931,0.17755775577557756,0.018883355948907492,0.40064102564102566,0.7767722783508537,0.7819271678323804,0.11123977348146191,0.034619964518411206,0.037104018912529554,0.0012076096669864506,0.015228159813514774,0.07281815324420021,0.7707522747661155,0.10756862624830349,0.027453527517564358,0.03791183084562097,0.006932196125286082,0.008107725017717948,0.10857356421742814,0.3037368388295414,0.43672892701609656,0.1836371480962139,0.1836371480962139,0.02230577298213713,0.07447112635791875,0.36867618926819956
5000,3,0.4076923076923077,0.29056603773584905,0.20833333333333337,0.20833333333333337,0.048557489122380934,0.27243589743589747,0.9068069524306506,0.7463344889777686,0.1308394547592882,0.04827103779669817,0.04827103779669817,0.005180941533823612,0.009338105121522777,0.08715523957667526,0.8966812773951159,0.0460893854748603,0.03245560318432328,0.03245560318432328,0.006190981365607591,0.04162844946951583,0.11906345765846132,0.28149779791789253,0.44036125416392646,0.2137128535624776,0.2137128535624776,0.01970765348442225,0.1136862790428852,0.3552617822857963
5000,4,0.4331569664902998,0.29080709373868985,0.16981132075471694,0.16981132075471694,0.019228382105815033,0.3979591836734694,0.865684423535573,0.7771765281517284,0.1141801114716709,0.05650365881177266,0.05650365881177266,0.00019955316658831768,0.009024572359489613,0.13711154781102053,0.8462134554420572,0.0705559146735617,0.01395442235573141,0.01986645517319985,0.00659265919199168,0.014110415532571308,0.08286435977237844,0.313873552983081,0.420458785053491,0.158970385258009,0.158970385258009,0.013287724358842477,0.067037037037037,0.2768808372198025
5000,5,0.6059546925566343,0.20158940397350994,0.18575949367088607,0.18575949367088607,0.030750719414824337,0.14895057549085988,0.40720577305703204,0.7925845479852449,0.10635246996958414,0.041955382411082764,0.05271952563707852,0.003924373724512258,0.00757318949057062,0.10801173594231289,0.8628640988346744,0.06347907024805066,0.002312767838922536,0.03055801957301993,0.006949762814942473,0.0039995808299567726,0.09356513930883364,0.30900069190739415,0.42623881429312527,0.18146446973416785,0.18146446973416785,0.01614296153526181,0.026315789473684292,0.3144156227198075
5000,6,0.7981325207063603,0.0967983663987711,0.14840085287846483,0.14840085287846483,0.02666017988407339,0.10810534912209069,0.6799409143663839,0.7841116386527176,0.10939471837586257,0.02982691447914676,0.032546904085431566,0.003964134697786011,0.012908361707558713,0.1134753297628398,0.8604990868136438,0.06318948927470891,0.0008839330473398022,0.01852727296211623,0.0024300695208025816,0.007949585480880872,0.09814037938901843,0.31337036011531505,0.4136283359497645,0.19142406667042056,0.19142406667042056,0.006295703356258904,0.09459459459459463,0.6401799344682978
5000,7,0.7236964186305437,0.13475113122171944,0.23166023166023164,0.23166023166023164,0.03561918014551628,0.16666666666666663,0.5582099781415655,0.7419450573555788,0.13758255365987893,0.047917934672347395,0.047917934672347395,0.0031203327855787236,0.043082568807339516,0.13433226738608184,0.771431448454877,0.10861058832285986,0.021191292489965763,0.05785905219354694,0.009277814836948721,0.029208605392105125,0.128881432627859,0.27229739420149157,0.4495030461211361,0.21310160427807479,0.21310160427807479,0.021426678382772943,0.034605464480874315,0.1605896954759649
5000,8,0.6758974358974359,0.15983813859382906,0.21621621621621623,0.21621621621621623,0.014857197240506277,0.16307692307692312,0.4197706209377218,0.7643022312982373,0.12248449143615148,0.04149757918468411,0.0449359254405126,0.003531708118009985,0.013309843890980777,0.08520229111122707,0.861394755163611,0.06358458426487812,0.011530246824364543,0.047362081853090265,0.015882149380855096,0.029343130319492094,0.13497190619475213,0.2799674859523819,0.4488382791600771,0.20467490418924272,0.20467490418924272,0.01470144191940271,0.07250000000000001,0.1878693592925954
5000,9,0.7089382940108894,0.14157241379310342,0.14603174603174596,0.14603174603174596,0.02089206838760342,0.06666666666666665,0.8324050835429325,0.775318051745947,0.1148565284357147,0.04504616589198207,0.04790561275068282,0.0018859826905215024,0.005722957156078179,0.07520994333012176,0.8408960137370843,0.07302044902520122,0.013753600481370754,0.04454023343115164,0.006936251137748407,0.020851970109681983,0.1251158547375552,0.27951617573293425,0.4488714822347535,0.208674384024236,0.208674384024236,0.01907858794964635,0.09001920284764187,0.22525529791564913
5000,10,0.5407537248028046,0.24264876128733504,0.19354838709677424,0.19354838709677424,0.03433971277027678,0.15184049079754602,0.5459619735427573,0.7857694870086609,0.11060814529444135,0.024132787397181277,0.04154593651531874,0.006927198493865361,0.008394777896379102,0.10395818135292245,0.8345597443022577,0.07721743131806114,0.037028736490861136,0.037028736490861136,0.0013576221642873018,0.02482063215047503,0.1426592664990568,0.2969877674458845,0.4388989213330969,0.17874110733065263,0.17874110733065263,0.018182701408973982,0.07418091901916335,0.2673559592280825
5000,11,0.6507832422586521,0.16694531522117728,0.15320512820512822,0.15320512820512822,0.045008103002160925,0.09661948221270256,0.6282058123340597,0.77129636558657,0.11967914996932472,0.013376737060947552,0.059518600682157224,0.008835917492851071,0.006068871074506488,0.10094238945547995,0.838652831451893,0.07541747889150502,0.028056291095177266,0.040580310880829015,0.006654918226901493,0.01836831898751401,0.15479478208762684,0.24273972214145398,0.47359037020938766,0.26642079381805406,0.26642079381805406,0.022912788815952587,0.0648198481322303,0.5530888669226954
5000,12,0.3317757009345794,0.335680751173709,0.1724137931034483,0.1724137931034483,0.017463061904308595,0.4221183800623053,0.7822178669332049,0.7550471796731558,0.12805268116921692,0.048579196275223224,0.06591979765996062,0.0023255663629818332,0.017297847308340497,0.14246604442864497,0.828780206914576,0.07942496956793865,0.037874857320742916,0.037874857320742916,0.0008122569366390622,0.002446190442502938,0.08730123484665842,0.24535880976349542,0.47169371890864886,0.2511983279941068,0.2511983279941068,0.030563068045614355,0.08723770209838322,0.13348882891299496
5000,13,0.31524752475247525,0.347537688442211,0.2564102564102565,0.2564102564102565,0.02436684461569295,0.1376811594202898,0.6799409143663839,0.7892382945303318,0.10835709020747064,0.022372065316850542,0.04452563617699498,0.005525587718151002,0.00220670797004785,0.12319228290329376,0.8487739000397304,0.07060292551513558,0.027210884353741416,0.03360471682008588,0.0005084705872432718,0.011136355812592535,0.14515417022031074,0.3236175288646329,0.4168918128166117,0.18409364075093193,0.18409364075093193,0.005636022079332205,0.12464329392580509,0.34891633646441256
5000,14,0.44402810304449647,0.2683092224231465,0.375609756097561,0.375609756097561,0.02957436098382049,0.21052631578947367,0.5606579052652091,0.7405589450557578,0.1357010567298918,0.025017227679027698,0.05769498316592003,0.008445207809015143,0.0017218702238346317,0.05384189253025107,0.8250107243291336,0.0802434356877107,0.004545896044110487,0.030212575503697048,0.002737037984307196,0.0032896924137593153,0.08388029147387366,0.28738499505516196,0.4357284614937231,0.20034027053904124,0.20034027053904124,0.016555218761909164,0.10731824170559345,0.2618043196849398
5000,15,0.6153609476558594,0.19292052469135806,0.06730769230769229,0.13779904306220095,0.006883937026075274,0.25460209572359105,0.6634710058040524,0.801026163594358,0.09877979412592836,0.03172905525846703,0.03172905525846703,0.0009085360234611581,0.018513731148274037,0.09724483831346808,0.8212963756931344,0.08143332551839116,0.021888246628131047,0.021888246628131047,0.001683623474310142,0.01832939935417499,0.1462209904655118,0.32396524714807357,0.4010058543208383,0.17413080339372966,0.17413080339372966,0.01298987799828303,0.08530068620875197,0.2971934106230296
5000,16,0.21319966583124475,0.38846724962877416,0.38607594936708856,0.38607594936708856,0.012767979677102845,0.1182943603851444,0.7272739135418035,0.8093336117325929,0.09481564150539895,0.021054776488615534,0.029722071501778496,0.00358154817568284,0.007755300471725679,0.1646720454563238,0.9100374973724716,0.04033142083795144,0.01297957625501045,0.01297957625501045,0.003968440694942954,0.006415370296503076,0.20039371808709774,0.3047077146200372,0.4248094370210752,0.1597480533650747,0.1597480533650747,0.013429036968940433,0.06829331267751093,0.6410280552806478
5000,17,0.4203821656050955,0.29027113237639557,0.2875055978504255,0.2875055978504255,0.029952081500940454,0.15508021390374327,0.5036763107695644,0.7358480861070482,0.13929080855224774,0.04936089945645439,0.05283274421867805,0.008359596700718286,0.010400875576976665,0.12105681513016858,0.8602190262567622,0.0636771415450973,0.006666083139773127,0.0402658277821992,0.0010549462408361923,0.022053872053872103,0.14413663437625535,0.31163247145316486,0.4173694680392409,0.13819879427026482,0.149109304579022,0.031518854035658676,0.04383931453387713,0.27872325162924927
5000,18,0.1974848625989753,0.4277557100297915,0.45439560439560434,0.45439560439560434,0.00960161625253917,0.14960629921259838,0.6372801863696573,0.7601718447822879,0.12265306211134241,0.06011005823709403,0.06011005823709403,0.005501394418073506,0.014260885377871513,0.07053578874269595,0.842031029619182,0.07157555525630027,0.02251673812490751,0.02251673812490751,0.0014635300385249725,0.013555144793592211,0.050821205601738806,0.3049325175854009,0.4177573898056802,0.21502571904658407,0.21502571904658407,0.019170401866099383,0.06554085201805404,0.2189130810125231
5000,19,0.7350230414746545,0.12875055978504252,0.16770186335403725,0.16770186335403725,0.031160787071454397,0.0784119106699751,0.6882454759249057,0.8000952241869435,0.10252351042502417,0.038392481306587234,0.0432154036089738,0.0034045695162811876,0.002086613981288732,0.06891665821586851,0.882108860141567,0.054638009049773784,0.014056402456996686,0.030579854900566444,0.0024946079109938735,0.011643204701206389,0.11620581617806325,0.29751841565028375,0.43367812878576095,0.20617760617760617,0.20617760617760617,0.01558104323455222,0.10205411811179144,0.43974690345398226
5000,20,0.7487684729064039,0.1278195488721805,0.16383928571428574,0.20833333333333334,0.016617215315409807,0.2232142857142857,0.64571924719717,0.7657997797593912,0.12204077230072274,0.02727061960238808,0.02727061960238808,0.005125402009505092,0.03928071394129218,0.09669724508482969,0.7778900702052256,0.10502204551826083,0.026534948791046342,0.033270246651741886,0.006516629801516738,0.008350582502930859,0.11158211621185832,0.28092923947499415,0.44815562863086117,0.17505699088145898,0.17505699088145898,0.013700378786382188,0.08228780907492617,0.266703615589556
5000,21,0.673279624034911,0.1671475184612743,0.03954170842676774,0.08181818181818182,0.019612138895773443,0.12009063444108758,0.5651402369947474,0.7616176967240796,0.12112398112398115,0.04551229285937097,0.07283632058091828,0.010138552410953641,0.028165744506309598,0.12540114679064868,0.8088646376098576,0.08713912429675003,0.03892782808247208,0.03892782808247208,0.0026766263221174452,0.012573276733373828,0.10595163306270883,0.3155394402737911,0.41640430854993626,0.15623458509363874,0.15623458509363874,0.019094168574306063,0.09819121447028423,0.3479488217669192
5000,22,0.6447922937989162,0.17528223410576355,0.02094320736450017,0.09581040098843087,0.019274184672754525,0.07619047619047625,0.7088449980682424,0.7693654323990896,0.12015171436783034,0.0417955945981382,0.0417955945981382,0.0026864248296341667,0.019688466040397423,0.07974271646517306,0.8657521775287783,0.061844087634569944,0.0014613445646277645,0.037458680602808506,0.009565587875304697,0.018472344161545196,0.0977880903179108,0.3013335061232424,0.4354902158767342,0.1887958630879093,0.1887958630879093,0.009839482701088302,0.06223436551305406,0.16018347216586887
5000,23,0.6127565982404692,0.20108116339272114,0.1911357340720221,0.1911357340720221,0.021475536575166577,0.20184331797235022,0.5778651119554196,0.732828368875496,0.14094313369797,0.057638909234139724,0.057638909234139724,0.004009686091520907,0.004537392063474699,0.1310201240699907,0.7645562807446796,0.11009912203594768,0.051720441633615666,0.051720441633615666,0.0027567097155913253,0.02265254379970494,0.1518543267529604,0.31434218441178996,0.41739903745553464,0.2041152731199909,0.2041152731199909,0.007398820022174395,0.09445757196674043,0.23471482796077892
5000,24,0.6670247046186896,0.15764047800661074,0.029999999999999916,0.05134196022046489,0.012815731877114343,0.08974358974358976,0.59366027268392,0.7790282265113815,0.11320663127869801,0.017146081516593692,0.02021152584433697,0.004849391965978847,0.03495172413793102,0.07780012684013327,0.8806047966631908,0.05452380952380953,0.002137716321438443,0.016136276837226307,0.0031427820442220603,0.008616293492024307,0.10983962477288611,0.3079722150262969,0.4246386455214225,0.13021204410517384,0.13021204410517384,0.02058104507495516,0.12370370370370376,0.45263385538217854
5000,25,0.5788257050392973,0.2078959379278868,0.1945408281286144,0.1945408281286144,0.03053570994599543,0.39473684210526316,0.813931386269023,0.7523370015382794,0.1251559002921529,0.024083463989058362,0.041196013289036534,0.006102446422178637,0.008839091192032411,0.08876650714544765,0.8705423689943813,0.05728056823947236,0.016176028439036427,0.01769192056056676,0.001632248330444154,0.002822100500119107,0.1170436415808474,0.27797648581598533,0.4317183912493873,0.21162931556632347,0.21162931556632347,0.01651570379128226,0.15261143351030992,0.2415060347566459
5000,26,0.7617996604414261,0.115198292142212,0.05641025641025632,0.14111498257839722,0.019560532699124535,0.34962406015037595,0.5524144448810464,0.7692666452453487,0.11798429429623564,0.040307698670361214,0.042972084556692935,0.005085491833295638,0.007420657898364991,0.07264037250581767,0.8277292556940343,0.07874561618138815,0.006535800283086424,0.03310291834688439,0.009922744733853281,0.002099713396784497,0.09045743709382104,0.3154246241365299,0.4189679612052887,0.11114501293566492,0.15263595794569246,0.02533776964082688,0.0473110552161935,0.1905880955514843
5000,27,0.692477375565611,0.16675867991657461,0.08036565977742449,0.10733062196210695,0.022076368513812603,0.16390374331550805,0.5363038874107949,0.7884159593294293,0.10857751684062061,0.0313533695046998,0.03156121525149533,0.0007460181245074887,0.016044853032114448,0.10246853152710333,0.8161717609079963,0.08617583473456641,0.024534744573739387,0.037309067902748905,0.0066185595318035625,0.008806762379243271,0.10745681279428909,0.3258538881257422,0.4115573641779177,0.17956647823214156,0.17956647823214156,0.01220486534690108,0.0546289599305656,0.14445050470480886
5000,28,0.6436781609195401,0.1845238095238096,0.1923076923076923,0.1923076923076923,0.012485540387862225,0.13131313131313127,0.6696658581814525,0.734404721786898,0.13933338013342833,0.03434309628869059,0.03885428955526901,0.0026967705967224642,0.02848044294230534,0.04566180739978254,0.9041751927689619,0.04297135486087422,0.0018726290316521954,0.007887973846311458,0.0031833758309919302,0.015457629384535654,0.08986657425153408,0.30601996696213013,0.4163232224340162,0.14955710955710955,0.14955710955710955,0.024317566037552966,0.10409698996655514,0.2485230356846686
5000,29,0.7757064751992623,0.11249504427117746,0.061728395061728336,0.0824742268041237,0.004760863114345371,0.10092879256965936,0.7571817285929333,0.775974915235028,0.11433088476295139,0.022399641130767867,0.045508969896020046,0.008225058315086714,0.005740757933361151,0.08592422235211106,0.7972055915726814,0.09410647603457978,0.039022621681903624,0.039022621681903624,1.0143390760684878e-05,0.00815936010131113,0.10582746282914712,0.2890256597061119,0.43509886548866894,0.20661764705882357,0.20661764705882357,0.0125862857282217,0.08187079559547517,0.4303184533900796
10000,0,0.47371535997771896,0.2842022146603749,0.06813186813186811,0.08098244229631091,0.02137102628237647,0.2021390374331551,0.6844568878994692,0.7706350185576882,0.12035615814531686,0.034434236685965236,0.053180945494439746,0.005597905725182137,0.001641032111334706,0.052047546882244555,0.8448125834702344,0.07283646853948128,0.030458511707897484,0.030458511707897484,0.0025043440206439296,0.0032050667893018803,0.06621508667469622,0.28667375147632423,0.4446153456772715,0.20764374330877255,0.20764374330877255,0.016375821840524954,0.07024686067500363,0.14149386360024185
10000,1,0.7026240505080399,0.15018059534188566,0.21549295774647892,0.21549295774647892,0.04781936377642001,0.25966082846816796,0.35824480471617987,0.7432932903698943,0.13659106326999587,0.036163386872287595,0.06262043058083931,0.003301143184551554,0.0027034677409429886,0.07312531666115712,0.8154464276783117,0.08646298290539123,0.005064226540537953,0.039805859421232465,0.009703487213875706,0.007359763212567927,0.07979120684852936,0.31364487503052996,0.4252092140453801,0.16112230977541586,0.16112230977541586,0.01434491694402057,0.11652754052921654,0.22759734559794317
10000,2,0.6977149834292691,0.15404444444444448,0.044117647058823484,0.08468705207835643,0.028445764308258945,0.11141304347826086,0.3171938448362621,0.7520323919041301,0.12890590785670492,0.03936764031659923,0.049567256130249676,0.0043770759209222215,0.003620388655161455,0.06857413125569023,0.8518643920100765,0.06774407617683637,0.003783287906128474,0.027324529960580116,0.003507330016526193,0.0018054214438192329,0.08404580034807452,0.298598984450093,0.4305777057811076,0.1879670554603423,0.1879670554603423,0.011409011050223676,0.05671051992291043,0.12191982838434168
10000,3,0.2167605393411845,0.4014873140857393,0.24242424242424243,0.24242424242424243,0.028484036402012608,0.13403508771929828,0.40978447612236923,0.7612192480478168,0.12168570502104847,0.027821849760307993,0.04903806526544528,0.007390941655842573,0.0018556856506760644,0.03789048768181086,0.8184641547230448,0.08234513505739616,0.020242417095543308,0.0327948933325683,0.005677464651341654,0.004272446721788836,0.08073660885366374,0.2818810173135415,0.4357145176346442,0.17910941897036914,0.17910941897036914,0.016555447859605547,0.09566326530612246,0.22863884446385763
10000,4,0.6401937390932726,0.1829855828443092,0.10355029585798814,0.10355029585798814,0.0193586332610284,0.24075694596368402,0.7608866311857305,0.7527708093100759,0.12988877027067824,0.045898909004795874,0.045898909004795874,0.002181965371714903,0.02126120102197071,0.05432072182037023,0.8605997720009001,0.06438045970099354,0.004624778660428541,0.021084757345638208,0.0019279597030123288,0.007269536846737146,0.038106746920260726,0.29518398514879046,0.43555479659418167,0.16996809744779584,0.16996809744779584,0.015604762549844907,0.05834006146413373,0.175784583642271
10000,5,0.5624465355004277,0.22227050516023905,0.18666356336553014,0.18666356336553014,0.006927550194359464,0.07647058823529418,0.47127010633990635,0.7556356318387517,0.12718533385978764,0.032945229373800844,0.0491090111532753,0.003961392820818185,0.007276515979200648,0.07126123018614083,0.7988247075187129,0.09366383120304667,0.027287410159089087,0.02793811515903344,0.0010818728179226508,0.013037482873706652,0.05379413136845468,0.27453652519468835,0.44589297449590215,0.18453077299526932,0.18453077299526932,0.013082508629782323,0.12203551046290428,0.18651877031944897
10000,6,0.5029303530053155,0.2578296217744786,0.1350877192982457,0.1350877192982457,0.024760057468385423,0.14393939393939392,0.5366453451634607,0.7637621893677258,0.12454052619823353,0.022598801816600567,0.06330084448930738,0.005977024858223962,0.008203124999999978,0.05972776547139913,0.8290462328131546,0.08040150877521118,0.006951662149867088,0.02072437434830786,0.0011033907584051539,0.020234801595806595,0.0658396117632678,0.27233825104527465,0.456060136227449,0.1922135936511027,0.1922135936511027,0.017345952806158138,0.09641025641025647,0.2396593072210501
10000,7,0.7105835776239837,0.15047807606791275,0.07643784786641927,0.07643784786641927,0.02439948553966721,0.053169734151329195,0.6882454759249057,0.779412790682871,0.11261300530993446,0.011421436803688012,0.0364095839922567,0.007415719781263194,0.016338871771244268,0.06852974741525891,0.7938438973393425,0.09581663659709705,0.028929196864418305,0.028929196864418305,0.0006056895438229307,0.019899419211142133,0.07779824871633306,0.29390518008023647,0.43238020790890885,0.18183198609468798,0.18183198609468798,0.013164572394716668,0.07955112879623982,0.1675717895342826
10000,8,0.5489864864864865,0.22203742203742205,0.1446862996158771,0.1446862996158771,0.03537715497234919,0.027937336814621405,0.7822178669332049,0.743524341279216,0.13329430455970648,0.04062167277889506,0.0508430656494438,0.005171938866954329,0.00020361725626172333,0.05343882744461881,0.8253748736591541,0.07974045021154125,0.026696941768560967,0.026696941768560967,0.002341340958096634,0.013772202367584474,0.09808478356091122,0.2864167890461711,0.4338612642307623,0.16374369428570945,0.16374369428570945,0.016900187740072112,0.06890092982808216,0.18642094430655665
10000,9,0.4527272727272727,0.2747353048557868,0.2109181141439206,0.2109181141439206,0.01499894250064926,0.03628843537414972,0.6750497008335865,0.7786763224383394,0.1137906253288472,0.03034855899027411,0.031403333222639454,0.0007888619088890769,0.015701778032783165,0.06639892307328088,0.8121229558313907,0.08737216947097198,0.019309928706222057,0.02192895825143998,0.0014519519724108532,0.013741139016316017,0.110587881847799,0.2923716703916755,0.4366975837633237,0.17080607476635523,0.17080607476635523,0.01751540895827087,0.030193241750224087,0.24364836152392855
10000,10,0.6029194382852919,0.20882324361092214,0.14179737176769813,0.14179737176769813,0.018335159054408863,0.10796221322537103,0.8324050835429325,0.7630576117022573,0.12341562619462326,0.0366489122787812,0.03859992280569022,0.004375496818147084,0.01976732470134357,0.07077619729478513,0.8675886158008852,0.06071484823620038,0.006817238992683272,0.026800512934698345,0.003322495767448891,0.0027398769120623445,0.04059069619876787,0.2734172829058391,0.4548831591967677,0.19972415737123994,0.19972415737123994,0.018182747071365274,0.05708240716590818,0.2939704882923907
10000,11,0.729995053460675,0.13531913270657336,0.08504398826979465,0.12366412213740459,0.04141424544481197,0.2954758190327613,0.5227596835992109,0.7691584381487738,0.12066575246699468,0.036615568682573985,0.05191533682334022,0.005132210988066661,0.002627170808885748,0.10366739395863067,0.8602887309907324,0.06479031401822649,0.001087626264885233,0.03673506709985157,0.007125001570429959,0.016615714455870068,0.07406769812715203,0.2863121524558005,0.4421600386032671,0.17975464050549372,0.17975464050549372,0.017679483979240643,0.04719181463763433,0.3996971218017065
10000,12,0.7543081050380055,0.12626889957799098,0.06587615283267456,0.11428571428571427,0.02480154783727187,0.20076459684893422,0.5840611397847176,0.7686763352941078,0.12004514384184062,0.027165163336623888,0.05069696984468991,0.008632559908586558,0.00020237865024541613,0.06296138225061981,0.7810382286272375,0.10301601301474222,0.023172570286081218,0.03254802701899963,0.0025856759594199627,0.010103956519334267,0.08040870187913629,0.2827169334315001,0.44696812577904865,0.17838737771258695,0.17838737771258695,0.015936098443291864,0.10508103584246697,0.3322654082850879
10000,13,0.6941638608305275,0.16021165576541485,0.04343620856414321,0.05429774911149138,0.004621917341092449,0.021155620075912318,0.62558187993995,0.7615612903557408,0.12452018777610996,0.02760268422911516,0.055357551734363325,0.006884458880181077,0.00444630468536833,0.09307560591892744,0.7877314392313223,0.09978112062554056,0.02205677510002868,0.03663362564372845,0.001902584565391538,0.0002383575084929923,0.06447209432643108,0.3064089955804116,0.42771445272541286,0.15357155670362,0.15357155670362,0.012464896839990768,0.07337189714903214,0.2783339434734119
10000,14,0.5342701462575279,0.23773971600058563,0.25911789652247663,0.25911789652247663,0.015748938865857418,0.0808457711442786,0.764370364540524,0.7573049945138615,0.12850481572468314,0.04461298316405493,0.05967099164393602,0.003603386461172378,0.007755202181633614,0.06783134531528368,0.8546821746032958,0.06797384662108208,0.024596353952832106,0.024596353952832106,0.0014105778954931689,0.008734031822660637,0.08241582393649644,0.2956740081222064,0.43529229696273963,0.1972157349292074,0.1972157349292074,0.01281263542546359,0.10593630358870798,0.3589109565544204
10000,15,0.7462462462462462,0.12866387514274835,0.14438502673796794,0.14438502673796794,0.042797085475607954,0.06471004243281475,0.6806682998740328,0.8146600354585434,0.09418254999005465,0.014998926512084454,0.03401321020314209,0.003451990497362868,0.006980989787388592,0.05355201818629718,0.8489851497828901,0.07067053949407942,0.018626723109304688,0.022616803443980052,0.0020668943192361233,0.005627230638604375,0.04703329498969974,0.30387163862459754,0.42863310976543423,0.18703212841985095,0.18703212841985095,0.015624370967882655,0.11819746518541696,0.33219277687392756
10000,16,0.7298810924881296,0.1353973839988608,0.13909774436090228,0.13909774436090228,0.01202563986016865,0.04577984975063287,0.7643023446156447,0.7560338248751447,0.12476075457688074,0.02140246824826264,0.06294949429959797,0.00930583724310783,0.012815490819782616,0.0953592508630774,0.8313493225090908,0.07634658904353636,0.011459276018099485,0.020118996095880318,0.0018453206540679779,0.014977097917206805,0.07520597722059846,0.2886993828494489,0.4333017464589132,0.17240434866710375,0.17240434866710375,0.019809667612593403,0.08011170695705194,0.19220273503801433
10000,17,0.5182533733133433,0.25562848050914877,0.169047619047619,0.169047619047619,0.01058924498230994,0.06782106782106778,0.6114975800279562,0.771617363906879,0.11826957940536625,0.027083162055018928,0.05468109667847132,0.00731285215366749,0.005566887060638015,0.06380804191579059,0.8266893215161907,0.08066181756934526,0.028079904764669927,0.03508602811177919,0.004078787920954043,0.00803947482876377,0.05773598411274239,0.28463654403272687,0.4409014730893184,0.18563534292431638,0.18563534292431638,0.014337601070784939,0.061059387146343735,0.17358264588089778
10000,18,0.42280783582089554,0.29862451737451734,0.33507642799678206,0.33507642799678206,0.03123093319368723,0.03390191897654593,0.8092412973051075,0.7588879276479052,0.12588153749801523,0.040463990306985664,0.040463990306985664,0.0006645940090984487,0.01663054348833759,0.07564825572066983,0.8557763508003808,0.0664013855859319,0.012158968299496031,0.015940564962010628,0.0023056033788517658,0.013960864317388633,0.07426112163169696,0.2855738864937822,0.44257833916352474,0.21050070731553483,0.21050070731553483,0.012408585723447593,0.07819463476661359,0.1809533657131335
10000,19,0.7038522012578615,0.14726348709929638,0.15430622009569372,0.15430622009569372,0.04386099998880472,0.3463796477495108,0.6593800689178847,0.753932921216433,0.12888909266716075,0.04012373330295571,0.04328682372579498,0.0016164898251206927,0.016433011410161624,0.05786606606656171,0.8427024295944817,0.07265854895991886,0.008780572119954977,0.01380650033922605,0.00044987333404128416,0.02554309119823739,0.050652173373105264,0.309491044819305,0.4262892811235539,0.17676290047918897,0.17676290047918897,0.015219654782990165,0.1053849902534113,0.16836114191645202
10000,20,0.7637397750511247,0.11922729618163058,0.03269230769230769,0.038295208831227945,0.019255315671927932,0.048166670645246046,0.6372801863696573,0.7271969239237885,0.14437692851355782,0.04996466344257744,0.04996466344257744,0.0009990767349614682,0.012971089313371209,0.06362979297797478,0.849963128402403,0.06842025597710688,0.015882085149029557,0.015882085149029557,0.0023724327589866034,0.031835186541261384,0.05357858152575323,0.30699779167923336,0.4218133019462392,0.1644956291695422,0.1644956291695422,0.010468267968169145,0.10782922540642259,0.18087362275596697
10000,21,0.7365859449192783,0.1375441641356226,0.07789473684210535,0.07789473684210535,0.016241160128535742,0.02124970882832511,0.49570878517129024,0.7256092231659742,0.14899795059864085,0.04501302319802891,0.04653224978732702,0.004862796940819751,0.02075110849766204,0.08222260131887876,0.7971989270012957,0.09645623616851162,0.015353406071665465,0.04175789214996366,0.005132600131543062,0.007385750811666036,0.1100023175807594,0.28566009135324355,0.4541687364778041,0.18023050185986955,0.18023050185986955,0.016945364970254194,0.07070649461752332,0.21534389477649196
10000,22,0.5285965942454491,0.240100490489293,0.23711901306240923,0.23711901306240923,0.03424395137781006,0.1925845147219193,0.4482334907129373,0.734107342661355,0.1421112637135411,0.04827447880879665,0.04827447880879665,0.002253098392527568,0.019109132962739528,0.04289775552325148,0.868954984973035,0.060367022906868406,0.013784437577701647,0.015271961896366038,8.60691641202116e-05,0.012784509621551088,0.04728085206324506,0.3213802471274372,0.41087141886786493,0.15273969939139398,0.15273969939139398,0.016999614449935363,0.088103662039977,0.12166392701639472
10000,23,0.7471278408379062,0.12928190773881965,0.1883353584447145,0.1883353584447145,0.035325542570385185,0.03185209329277128,0.5400032254969991,0.7517183103281772,0.12825862163579754,0.049105479015530196,0.049105479015530196,0.0026720199526199667,0.01438739414728274,0.057273619994078206,0.8120510701197811,0.0862975317937415,0.035843796468943645,0.035843796468943645,0.001024044352293467,0.004410910758394837,0.08975171843197494,0.30818982180957216,0.41714002026138197,0.18882021422344009,0.18882021422344009,0.012588742858223513,0.06704507437426377,0.12152559059496104
10000,24,0.7016192733017378,0.15061802232854865,0.0886963696369637,0.0886963696369637,0.012492681370830733,0.20981437598736175,0.646273711734072,0.7748985243824014,0.11483155524615674,0.028723764680279595,0.043154509142115105,0.0038328538897708653,0.007145956708188739,0.05475587986675312,0.8169881469278802,0.08434108929937101,0.011497868761204177,0.030097999255701863,0.009398012247205295,0.004519864508530036,0.09718146366973807,0.2855816227933034,0.4413999064559893,0.20871592990378907,0.20871592990378907,0.013684512458067323,0.10029570270996813,0.13533511324930728
10000,25,0.49396135265700486,0.25611246943765276,0.1368494101318528,0.1368494101318528,0.015554017676452848,0.06772288005369054,0.5502733898935857,0.7363316744384273,0.14191411109973384,0.05499211365165502,0.057828904994465885,0.003090478732541868,0.0009744329192853396,0.05975432731919106,0.8401337643503665,0.074921464440458,0.021638778340804743,0.0241160462676972,0.00036348746625017303,0.006812266544698242,0.12109647055053163,0.2892336514139297,0.44501741722542143,0.17356744533862223,0.17356744533862223,0.014505302793562679,0.11654834347532117,0.27073359808774033
10000,26,0.5798051704758337,0.21315214292502133,0.11499402628434885,0.11499402628434885,0.019136564242941058,0.0688311688311688,0.33696533137399076,0.7513402941376068,0.131749537702897,0.038476881125043105,0.05490371526025177,0.0048836670064601045,0.00360933536275998,0.05277341867836888,0.8528660333608556,0.06859858491759857,0.00020661898056528738,0.03336156097820507,0.005324039304777352,0.007004772482350652,0.06255458678368142,0.28218256178996104,0.44593969431776703,0.20422812192723694,0.20422812192723694,0.019186304575463685,0.07580035680672037,0.14723330462532516
10000,27,0.6575415995705851,0.17360544217687074,0.051877384668747806,0.0607273155231258,0.016784897998336143,0.023251569572200315,0.5086595870762813,0.7944286247378671,0.10264438203905235,0.011993987781019233,0.04597788482259137,0.008347123631895152,0.0035692593394165417,0.07517771708586285,0.8420391859136879,0.07174639982790038,0.01624456216728254,0.03488181794443443,0.002928249954868699,0.01324748858291569,0.1158062966116351,0.301728780697975,0.41975848225848233,0.16643570637336025,0.16643570637336025,0.018691140634524157,0.12014538601332703,0.3542020805496646
10000,28,0.4091276905648163,0.31226479644201166,0.27801204819277114,0.27801204819277114,0.027223179609254612,0.4977544910179641,0.865684423535573,0.7743249399451648,0.11537905377023322,0.010368875782503006,0.052839665546380574,0.010071796854900908,0.0016271762208067697,0.06614258602064793,0.8329030719692099,0.07685901235110987,0.010464439035867579,0.016313940181362452,0.00028611586848848597,0.023143084048437235,0.08796125145434364,0.30165622256167235,0.4270255251512836,0.1261833320136061,0.13826617826617826,0.020725975014388463,0.05937010954616595,0.19395629798729008
10000,29,0.5320701913622268,0.2480503598564584,0.11742633263436697,0.11742633263436697,0.007435316150628507,0.1690801823545186,0.4540131492755502,0.7552904135290017,0.12998289755192677,0.03120276588548887,0.060851648714032064,0.01083699287674264,0.004705211682645705,0.08735525723174131,0.8209571392267896,0.08437595327134478,0.01882978928454404,0.027956538184144814,0.004317023384514618,0.008134722931397498,0.06149010937368882,0.2782812471393787,0.4520238504758628,0.2051983381876784,0.2051983381876784,0.015411361375811304,0.04349885408708942,0.1424209487564465
25000,0,0.6955359472975166,0.1524713096369243,0.04941963494595081,0.06444531598958504,0.014350188372887408,0.19741611485733956,0.36142183533767774,0.7751239822868219,0.11502122792342723,0.03203143146073928,0.04283589113775621,0.003758691523816207,0.006535634919052291,0.03588923417321188,0.8415074498376756,0.07263586087379614,0.03396936087093949,0.03396936087093949,0.0020358120651405784,0.003980908603665956,0.06236435904732823,0.28930579399344464,0.4358748085233317,0.21096232481193622,0.21096232481193622,0.011379919908405062,0.08079044826788062,0.09439594145339214
25000,1,0.6301744867131142,0.191628435970506,0.045049347341610924,0.050948168111866254,0.013078921516406918,0.13338368580060422,0.6830574130939767,0.7711564954355121,0.11808194024686225,0.0332121182388061,0.04391414845622525,0.004453709926554257,0.006034817560357619,0.06214256490328207,0.8340200215625393,0.07666807514639623,0.014930252077895001,0.03214625591907842,0.003446971212738875,0.00509160811491971,0.08614009768149378,0.29404344549565437,0.4319643732507443,0.1739649294762341,0.1739649294762341,0.015109185528142513,0.08656900726392258,0.13701401379576925
25000,2,0.6872832805668627,0.1608600399387347,0.027459989997499323,0.06793439427624967,0.008634954924115049,0.14523809523809517,0.35111125015595945,0.7683629210806658,0.1191082681390288,0.0479337363495429,0.0479337363495429,0.0021248358320324,0.0030615172911897526,0.045133066165376684,0.8240638012566545,0.08120207136555141,0.015913872145859598,0.028461069368555483,0.002726426363681707,0.003926922335815375,0.05289797458616263,0.2930076609413051,0.4329933549759585,0.17918450395624486,0.17918450395624486,0.013881329798466582,0.07351417150318451,0.16664061883861514
25000,3,0.6059156285731481,0.1943708584700548,0.11979166666666663,0.11979166666666663,0.017915737117592576,0.19839911397503018,0.4360812003748341,0.7354643570410894,0.13913776651750465,0.0461035735974924,0.05775309427446085,0.003126570882685531,0.002496314100960517,0.06221267485538884,0.8650205347770781,0.06151951591777993,0.013652597182054138,0.028604088335356104,0.002498162320299299,0.006495110136507165,0.05141185101824375,0.2939586299429114,0.43072756118226097,0.18786842364623868,0.18786842364623868,0.015902466512786803,0.04841275494455921,0.1267442351550101
25000,4,0.7811217886940001,0.10964742882365924,0.03945968092494789,0.04633333333333334,0.010763097002742479,0.10569277320385617,0.3570090002996187,0.7673201596722746,0.11964582317559574,0.04088941594320539,0.04505939740628355,0.0029399384616572086,0.006730565644391562,0.041915637957726834,0.8570525297745555,0.0652507405194826,0.017008056243353886,0.025232096712703364,0.0012057095780515018,0.0003372371358973947,0.0295925932406777,0.2949878324938307,0.4313054663170981,0.19443277755792776,0.19443277755792776,0.014923586105524883,0.06512207573801021,0.13019035144970537
25000,5,0.5584477388094139,0.22462439110276428,0.13879041787517454,0.13879041787517454,0.00678692307672344,0.038807106598984786,0.5486604470514945,0.7517313141793719,0.12950900754361167,0.03527202097583104,0.0525928249797003,0.004276290392805436,0.003638666743796981,0.032933328382848515,0.823302219993922,0.08153494009160583,0.02591916751622736,0.026788623562817124,0.0021932924101573867,0.006676336708870356,0.037484556341727426,0.28336141418069677,0.43906400620411923,0.19678347986273537,0.19678347986273537,0.013742989037768973,0.06633053849976756,0.12347499817022933
25000,6,0.7491640785825628,0.12824568661329183,0.040617469786227156,0.040617469786227156,0.016845523258798352,0.05923661293311089,0.34691996350343435,0.7599153871412558,0.12473507361166775,0.029537469858045617,0.04888618547754453,0.005557397803894609,0.006319338284664799,0.0424060661894714,0.8231346214038795,0.08183075688884006,0.025695144719895313,0.025695144719895313,0.00032909272098188835,0.012759331909914184,0.0472275906567986,0.2994482998207345,0.43001103609051133,0.17768966147502685,0.17768966147502685,0.013397875908398658,0.08199901230545215,0.06203868179527727
25000,7,0.7012729205096568,0.14459815449387542,0.015941560579127323,0.039186507936507936,0.017968131977284446,0.09903911901248785,0.3632080011476534,0.7575353438046043,0.12465200851928804,0.037072707608532984,0.047761474374023366,0.005894887883024481,0.0053247601346260165,0.05597571581261118,0.8461036466444708,0.06985216434179575,0.01891176853266774,0.026963074423899766,0.0034380353115212106,0.0009288826481468337,0.05495519496788237,0.28251453882507727,0.43926992234756446,0.1903236986206418,0.1903236986206418,0.017649095310194707,0.07553914124844552,0.1316138623240349
25000,8,0.5872405692430155,0.210139269158158,0.05102040816326536,0.05102040816326536,0.009499357792372154,0.10269065090806762,0.5512077155124905,0.7695040492184068,0.11942795377284621,0.042063552485086975,0.04991037491706271,0.003255743670315385,0.0015760627409990846,0.0665191251989008,0.8313673109531415,0.07813803167794525,0.021481624184392256,0.03128698451173026,0.004362989754521485,0.0031518396302361307,0.05863599853251189,0.29699565058804217,0.4327540982544308,0.18985887822314884,0.18985887822314884,0.013729014017125021,0.09518418318335975,0.21120797029382665
25000,9,0.6368699986487907,0.18563972676337404,0.06920634920634916,0.06920634920634916,0.006637842078855448,0.026653140274831788,0.3255452742643157,0.7692176396512082,0.11985672503317746,0.04872511565517379,0.04872511565517379,0.0015219127160477491,0.0024694562115666896,0.04282162868913797,0.8261723400786967,0.08105149381576926,0.016996666040689612,0.03204667162279652,0.0023980051879353217,0.0011339504782045262,0.039260173765407136,0.30626108547993336,0.4286469698581845,0.17362855105074937,0.17362855105074937,0.013270906391144068,0.06919940696812454,0.1705985759260854
25000,10,0.7864488271479754,0.10567480718450706,0.0465448450079089,0.0465448450079089,0.011805398743715959,0.04515861742424243,0.4372518473542067,0.7598647164844128,0.12407951098446807,0.04176234744885421,0.04654677644408671,0.003352484732884041,0.005092100578125813,0.05051718958768625,0.8220189592789648,0.08191755321651067,0.026193140699712902,0.0282373458724738,0.0002565796353165492,0.003093020352266662,0.07419408164683217,0.28746616274445436,0.43746356363541017,0.21533196354514628,0.21533196354514628,0.01462281533596125,0.08833750742299451,0.10940590279137052
25000,11,0.6637159705293548,0.1671483981019556,0.05416219783846221,0.05416219783846221,0.020784487761937073,0.10778566710700133,0.5686190073296553,0.7590990772386842,0.12441412038093974,0.03265328512976129,0.04604664151102138,0.004688323784477297,0.00864516142216909,0.02883812253225504,0.8321359124168843,0.07696961984117245,0.032008295013913,0.032008295013913,0.0009810338759109957,0.004247454928071215,0.03744364230277686,0.29043652633281225,0.4331482512055522,0.19779596554392243,0.19779596554392243,0.011862661860823534,0.07458835209710957,0.13329242095398464
25000,12,0.6129234123299285,0.19692721652237316,0.018120805369127524,0.04894476874719353,0.010246747366267184,0.17856477166821993,0.3377727885717014,0.7801360941066091,0.11427467782640494,0.036155518893676075,0.036155518893676075,0.0013271777348900157,0.016611877042363554,0.04122824886724695,0.8330362246123313,0.07826684971197129,0.02054811836891901,0.030002717389063308,0.002675316554198115,0.0008077268429124151,0.04532956074347616,0.29527213651803813,0.43785211631825693,0.17225735692482524,0.17225735692482524,0.012061244614719628,0.07344237777316809,0.15332723750240335
25000,13,0.5914929015084295,0.20965777130106106,0.11767151767151762,0.11767151767151762,0.011490826165277593,0.03774205334307634,0.2217962595776502,0.7718117323425263,0.11814861659101483,0.030857843230596704,0.04992680080798571,0.003686705071191315,0.0018505336707611564,0.048248276899481746,0.8479451176628535,0.07033397777897787,0.013050356360613802,0.02267400860551351,0.0023341747955399686,0.00600339529832461,0.0379442426211255,0.2787635799344682,0.44908320945797026,0.19871530599039122,0.19871530599039122,0.0118654292339948,0.06690852413200044,0.08125820530811168
25000,14,0.7363215233964056,0.12969994426635606,0.016901289009497944,0.05946661739344665,0.009596452117751307,0.13680465717981893,0.1844381074349858,0.7624097189491975,0.1218471132413384,0.03056577824962836,0.04674598209531923,0.005012480417558959,0.0036028817296628324,0.050823777100791,0.8168503084841667,0.08398034542044391,0.019226499219810234,0.03276247239354593,0.005431405983150367,0.003497050407977431,0.04563131685958932,0.2906632997045736,0.43203789502731793,0.175234348610249,0.175234348610249,0.017098736287596866,0.06229172007177641,0.188399906401721
25000,15,0.487469806763285,0.26285227624651597,0.24444444444444446,0.24444444444444446,0.021173604298867013,0.21917111619628782,0.7727130012378479,0.7590883966917046,0.12539045448413094,0.03641487839261526,0.04159443871711804,0.003434112396454053,0.014383056706580355,0.029966105818923006,0.8437908986588704,0.07192188283701467,0.02262710026877124,0.02262710026877124,0.0006085849531970652,0.009594927953267551,0.03490315308558217,0.2893056891477592,0.43920814748611126,0.18388013692759186,0.18388013692759186,0.013115606541884393,0.08664215686274512,0.2847555081837596
25000,16,0.5414341806158297,0.2352629346904156,0.12289562289562295,0.12289562289562295,0.009557499312165707,0.09502762430939227,0.44201129452422033,0.7592806581790418,0.12474792159599185,0.0378856676050453,0.04991221729643777,0.004698516350485127,0.0025159740105811235,0.04650248712211641,0.8268294763801742,0.07974658382580391,0.019866390099894105,0.028449589024781452,0.003163549215511867,0.002639013755094899,0.0642097747118231,0.2969913558016017,0.43175660129639387,0.16739204758639847,0.16739204758639847,0.01623954458265396,0.06369049533181126,0.10727857233619043
25000,17,0.6552440290758048,0.17538298996302165,0.19936224035343997,0.19936224035343997,0.05869921934204396,0.26204569055036353,0.6631408871105913,0.7614980205730824,0.12144976067346835,0.025856078760329804,0.0454364877891819,0.005109722211369336,0.005719088277734818,0.03798156375321926,0.8261415788964024,0.07897860204038648,0.02467931099922971,0.02467931099922971,0.0002887954824997291,0.008505106279691699,0.04589510237607375,0.2882188282275536,0.4310646206443909,0.16446491197945023,0.16446491197945023,0.016440483993020658,0.08985449677068158,0.11598997900198948
25000,18,0.6506064356435645,0.17721908349026988,0.10054039458656705,0.10054039458656705,0.013035743879814522,0.05313485259140438,0.3773622061268587,0.768565818203133,0.11989963635259376,0.03602728537053801,0.04120604813710292,0.001708821924908524,0.011210929018059312,0.04118274757811209,0.8242853317702644,0.08156042504122879,0.025220658282797737,0.029475766582843996,0.001142561948689523,0.0017092163170201458,0.044661389754688585,0.29570293386727103,0.4350788360928638,0.18384682320231704,0.18384682320231704,0.012382371038967652,0.07749465653244902,0.12266798786220928
25000,19,0.7216568047337277,0.13885208265004922,0.17206609094993264,0.17206609094993264,0.032399389500547715,0.12573964497041423,0.3696018011233122,0.7746539972783608,0.11629336247632355,0.03623134290833441,0.041713802715065376,0.0014339850869437981,0.009092847231622736,0.05516853819629286,0.8232437884492063,0.08218074190717495,0.018162524773966404,0.041098908035126294,0.006469727996608207,0.015137327993397509,0.0659642036105883,0.28872203741739594,0.4382362416874769,0.1834096383061392,0.1834096383061392,0.015755091735621667,0.061229994605286886,0.133219858755304
25000,20,0.6484122479462285,0.17898812565394068,0.06254653760238271,0.06254653760238271,0.016065214509544873,0.058932126696832565,0.6124684163243468,0.7755791227651572,0.11697339802760803,0.03376988874171838,0.04686394042350489,0.004058804116359997,0.0027383689310950254,0.05776627191849881,0.8436489534410568,0.07301181634794918,0.017243164410193024,0.031304684083467885,0.0027523723624560334,0.005156326658869892,0.09185486075676241,0.27859553961696043,0.4497901256053095,0.19759225077401044,0.19759225077401044,0.014085751678227183,0.0618518590109115,0.11319350895967162
25000,21,0.7117453743303471,0.14613287949033954,0.05613472333600644,0.08128932387895736,0.012342096805353156,0.20823456019962572,0.4125244686469436,0.7707697188525345,0.11988407604052209,0.03959152080456929,0.044048334116369006,0.002077661766132999,0.007919248418907898,0.05610527913066399,0.8347680257342932,0.0772410802144266,0.026229410964349165,0.026229410964349165,0.00011352450508127915,0.007639961207064561,0.0834504649772152,0.3014082632396075,0.4335520951320603,0.18172762147923016,0.18172762147923016,0.014723420693157928,0.07709523623701064,0.14590477562851667
25000,22,0.7890031614083676,0.10621656088583636,0.08806146572104012,0.08806146572104012,0.01500086339706476,0.08562280890033624,0.6750497008335865,0.7543500912716132,0.1288473392233409,0.04031793411953766,0.04519733862436508,0.0032274626525246874,0.010510612189186919,0.03895066696859767,0.8511298687883738,0.06886034382055517,0.013050945065572694,0.028200780700959133,0.00353144340176674,0.002576051254818079,0.03285103360754449,0.2995565685648672,0.4316483453702441,0.1867990878870298,0.1867990878870298,0.011732218909115535,0.06974964422221175,0.15044926286173554
25000,23,0.6485934200667529,0.18400684809359064,0.1546964304971422,0.1546964304971422,0.03897971939778145,0.22803850782190138,0.5517642630213333,0.7581636402056566,0.12657347871768332,0.026443721791915564,0.047807002356599404,0.006192869682017224,0.006497759640015532,0.04152599338661611,0.8278792091292503,0.0800416908015038,0.011474358712842858,0.03355012995340741,0.002940930674261197,0.005425264831534493,0.06718071930688085,0.305206940399699,0.4284449481014321,0.16956327580986974,0.16956327580986974,0.01428343377352112,0.07822289316426878,0.17835747431550064
25000,24,0.670937355905408,0.16778624928626612,0.04419560748674667,0.04419560748674667,0.023160218096305377,0.06246590289143483,0.3570090002996187,0.7475200997775059,0.13295791023796377,0.037190317074030865,0.05381580261712118,0.004547145521725596,0.0044257680871624405,0.04881222494777526,0.8378551214550105,0.07513374057599342,0.016799705013084032,0.020481193848028018,0.0013790474109034168,0.014289531229500385,0.04292331422334805,0.29268445802884824,0.43534745538667863,0.18194593335503828,0.18194593335503828,0.01430931240029127,0.05833991049093212,0.13318542560940727
25000,25,0.6822619047619047,0.1600887715930902,0.029090280179868477,0.04188741896936435,0.013719817764092625,0.03595959595959597,0.606929551520262,0.7439390367354002,0.13440853668018893,0.03650289825106834,0.05879635508676405,0.007252854953597031,0.0024866205657062546,0.042356862813171525,0.8445708443629472,0.07149398426877446,0.022170488288741463,0.034509600494173315,0.003672761049765598,0.01202729174573991,0.04788663025532158,0.29566754517405675,0.4330466662998602,0.18374099019260304,0.18374099019260304,0.01632534523017997,0.07399473588966854,0.11869079757877116
25000,26,0.7163265306122449,0.140804051915163,0.05644816530103314,0.05644816530103314,0.009368636992199315,0.13338414634146345,0.3100154681654718,0.7586121593407467,0.12402815272636708,0.03630165160510712,0.04658328261710104,0.003736255853733564,0.005075868619393686,0.0439581461179368,0.8052025304904796,0.08962695498672252,0.02519842046097709,0.03356669515997074,0.002829532486321465,0.0014059161054091884,0.05567426711731793,0.28224224754837,0.441142312874065,0.19366838148001575,0.19366838148001575,0.016619773412965146,0.07848259470977526,0.09942441267146301
25000,27,0.6176878758568485,0.1943185704514364,0.12309941520467838,0.12309941520467838,0.013755605082227743,0.2332730560578662,0.33530059069340507,0.7399952088396647,0.1375861053507389,0.044402383544763224,0.05538359184104989,0.003311890798327867,0.00096410089889154,0.05539294595514145,0.8450412187520377,0.07151353298278185,0.03583684145648691,0.03583684145648691,0.0033224600331965976,0.027542479868061354,0.04609791025056287,0.29732419712159086,0.43169866297280757,0.18577668076267118,0.18577668076267118,0.010816651517147481,0.053985488759697775,0.06704428869380308
25000,28,0.7436587176973594,0.1323843583675942,0.045234923532095905,0.045234923532095905,0.010521176221732861,0.09245982694684796,0.2288816546676991,0.7719123920998507,0.11655381140245152,0.030650984581043206,0.04664324188438461,0.005273716308843726,0.0024922540910937707,0.03707180011592831,0.8471157950779514,0.06977956263928892,0.028236952370490065,0.028236952370490065,0.000715718212334085,0.007161657163854196,0.054592885906176725,0.31027229503929743,0.4154656444808162,0.16975707252874472,0.16975707252874472,0.01642690510692025,0.07636575616255836,0.09480004142838966
25000,29,0.7294252873563217,0.13601218615400784,0.03496226890022458,0.03496226890022458,0.016408482982611806,0.08150470219435735,0.3480758751378136,0.7629364103318657,0.12454777605376383,0.033846424207001014,0.05566616792359927,0.004211599423366713,0.0027523405865458317,0.03946895787453042,0.8302572417108288,0.07937101703243304,0.024509096135270525,0.028914488926530715,0.002583286104883356,0.0020746472450673403,0.05499884236972419,0.2948121481535657,0.43746063221858567,0.20592652481105878,0.20592652481105878,0.016647886235899877,0.08330983665106495,0.08557882984889537
50000,0,0.6395346401212283,0.183656986714675,0.09822328052019424,0.09822328052019424,0.012158747514664253,0.07591993313473788,0.3662209335677602,0.7549732077637749,0.12673891964642792,0.03483096303445088,0.05231483891569902,0.006178047504768379,0.0003515577566103323,0.051170782452489794,0.8153718004399515,0.08490871081550322,0.030557217295279826,0.03254126788862223,0.0020284182432592363,0.0026688683710456296,0.0404851012530808,0.28938622297887645,0.4341421616695672,0.1940873683633404,0.1940873683633404,0.012424940337949927,0.07439362919405401,0.155118535694865
50000,1,0.5722217631992068,0.2164030629305156,0.09157185976317617,0.09157185976317617,0.008103262847072863,0.04935064935064937,0.3804364988147316,0.7575144044907762,0.12551483075003744,0.03429985156556792,0.049123290457808735,0.0038948159551103548,0.0033264068272274017,0.039459732056879415,0.828270511064696,0.07897318327264868,0.017295723570932453,0.0331638763136063,0.004826965996595434,0.005940713665498976,0.043586361165622756,0.2771978888369511,0.4401091815642454,0.20078068877748045,0.20078068877748045,0.012635112861315953,0.07338773561623324,0.08403756543889596
50000,2,0.6920884853168471,0.1598866372391653,0.07637362637362632,0.07637362637362632,0.010155919500277368,0.028734628049190247,0.22852060031291527,0.7507491762022945,0.13040868264710015,0.03950181868452207,0.048693781231193056,0.0036566653090241777,0.005673889180275116,0.028277271655413272,0.8218869445729559,0.08253683986275429,0.02394153178833891,0.030369681049329134,0.00261225392904587,0.0002801546191715243,0.05548631874501486,0.2865908239786356,0.44153241101551766,0.18186520605607448,0.18186520605607448,0.015756166033340943,0.07417500532254628,0.09335376580479321
50000,3,0.607630144189522,0.1965289473866606,0.07562532569046376,0.07562532569046376,0.009445985878400509,0.08630762935346004,0.4990272337925194,0.7617695237058645,0.12306705213574198,0.0423336230251492,0.04486775816653686,0.0026048442640232428,0.007688567968870297,0.05657035830812901,0.8307183835283318,0.07783968955808013,0.025518161205872247,0.02877336872217015,0.0019529831086232824,0.0006541265407586927,0.04331732945658573,0.2984756675929767,0.4300486691472649,0.19021667577342394,0.19021667577342394,0.012659212057525307,0.08462332301341591,0.08393735708966316
50000,4,0.6590062772635386,0.1724787428694436,0.05128205128205132,0.05128205128205132,0.0037859209686788436,0.10107140645321122,0.16209581427324338,0.7471395941137449,0.1332513537290716,0.037588905051055166,0.0477092906138703,0.004746146490695408,0.010827900222064923,0.044685703713807035,0.853516274724777,0.0675251484750159,0.01274604346129915,0.024370324045750263,0.0020093278250550156,0.002775879948981097,0.022387809685949833,0.29664764841288943,0.43484726392350226,0.17333223169320666,0.17333223169320666,0.014261101923901703,0.07850975944805194,0.10836850776277673
50000,5,0.784134210917009,0.10714953809641681,0.018568632456812173,0.03992092119866815,0.007414517354993544,0.09446916719643983,0.48259815289792235,0.7721094196599682,0.11759690509371168,0.03401091632336095,0.048082288985155805,0.003512443481121355,0.0015323077669366914,0.034788992144840936,0.8317309225046049,0.07783994856826126,0.023188164436712344,0.023188164436712344,0.0005122619295138131,0.016477163988120824,0.027654240187643397,0.2947734249401063,0.43396791011714475,0.189987411051605,0.189987411051605,0.014664315810088889,0.06798726822664758,0.1188586476350455
50000,6,0.7354813508024498,0.13417135898206223,0.03820895522388057,0.049404325980293526,0.01838166840539575,0.11812153097013656,0.33021633418780716,0.7604757369011754,0.1252011104494729,0.036908101857476616,0.0468531009483146,0.004142502643468937,0.008239923042737463,0.04797988418183863,0.8337675095602431,0.07721926803340695,0.014302270165848507,0.029848027366723887,0.003303618421917974,0.0006509362804937302,0.035112822365219454,0.29811294445735537,0.4328525484845531,0.18069364868194893,0.18069364868194893,0.013960344380524563,0.07477671369642269,0.10516520944476876
50000,7,0.5985074167986809,0.20090640189863418,0.0293993595251113,0.039679563005491275,0.007799778029021959,0.06174527104056016,0.21692583896829115,0.7638833088969199,0.12222254810246802,0.03076301673316606,0.04888002424344927,0.005510748371343181,0.0032340042911913613,0.04480699149357664,0.8345159881433658,0.07635898600586244,0.02160005404302423,0.025489488722282835,0.002570618049863943,0.00511031287826369,0.05160222298208339,0.2968410794455653,0.42977538446748076,0.17926056312034555,0.17926056312034555,0.015706316589547728,0.06838869680219395,0.1286556633007805
50000,8,0.5568974771873322,0.22486118386589843,0.15312100788511518,0.15312100788511518,0.01458899373249603,0.12124089901867674,0.2650559149399917,0.7476450155452176,0.13224939767807242,0.034923518620444405,0.05345079241763996,0.005282018479704276,0.003404021565768467,0.04034571425533484,0.8402142437228712,0.07360584959568084,0.019900455654547122,0.027267088611615878,0.002535493049704435,0.0010958834769624337,0.06497895662074804,0.2908148636228989,0.437732443853559,0.1827385743654929,0.1827385743654929,0.01513076010289767,0.07330320897852716,0.08284220673617759
50000,9,0.7023809523809524,0.15065913370998113,0.041393800480244436,0.0457561907712965,0.014058151349351011,0.024036077711040216,0.3536925824124473,0.756575651242613,0.126834595612141,0.03301797807950002,0.05176808885789971,0.005441381475274655,0.002391193409637671,0.030805750877051438,0.8343958192747729,0.07642117427825063,0.01874470038880094,0.029536661073327627,0.0016122372836871943,0.0007848995619834653,0.06847195585113175,0.2871256684365648,0.43795896638624726,0.1929468697087019,0.1929468697087019,0.013057035435894343,0.04171461141717181,0.07133619908148359
50000,10,0.6506929448444531,0.17539767232206888,0.02532159622444219,0.04894280794230094,0.006212578368929765,0.19586499819057956,0.5169162059947328,0.7646343532060517,0.12141243585028322,0.03786551209629829,0.042225346996209015,0.0035982236094460954,0.010265983788151245,0.02754422800330575,0.8262508088911555,0.08003294605322037,0.020924266972407457,0.0243789822411154,0.0023562780216257184,0.00936149440106493,0.04524835320519133,0.2928341002947499,0.4341540856132783,0.19166236877111986,0.19166236877111986,0.014608084575682405,0.07390457643622206,0.07445726729052016
50000,11,0.6330237439968757,0.18573539790073829,0.07057622328894397,0.07057622328894397,0.008917661593348204,0.10753671218787497,0.249214494869133,0.7614321509986968,0.12361840773024235,0.03993396278604611,0.04724115503710698,0.004432293117753394,0.006209689541440633,0.03750172259980433,0.8293384654993036,0.07865687876838579,0.011941510193483995,0.032306420991447524,0.004149406320173368,0.002290092322775883,0.023099262567002454,0.28554314162260563,0.44168857149605995,0.1929598236158746,0.1929598236158746,0.013670716079492197,0.06726361068376285,0.10025423393677169
50000,12,0.6896775346673564,0.15827491930676013,0.04501798232246268,0.04501798232246268,0.008566498757874921,0.10348936552902566,0.2475861139856012,0.7498433693559663,0.13101432767429716,0.04350811358581097,0.052107210964774955,0.0038505412862618535,0.00251293407183506,0.05040924551826731,0.8308107576425143,0.07824850470245592,0.028913535217183317,0.028913535217183317,8.852278744875264e-05,0.0020320344250537303,0.0670426202407009,0.29447207844598927,0.4354083219548902,0.18342046626203956,0.18342046626203956,0.014512007993705778,0.061653667879965623,0.08815837219647568
50000,13,0.7073655823360863,0.14844391244870042,0.05151511965344657,0.05151511965344657,0.010966829181335527,0.10104853314961826,0.22143685432044913,0.7622836413167494,0.12420899992894718,0.03251063890481132,0.05313848883086747,0.005920052779265668,0.0007592709545954923,0.03665863538287184,0.827173704199916,0.08052658990877948,0.02565728525340416,0.027790572393536675,0.001404132703320321,0.0038007135619038124,0.0454906744203003,0.28757409335388506,0.4416306059173144,0.17324888562316032,0.17324888562316032,0.01669854695408119,0.05283328109572616,0.061689983125858605
50000,14,0.711240369147405,0.14624530674062675,0.06410593703411382,0.06410593703411382,0.007485209816942347,0.11553414032201192,0.3880579149975222,0.7486877851223646,0.1309767370222239,0.038519809873799105,0.04800328059394862,0.00506861242603384,0.007622339054202065,0.042057101104906125,0.8348606600543886,0.07579054345154917,0.015601067855653628,0.029397042173354218,0.004025137188261314,0.0014340267523281769,0.08210210103023774,0.28668744287334424,0.43891247392548194,0.19059868917712242,0.19059868917712242,0.01341020653305592,0.07827850521117352,0.10508813149653973
50000,15,0.6883996212121212,0.15795410906298007,0.08717173625543173,0.08717173625543173,0.018138871152619113,0.1160436064193141,0.2677839591192457,0.7610618130523038,0.12352066539999323,0.036486096906519605,0.0477496147646298,0.004333033798937534,0.0033616691892554007,0.039028204548696044,0.8309745890186612,0.07770877552727817,0.013640595718486748,0.02703039864173651,0.0045028728935784315,0.003482853562630117,0.03442211294934916,0.2826088504353614,0.4423721965676626,0.195048172735921,0.195048172735921,0.012024850252191688,0.08585186625592323,0.11991077547557338
50000,16,0.6930133079847909,0.15504080652904462,0.058786866644825686,0.058786866644825686,0.012967945635916196,0.09258555133079849,0.249877525301086,0.7670995129891423,0.11995217317308354,0.0289578762919791,0.048650583498715066,0.005763573537072866,0.0037313799082692167,0.054060633988638696,0.8308219193090013,0.0778940067467449,0.015360229215035992,0.026253617811956995,0.0036076304035711007,0.0066563886575797815,0.027844420320590146,0.28338606547788153,0.4412442321863502,0.1932742599497007,0.1932742599497007,0.013821686639187453,0.08570273444268317,0.07448164295000098
50000,17,0.6927404148334381,0.15523975865354078,0.07304460245636712,0.07304460245636712,0.010030097026068205,0.10334919637245221,0.47789369802527043,0.7602705553754529,0.12437328682078436,0.029039042471133647,0.04495700002148535,0.004939110771587631,0.009928957613069667,0.02796665785944613,0.8279379515634625,0.07942675654541648,0.021294652918032453,0.030205777262533484,0.0021027267096986046,0.000578854771806081,0.07817981052603129,0.288230929414299,0.43621123907344905,0.17385426146968175,0.17385426146968175,0.014715209260093072,0.08082330846149943,0.08009708063931198
50000,18,0.6056043613109735,0.20148956617854663,0.033575166260137124,0.06427662753942814,0.01952000782378604,0.018212736060722046,0.1641671295227133,0.7569554997711367,0.12655571609550276,0.04115217724341058,0.057307972059416915,0.004629806342016568,0.006125605595246886,0.05422067858694346,0.8306398493921163,0.07827632673243656,0.019973743389743337,0.025267752254097123,0.002217137375811855,0.007203503427697822,0.04191486182690696,0.2861092184739336,0.44021873911546583,0.20134398098117579,0.20134398098117579,0.014152725541242188,0.0751390619775677,0.08510573143364725
50000,19,0.6419078475082179,0.18221427558644482,0.010807888440100721,0.03267696909272183,0.011064730210626345,0.06428089454405239,0.18357055574220343,0.7618778624085489,0.1240483257197787,0.032294391183372295,0.04918184758844468,0.005344796560503552,0.0037548795504058763,0.026924878381031525,0.841692600244468,0.07324163347993601,0.011218111132056396,0.022885560600476126,0.0041194603897241056,0.008624540981278517,0.024923347468663093,0.2925913355965709,0.4355073922100239,0.16851641415711205,0.16851641415711205,0.015083303229905393,0.08124118590482154,0.10671936293858145
50000,20,0.7050498552589258,0.14874290348742897,0.016696577361876686,0.03771692588155348,0.012066077300087664,0.12887483917658415,0.44801810621168936,0.758820694371434,0.12464269631885022,0.028751733561547255,0.047673833525403025,0.0062585140410382,0.0056245125125804485,0.04096069003398467,0.8371812821600749,0.07460233018253837,0.007352227518065191,0.028036913544883926,0.003946747217528572,0.000952357446388441,0.061777012302825285,0.28415609052477264,0.4397394018528529,0.1914478453939915,0.1914478453939915,0.013452677690595195,0.06894208393516288,0.0898794770975794
50000,21,0.6706139272635554,0.1696312007760733,0.02461055620858421,0.04389467592592591,0.0034515528508390417,0.13976417078435632,0.4870009011039257,0.7549154266678006,0.12869640444143077,0.03850254659572716,0.05389551234177879,0.004952238834407513,0.000969528610740622,0.031344309171938756,0.8358843209922945,0.0762897969527645,0.023959827290252367,0.027840799338698707,0.0017367237158900928,0.0019607442477773684,0.02792652584028965,0.2974543612054132,0.43261589254187327,0.18445402680717626,0.18445402680717626,0.011646391992482609,0.09553614750121298,0.10316155427985219
50000,22,0.5935738872820113,0.2041567198713099,0.040063835748831544,0.04560543821399046,0.01662162907366839,0.05957185944434906,0.2559225027770045,0.7646588488682147,0.12115544726113564,0.03219184642101358,0.04264353176543233,0.003977156108274149,0.010638572832833315,0.04373190342894434,0.8420718040686734,0.07232657399255021,0.005967424595457627,0.025003913875001574,0.004847472605258515,0.005486629577749258,0.04230388648085548,0.2861173080876294,0.43738190401699784,0.18008391676815727,0.18008391676815727,0.014967596627383811,0.07040982787688355,0.10475316937435442
50000,23,0.6826356633057664,0.15837602911557896,0.09553806517369268,0.09553806517369268,0.019875800573744058,0.07561523112736945,0.3382538286535534,0.7555751982971459,0.12661270699814237,0.03570274237166282,0.045736876086423836,0.002809862035372382,0.009314033524737919,0.032029236534779515,0.8288713789378249,0.07867587772286583,0.0246614073626944,0.03007152044577381,0.0031203921695608927,0.0011596465833281222,0.024441291095726403,0.2880391076895149,0.4345082376023865,0.19138195521190104,0.19138195521190104,0.013961255908418714,0.08117355147614713,0.09099943336997851
50000,24,0.6850478620670211,0.16013834381664066,0.027844012542325602,0.027844012542325602,0.01095325554983416,0.08721212611810425,0.26718913043443226,0.7600262412468817,0.12479473882968695,0.044319449817680656,0.04839829201105787,0.0030512947171681404,0.003467606858663985,0.045522793455586075,0.8401154178098956,0.07374268484686447,0.017815032207752157,0.026826463261517178,0.0025594922961624175,0.0019500761108308673,0.036960569293349455,0.298239762485047,0.43073829379636663,0.1783746185654751,0.1783746185654751,0.012820548803941699,0.05811895717599136,0.15150391456921047
50000,25,0.7848805123413305,0.10850460661652744,0.06730769230769229,0.06730769230769229,0.022377142429634456,0.11117004433185562,0.3108373529132161,0.7722211954553418,0.11803468273540546,0.03192779747405872,0.04433579718104272,0.0034610734457828918,0.007329120289751079,0.033951584841232035,0.834836569055326,0.07668984080940561,0.02191179784895947,0.025048191393330824,0.0011455460757939726,0.00664741884811082,0.043265282931474025,0.28975921781317987,0.4415234505963953,0.17766635226603356,0.17766635226603356,0.014713596693039746,0.06901895743391573,0.10527533628374586
50000,26,0.6462702606687686,0.18140420395800594,0.03329119694960214,0.04260154107352748,0.009156237869377137,0.0629950800167215,0.5596378765185039,0.7606330024242804,0.12438160104290957,0.02824674176937192,0.05217073269435363,0.0071001321896039665,0.0024070214920095534,0.030447230714735873,0.82999552526647,0.07860608991854817,0.020544247835395324,0.025048298911826014,0.0013107771333960433,0.008536426609393244,0.047151134783171345,0.2828174753044951,0.44037582117931495,0.18533085127160875,0.18533085127160875,0.015696962769259047,0.06156191068423156,0.06416580711513542
50000,27,0.6375260781413753,0.18559319696390947,0.032796735347870754,0.03772758332478976,0.009967613527033112,0.08178053830227738,0.3281833323360367,0.7635604248830967,0.12243477643509204,0.0329938321005957,0.045742397733016665,0.004259386120216806,0.0072671294747678195,0.02345137780291362,0.8144449673298229,0.08611663226012511,0.021071090868462594,0.03270628474512366,0.002405152480035838,0.0003279656075493298,0.05033462639509256,0.2969373646409809,0.4336456484220243,0.18787047446115746,0.18787047446115746,0.011937396858538951,0.08187696152850132,0.06378779335967599
50000,28,0.6192865105908584,0.19601090543836996,0.06056057374099144,0.06056057374099144,0.008939879034432469,0.06736831894461148,0.2501463542981822,0.7575149914105326,0.126422000990847,0.035137623014591335,0.05166599999131878,0.005437229569515763,0.002311037725827414,0.03270043952680422,0.8164641657866049,0.0853519129340709,0.012931773684173753,0.034350940567689905,0.0053860876529437315,0.0019995428222413514,0.030844421114976317,0.28740214007759207,0.4411699492433673,0.16856011118758718,0.16856011118758718,0.016982096299606182,0.06907879259151029,0.11664756604894166
50000,29,0.6440155547192803,0.17984455419101636,0.06797841060136145,0.06797841060136145,0.01930619682619915,0.0847470074171991,0.24785272442634965,0.761645646142496,0.12356547115688093,0.040259373998046244,0.0523204750858965,0.004647455034801053,0.0013557492126418103,0.049989436862606984,0.8274723856336036,0.07963396647719978,0.01948811095250136,0.02599042992136294,0.003003222940444125,0.006994552064209514,0.029369386920885032,0.290930680047576,0.4369147738182857,0.18609254915577123,0.18609254915577123,0.013833218238835626,0.07082591948067185,0.10325497168961134
100000,0,0.6409568009767717,0.1833796573744107,0.0429544367835456,0.0429544367835456,0.004148962668887909,0.11160155638980129,0.2489103065498019,0.7648049475011891,0.12207320013053663,0.034826208810387116,0.04855824129982471,0.004515162785019941,0.003158881217624865,0.03099455903987401,0.8331912201049834,0.07714863128363464,0.020672696497071152,0.026951766865990587,0.0019119976190860033,0.0034679952741190068,0.04216701334633144,0.2951079726934988,0.4332939917031679,0.18747069376783565,0.18747069376783565,0.012939306820772531,0.0822681662981305,0.08239701928240839
100000,1,0.6433738277398907,0.1819261734645103,0.04711819536936657,0.04711819536936657,0.005488278745300487,0.06958263822688271,0.15724239372239168,0.7578458573691631,0.12560816630036287,0.03729508058434605,0.046974351797086825,0.0041989098218364815,0.006285629784506419,0.033387783297928394,0.8407428029192341,0.07315336879644846,0.016276402145083524,0.02332851496990647,0.0021611136502770537,0.006993013556250149,0.04369893359839838,0.28914147723157196,0.43608167727788144,0.18140742346027827,0.18140742346027827,0.014691107552096523,0.07528565435783718,0.12150873939161011
100000,2,0.6058785891961064,0.20286076923646212,0.06363090961611095,0.06363090961611095,0.005153558748532058,0.06822760379245729,0.23179844294606045,0.767021372691631,0.12056036486035926,0.03145409721118353,0.04706594380756708,0.005476450553328495,0.005155484341712313,0.029486483419520815,0.8239052497325489,0.08161447408508826,0.019754307197261123,0.03133872204511727,0.0031061056723772976,0.0003242549550672713,0.0431390987345136,0.2930106642830302,0.43335384612080685,0.17810775424859338,0.17810775424859338,0.01444469069808578,0.06474409362032496,0.07521541634254392
100000,3,0.6104902809475092,0.19481762293569632,0.09510125889436227,0.09510125889436227,0.004275043572167285,0.08889604810996565,0.21669768851985166,0.762854949578923,0.12241798017518402,0.03350890880327728,0.04707936138851526,0.004264015680251573,0.004391770557309216,0.030636354390722195,0.827054250439896,0.0796369846997117,0.022067478754813408,0.028309934183267035,0.002725559338997291,0.0019066666429266022,0.03950446557397835,0.2871907952236605,0.43660752447402296,0.18086141396182598,0.18086141396182598,0.013610238284149881,0.0815629859811633,0.08975537078515872
100000,4,0.6491888291004333,0.17715063459899494,0.025324925652604913,0.031344659232667396,0.005574715270423657,0.10093246068684869,0.22041115436010383,0.7578518418432773,0.1260364577715457,0.03458953912591811,0.04865073854765595,0.005342378469642847,0.004741762223521073,0.02782473633638688,0.8382412515279406,0.07455332680907739,0.013943023246712705,0.029715972513490493,0.003239926720287112,0.0022395218083837154,0.03395440947363171,0.292690018162119,0.43483845329865645,0.18000762718081242,0.18000762718081242,0.01438715535134786,0.07771198495973675,0.08326321601743458
100000,5,0.6697161483737419,0.16749166704372348,0.047442608045431656,0.047442608045431656,0.005690972006918885,0.10772833723653397,0.1888630591263138,0.7614576290360143,0.12338735373539861,0.03526725337349956,0.05225708385320206,0.005310537585611001,0.0016182098124275512,0.03195806112571686,0.8319402060256638,0.07737172067085513,0.019790893775776253,0.024606378780299587,0.0019395490181265407,0.007028044913552467,0.020827735421197868,0.29307373129519304,0.43320144644545844,0.18442891988186239,0.18442891988186239,0.014104380660540282,0.06423663163847593,0.054378289454567796
100000,6,0.636264516380258,0.18336693167833168,0.045909391694507695,0.045909391694507695,0.006313464902316213,0.11069250688051058,0.19508506375003415,0.7659498071712767,0.12112811046547495,0.0351276270021087,0.050575549921817176,0.004968965970989565,0.00022066645438834076,0.04530436354127121,0.8273012815724696,0.07991197284747326,0.019105212898145707,0.02665839388503348,0.0028592575776902954,0.005800717281912893,0.04750530349601456,0.29037469480766104,0.43582921522041207,0.17968340229364166,0.17968340229364166,0.014961147120248812,0.06428642214353508,0.126627879343698
100000,7,0.6346015269188925,0.18476906992086,0.07543489956958394,0.07543489956958394,0.013557928797209753,0.0991729472286027,0.1925255173801717,0.7607028817933549,0.12456937553478842,0.03264510252461916,0.04903331730022775,0.005219411238467531,0.003745846707752354,0.028112149556936528,0.8327657256529674,0.07741414696889182,0.021171937998029633,0.025676567444561968,0.0011001627843562622,0.005150887624735034,0.04311782919112528,0.29551283417548246,0.4342785259022053,0.18011206041683436,0.18011206041683436,0.013954107235846128,0.07257880535254924,0.06439636677826366
100000,8,0.6960276852931138,0.1537448352575409,0.03382879461863941,0.03382879461863941,0.005431870950112425,0.10868193230617251,0.1954334168259097,0.7610757611760167,0.12375710750730073,0.03708911546375537,0.04920860341400454,0.00419446040507971,0.0031224815091347446,0.0281032714000609,0.8351453782258262,0.07589022738928675,0.01397700085727649,0.027814825492065806,0.003486054080645014,0.002285860329639511,0.045255243723929195,0.28854342068366,0.4373188698844944,0.19016000725803173,0.19016000725803173,0.013282934694344009,0.07382737202827161,0.09472758241765644
100000,9,0.6735351166042672,0.1661840851425357,0.03235815602836878,0.03235815602836878,0.010868779873055595,0.0937150156442863,0.11226163544726125,0.7684688756626454,0.11968339232940767,0.03240500881628783,0.045857418888112234,0.003935986212128338,0.006901336406231806,0.030768684768574972,0.8306328342147871,0.07833881520118563,0.018864825420538023,0.02874005994078875,0.0032659261927138195,0.002619745254062056,0.016727107840122213,0.29093803595402523,0.4354461025584251,0.1850830300299139,0.1850830300299139,0.014863829171682295,0.07825670699766019,0.10011754628004121
100000,10,0.6841358993090068,0.16130204739369347,0.025327071452532657,0.03378908396221751,0.00902494084134306,0.08401546624984568,0.2385809947231684,0.7618510371834418,0.12395937309697314,0.037597942574631116,0.044196489680259826,0.0033075444848767663,0.009337861607795928,0.0374925197578565,0.830308534096592,0.07873385980630765,0.021987095352598907,0.028483862026752696,0.002077188521457808,0.0018376867661701324,0.040017601536125436,0.2931041698329438,0.43623692440262796,0.18186618162161372,0.18186618162161372,0.013666079033571324,0.06877898253070536,0.052909290112279295
100000,11,0.6666820864866866,0.1691059123936839,0.04183998415382972,0.04183998415382972,0.005794206484621291,0.10477727477877918,0.2147602487077261,0.7617657446998815,0.12344552582915858,0.03358295864648264,0.04590120294848095,0.004191253683280827,0.008064440709830478,0.028755680963430272,0.8332170277153925,0.07687353354019516,0.0186840692670186,0.028302181709517385,0.0027017385864578705,0.0017183727386136383,0.03367131834775805,0.29064855818757807,0.4355745434818865,0.18199968547727963,0.18199968547727963,0.013727011974262432,0.06848330130260993,0.06723253846606381
100000,12,0.6695096396656937,0.16917259188656653,0.0687567235285077,0.0687567235285077,0.004773831759564778,0.08679674904064638,0.46550854197913744,0.7609255566633433,0.12425553860157079,0.033614667777329355,0.049918205100315444,0.005350659536736108,0.0026597929674663234,0.0324820580565387,0.8290647367679131,0.07907593463863449,0.020017303180717816,0.02899581763799039,0.0027057371919987014,0.0012774679738977168,0.03362941901867411,0.2883935439863356,0.4369422908896836,0.18740217394017922,0.18740217394017922,0.014562707939149079,0.06804875671866684,0.06855525330157508
100000,13,0.703765680080223,0.14978458667081418,0.03181084848021998,0.03451755374254949,0.007367234846842256,0.1152715298500151,0.24482225017212245,0.7629382132462621,0.12324913535228255,0.03607074934769727,0.04910771427639783,0.004990719300568665,0.0023418018444207878,0.034446797146474584,0.8332891080988052,0.07718092600556575,0.01648434430098278,0.027757211131703666,0.0034905122535595703,0.0023018508098795465,0.03203672485426612,0.2928279841777581,0.4340972596774677,0.1827282922521034,0.1827282922521034,0.013961890966843797,0.07034018344363169,0.1277402125494932
100000,14,0.6676539618631143,0.1680329665156432,0.06867916058803725,0.06867916058803725,0.008217807011009874,0.09405748717143902,0.19263298920495692,0.7614758837308522,0.12362217638895617,0.0312501771269007,0.05127007017430196,0.00584754834907069,0.0010762113127578132,0.028569430066173074,0.840242694298639,0.07352901066416001,0.01648497104912683,0.027049542477888794,0.0023233028552981927,0.001564877539550591,0.033496665902070455,0.2854141102654084,0.4398119731783948,0.18414677482156838,0.18414677482156838,0.014419279492705175,0.07106981416373681,0.08380580839078633
100000,15,0.6581613902451829,0.17312805786002977,0.03087727899494408,0.03716804396804227,0.007027686625036139,0.09317569996597408,0.16249222111798822,0.7610024700323259,0.12389821548891228,0.032311404973050295,0.04917810749245828,0.005530623087855742,0.004688208205708144,0.023008800854873834,0.8250680296684202,0.08077445379386827,0.020652738049080854,0.0321203352580017,0.0026962823566089797,0.0020637631066103834,0.03946168780426729,0.28686394970349127,0.4366254692320525,0.18697547905518663,0.18697547905518663,0.013424584178116268,0.07219857920875439,0.07906301471731148
100000,16,0.622671396749443,0.19062908606862938,0.05693237492400671,0.05693237492400671,0.009616454886526453,0.1140309467610805,0.3193500062648765,0.762794652685972,0.12312216018851901,0.03097656568323859,0.04686243358750282,0.00529295002853266,0.006525071285657602,0.02345543351865223,0.836518642680942,0.07551215284643403,0.017643977993664683,0.026416575030109204,0.002260311480082995,0.0036999905432686386,0.03733696586095203,0.2956150050907438,0.4320195141793437,0.18016108950389875,0.18016108950389875,0.013630701923621327,0.07249630714983446,0.05367508546218158
100000,17,0.6679358511897711,0.16653900183781528,0.056445543489947236,0.056445543489947236,0.010741421248536755,0.09910878517094468,0.23622314149350454,0.7630609675446686,0.12321813723660002,0.03557414430072103,0.04762512473743752,0.0042624750301884715,0.0048652812634317755,0.032603613948473886,0.832560524853165,0.07755625761675516,0.018039578471991002,0.026108690217614514,0.0023776996645239815,0.005386365976579044,0.03391558050231358,0.29256415834639465,0.4358981425963712,0.1817584000995437,0.1817584000995437,0.01422881091445171,0.06825380035661388,0.07542681967363718
100000,18,0.6431035739885069,0.18167471519173467,0.053927584598270295,0.053927584598270295,0.008700771612501657,0.09563162096899824,0.14696263452171132,0.7611094148813121,0.12352536899476596,0.03312763517418549,0.04856180533234483,0.004751259260934587,0.004001471050823491,0.03413695079544349,0.832206157796451,0.07722055573516695,0.01839525382392515,0.030512684447632735,0.0026202699424495712,0.00211810560427228,0.053518061674339035,0.29030940360333796,0.43517186030302074,0.18604526326104764,0.18604526326104764,0.013921030780836036,0.06799679158061145,0.0406055232280266
100000,19,0.6620051653589679,0.17107150102049684,0.019288922702139777,0.03510711738551399,0.008473102234834218,0.11285532767225814,0.20980995769666122,0.7569545689696251,0.1262686357542866,0.03510684491886462,0.05199380325026,0.005407361609153213,0.0015257617415774805,0.02601897066741743,0.8372555530781647,0.07487885272033046,0.013945329961343345,0.02613441401605708,0.0023407690097635853,0.004434966540473262,0.0346593753789618,0.29099513304796154,0.43504789669812716,0.1848140312890434,0.1848140312890434,0.013489013174521315,0.069686720580455,0.056774250679253235
100000,20,0.6129439336578331,0.1958048335613315,0.049530516431924854,0.049530516431924854,0.008185006974214211,0.07733744660654962,0.17078863550868145,0.7662103863611353,0.12052760717274846,0.03090151533282881,0.0470574036314899,0.0056278529784063724,0.004391205240967255,0.029934554843828787,0.8330245500627295,0.0768716038005946,0.019843416900756083,0.026194523700364167,0.001873748300199908,0.004405849559801611,0.034460440820196836,0.28933027722212834,0.4361579102712252,0.17596216591209735,0.17596216591209735,0.015206039927849545,0.06351867029342706,0.0685632424864947
100000,21,0.6348991319133883,0.1862640647318613,0.04117507955357458,0.04117507955357458,0.004573296005530282,0.12022909763331968,0.15343260835359307,0.7631769156736616,0.12254968405209032,0.03270137022887043,0.04813601299356014,0.005426111198208176,0.003919900843094237,0.029486259577997442,0.8276523029367485,0.07955877222195501,0.019005886591432097,0.027934415264447426,0.0023539511932542667,0.00331517216000643,0.04844860137421503,0.29190811800773714,0.4351874886457916,0.1808164707069687,0.1808164707069687,0.01393635413812766,0.07056190240510352,0.1052664938782385
100000,22,0.627992216002698,0.19084292050415635,0.038427864684971724,0.038427864684971724,0.00942916901514617,0.11821067459696355,0.2748144098787838,0.765408304254175,0.12157030146128611,0.03490114158920887,0.04929704958243791,0.004102113691662024,0.0025019464797654267,0.03114425933384618,0.8382940523510564,0.07468574988136878,0.01753902950428554,0.027918170802338674,0.0018960142628229107,0.0013043230033029651,0.03657424013839217,0.294841773401324,0.43238623202439214,0.1771004943159441,0.1771004943159441,0.01457140137675856,0.06690578817733994,0.0441635672285805
100000,23,0.5648234886945518,0.21982785391165666,0.0875702899250489,0.0875702899250489,0.0037212028811828973,0.11541911966544649,0.15633685373051676,0.75814199901048,0.12602317582895345,0.03555548664797137,0.051388849101941844,0.005294805583442537,0.0014692891632065441,0.03584190079185484,0.8342609860904271,0.07662425550723184,0.018642755248737375,0.026220313470139534,0.0025977580018240604,0.004359155850659158,0.03833371551340259,0.2917625881556567,0.4366230407404934,0.18233787767831822,0.18233787767831822,0.013545456550995497,0.07809145709301535,0.07078142150377809
100000,24,0.6803690757255958,0.16204003674461648,0.049899971490645956,0.049899971490645956,0.010617041962363863,0.11544582713541096,0.2294713366395162,0.7635812483862514,0.12259343550713464,0.033516350566859754,0.047003004682019164,0.0039009963196878147,0.005392154247593317,0.02682570547884955,0.8327514455489557,0.07733617422372707,0.018133611744527545,0.027211950704292054,0.0021291935785445262,0.0033536052874688638,0.03588410714926804,0.2970587557825079,0.43284486467571587,0.17833115018053147,0.17833115018053147,0.013315161273073362,0.07639885460081519,0.06356583660184179
100000,25,0.6792349726775956,0.1638662850762082,0.03777895425893418,0.03777895425893418,0.007479278563003733,0.11700787401574808,0.24239007651222283,0.7656386955724418,0.12129744081465382,0.03623425755685539,0.047380003291722775,0.003948119882231538,0.0047768557352462215,0.028771960802576324,0.8305173117030037,0.07837209494621306,0.019218374435966856,0.027863127118255185,0.0021027016582340144,0.0036320097788732353,0.03453888002624306,0.2943450694006806,0.43282210302208934,0.18512447290972844,0.18512447290972844,0.013021464532905189,0.08067361253298622,0.08242644318336728
100000,26,0.6436141246240039,0.18121941848917367,0.05940860215053767,0.05940860215053767,0.010842551987846422,0.10608436568919555,0.2825231246245445,0.757644963704939,0.1261936530297802,0.03992383933907717,0.047073193860853624,0.0035947978960014643,0.0069406835653842425,0.02809794288058215,0.823894679842935,0.08154410913401056,0.020882787477429776,0.02756756879371361,0.0013324316539941455,0.005370574248471205,0.035392983302516834,0.28607095995792586,0.44018021858476547,0.1947580182851606,0.1947580182851606,0.01316594124162817,0.07254609648826083,0.06446516905048827
100000,27,0.6515243960531067,0.17737066982077782,0.060646403408159855,0.060646403408159855,0.004657886216837291,0.0455923001409555,0.33053596533547003,0.7536062147102442,0.12848529224198874,0.038737889370290435,0.051119089317480174,0.005049190049344961,0.0031333684703418463,0.037197518369108284,0.8295928036907744,0.07867763975866487,0.014901769884847704,0.031788309621050684,0.0037573070942642575,0.0026722296071840512,0.0513614667733886,0.2917728452193744,0.4354660105758372,0.18684543103358286,0.18684543103358286,0.013967566606988085,0.07304286512275304,0.0712272688090182
100000,28,0.6447366168908494,0.17986694221287597,0.06886393567616267,0.06886393567616267,0.0036528769609282252,0.09223053701581307,0.18964484858721897,0.7607190878414057,0.12412676985042836,0.03557190260187615,0.0484295685777774,0.004909023491524868,0.004852315103551996,0.024903587177313835,0.8275437210538721,0.07970200853883469,0.021113777290500013,0.028145474818316057,0.0023828760615912936,0.0034299465440996713,0.04261555846758036,0.28904773065452677,0.4362431185765639,0.18734590956684272,0.18734590956684272,0.012659767927882773,0.07208880914918747,0.07166226913288254
100000,29,0.6518323127649552,0.17662126642771803,0.050606266581884274,0.050606266581884274,0.007683177163106555,0.1135439300239568,0.28467164877677403,0.7636459194954225,0.12261721806523601,0.03159439467133873,0.0497502376198589,0.005672927985157741,0.0032638276683303324,0.025673747663742863,0.8312073185838104,0.07805373500069718,0.021012090998749344,0.027268246426008835,0.0014506710292797112,0.00407891494544288,0.029582110143626217,0.28813073494252783,0.43799573032355005,0.18874565665603094,0.18874565665603094,0.01328190581332827,0.07476859938138936,0.11419778822345206
185026,0,0.6544165607499193,0.1750373181573635,0.04885667182373199,0.04885667182373199,0.0050339556679959915,0.09419197866293716,0.19161133406279024,0.7621560583200926,0.12335089543153499,0.035053438162021555,0.04836476587169211,0.004663155790073356,0.0041757339753409894,0.025497607232540742,0.8318995300145732,0.07762284936157182,0.01893774972020046,0.027698004141714458,0.0025051784192003587,0.0028415399031442856,0.03581120373046098,0.2914071258666016,0.4354350041166579,0.18409338690176047,0.18409338690176047,0.0138069295736847,0.0722234797930501,0.07061655607441464
185026,0,0.6544165607499193,0.1750373181573635,0.04885667182373199,0.04885667182373199,0.0050339556679959915,0.09419197866293716,0.19161133406279024,0.7621560583200926,0.12335089543153499,0.035053438162021555,0.04836476587169211,0.004663155790073356,0.0041757339753409894,0.025497607232540742,0.8318995300145732,0.07762284936157182,0.01893774972020046,0.027698004141714458,0.0025051784192003587,0.0028415399031442856,0.03581120373046098,0.2914071258666016,0.4354350041166579,0.18409338690176047,0.18409338690176047,0.0138069295736847,0.0722234797930501,0.07061655607441464
185026,0,0.6544165607499193,0.1750373181573635,0.04885667182373199,0.04885667182373199,0.0050339556679959915,0.09419197866293716,0.19161133406279024,0.7621560583200926,0.12335089543153499,0.035053438162021555,0.04836476587169211,0.004663155790073356,0.0041757339753409894,0.025497607232540742,0.8318995300145732,0.07762284936157182,0.01893774972020046,0.027698004141714458,0.0025051784192003587,0.0028415399031442856,0.03581120373046098,0.2914071258666016,0.4354350041166579,0.18409338690176047,0.18409338690176047,0.0138069295736847,0.0722234797930501,0.07061655607441464
