,DI,SPD,EOPP,EOD,TI,PP,CAL
DI,0.0,0.020833333333333332,0.4791666666666667,0.4583333333333333,0.7916666666666666,0.6875,0.22916666666666666
SPD,0.020833333333333332,0.0,0.4583333333333333,0.4375,0.7708333333333334,0.6666666666666666,0.25
EOPP,0.4791666666666667,0.4583333333333333,0.0,0.020833333333333332,0.3125,0.25,0.375
EOD,0.4583333333333333,0.4375,0.020833333333333332,0.0,0.3333333333333333,0.2708333333333333,0.3541666666666667
TI,0.7916666666666666,0.7708333333333334,0.3125,0.3333333333333333,0.0,0.10416666666666667,0.6458333333333334
PP,0.6875,0.6666666666666666,0.25,0.2708333333333333,0.10416666666666667,0.0,0.5416666666666666
CAL,0.22916666666666666,0.25,0.375,0.3541666666666667,0.6458333333333334,0.5416666666666666,0.0
