Model,A_SR,A_TPR,A_PPV,Accuracy,AUC,Acc_Drop_pp,DI_RACE,Race_Fair,DI_AGE,Age_Fair,DI_SEX,Sex_Fair,DI_ETH,Eth_Fair,EOPP_RACE,EOPP_AGE,EOPP_SEX,EOPP_ETH,EOD_RACE,EOD_AGE,EOD_SEX,EOD_ETH,SPD_RACE,SPD_AGE,SPD_SEX,SPD_ETH,Total_Fair
Standard,0.0,0.0,0.0,0.8776766508490699,0.952714227897627,0.0,0.6544165607499193,4,0.2914071258666016,2,0.7621560583200926,5,0.8318995300145732,7,0.04885667182373199,0.18409338690176047,0.035053438162021555,0.01893774972020046,0.04885667182373199,0.18409338690176047,0.04836476587169211,0.027698004141714458,0.1750373181573635,0.4354350041166579,0.12335089543153499,0.07762284936157182,18
Standard,0.0,0.0,0.4,0.8775253207657302,0.952714227897627,0.015133008333967357,0.628339593799414,4,0.2671056330487155,2,0.7566587095230352,5,0.8244892592575442,7,0.05876338362097466,0.22616790918669605,0.038942158887543266,0.023504924895172197,0.05876338362097466,0.22616790918669605,0.05101201697603068,0.0304396865184339,0.1919039246039812,0.4568573313309358,0.12650677231036112,0.08107992166042383,18
Standard,0.0,0.0,0.8,0.8765308659323554,0.952714227897627,0.11457849167144651,0.5951988587166396,4,0.24319440099317113,2,0.7516792303992272,5,0.8165473844661387,7,0.08301409919506175,0.2696172315388633,0.04285444118273163,0.02876802113633181,0.08301409919506175,0.2696172315388633,0.05318494907345131,0.03321370020523659,0.21205700303056912,0.478215080665941,0.12923454138965246,0.08471738884100982,18
Standard,0.0,0.4,0.0,0.8768659539740361,0.952714227897627,0.08106968750337673,0.6860887296011912,3,0.34448829399445513,1,0.7861436236554888,5,0.8450292049553869,7,0.03440249071317025,0.1080765862236609,0.020321233609962075,0.01125717140667537,0.03440249071317025,0.1080765862236609,0.0353142403092679,0.023065317528034937,0.15872435938173873,0.3908118990842008,0.10952051083364656,0.07165692137486973,16
Standard,0.0,0.4,0.4,0.8775793672240658,0.952714227897627,0.009728362500405208,0.6536949385987937,4,0.31435513680688987,2,0.7790415841182318,5,0.8386788596608763,7,0.046106594360536435,0.14822716338551012,0.023442432885682818,0.015521231597799945,0.046106594360536435,0.14822716338551012,0.03970123268808709,0.02474977592635369,0.1785726587070769,0.4148563044448878,0.11338557002029814,0.07448999332513262,18
Standard,0.0,0.4,0.8,0.8775145114740631,0.952714227897627,0.016213937500675346,0.6025468211043925,4,0.28696232938535077,2,0.7731753149875513,5,0.8311202230855121,7,0.08792099504557194,0.191613114505224,0.02793189843179411,0.019694767995732,0.08792099504557194,0.191613114505224,0.04171699678045396,0.027661071188826117,0.20844798428586608,0.43733900413254223,0.11650283845030945,0.07788340313223224,18
Standard,0.0,0.8,0.0,0.8729205625155384,0.952714227897627,0.4756088333531472,0.7224437527820116,3,0.40965251930306573,3,0.8144486099010013,7,0.8628626171239822,7,0.009136838273121395,0.038248319661094765,0.007818556965215717,0.004946338236823111,0.0269514075866535,0.07038385121701801,0.017836549682825817,0.014538984908637309,0.1397548013926938,0.3406515227631689,0.09379707132176401,0.06356506327573191,20
Standard,0.0,0.8,0.4,0.8757958340989915,0.952714227897627,0.18808167500783401,0.6697811684675608,3,0.3712688606285922,3,0.8046071430506095,7,0.8530527145781956,7,0.05055425050471685,0.07622126435223597,0.009855428562027702,0.009152142730457613,0.05055425050471685,0.0773822882159809,0.024845242453739272,0.018419664659073035,0.16965044153553366,0.36860481135279644,0.09895627512724353,0.0679469320312221,20
Standard,0.0,0.8,0.8,0.8768227168073676,0.952714227897627,0.08539340417023089,0.6191754451423196,4,0.339488494237004,1,0.7971950977013851,5,0.8450603550641957,7,0.09224999937457634,0.11447520110751463,0.012789513760532722,0.012578469714141116,0.09224999937457634,0.11447520110751463,0.029399861819602746,0.021946115605111907,0.1995460816783735,0.39311797443441354,0.10288344431230634,0.07154218629598036,17
Standard,0.0,1.0,0.0,0.868726557348697,0.952714227897627,0.8950093500372902,0.7561105564394964,3,0.45791292609530715,3,0.8354134119491109,7,0.8761755635004675,7,0.005014403072655438,0.0007791798893140855,8.065789763256337e-05,0.0009624633461436938,0.0431605943901026,0.0735131175282777,0.004861695006064856,0.008102006408609239,0.12277134072241747,0.3075254336625099,0.08259771117428671,0.05761828850066447,20
Standard,0.0,1.0,0.4,0.873255650557219,0.952714227897627,0.4421000291850885,0.6977642216870569,3,0.40713713773483434,3,0.8200733674060628,7,0.8629554299865753,7,0.035420783294968006,0.04543053497593941,0.004220223074500429,0.006045471716842332,0.035420783294968006,0.06357799790285658,0.014620668467620834,0.013494966806414127,0.15513056139995113,0.34160200613691977,0.09050028803145743,0.06345880068532794,20
Standard,0.0,1.0,0.8,0.8756445040156519,0.952714227897627,0.20321468334180137,0.6327860760103283,3,0.36934983488908363,3,0.8107073264462212,7,0.8535198471185113,7,0.09575344438714373,0.08255320830334589,0.0058787363851796615,0.008595897967142885,0.09575344438714373,0.08255320830334589,0.021683277654779606,0.01842438611232569,0.19235090565358565,0.3694435333098557,0.09540654271536525,0.06769386545982758,20
Standard,0.3,0.0,0.0,0.8744176494114341,0.952714227897627,0.32590014376358,0.7023022667955151,3,0.36986155782593677,3,0.7932292374937542,5,0.8524820088223005,7,0.03992124380473894,0.09090137307198398,0.017319760375704374,0.008510892540513848,0.03992124380473894,0.09090137307198398,0.02674910396370357,0.017006148371721,0.1458604497389791,0.3600677562952541,0.10292371013291163,0.06650124042566202,18
Standard,0.3,0.0,0.4,0.8758552852031606,0.952714227897627,0.18213656459092897,0.6618069546687331,4,0.3382690201806343,1,0.7852631727551248,5,0.8441293437440561,7,0.04723755209192104,0.1298329452605732,0.020375364170690857,0.013443818276848929,0.04723755209192104,0.1298329452605732,0.031609459850661464,0.01953011581123011,0.16938125840173984,0.38407070376737196,0.10716112341884249,0.07020398022626889,17
Standard,0.3,0.0,0.8,0.8763795358490158,0.952714227897627,0.12971150000540277,0.6187451378776784,4,0.30787757640883906,2,0.7782559124595467,5,0.8359155290091579,7,0.08687349965315783,0.17616087379873846,0.02367264614358222,0.01793938170772036,0.08687349965315783,0.17616087379873846,0.035821207004493025,0.022600742379817296,0.1947180071691612,0.4082656360528528,0.1109880580232101,0.07391690810541518,18
Standard,0.3,0.4,0.0,0.8683049949736794,0.952714227897627,0.9371655875390461,0.7261433771166323,3,0.44702689583733196,3,0.8246942345657068,7,0.8724329352804643,7,0.027377153590745773,0.042492965055466514,0.006555221521569177,0.0005833191022516226,0.028580812488337423,0.04407767865948932,0.006555221521569177,0.008903357665489664,0.13348160337335768,0.30469733058927967,0.08604200118282562,0.057675406486384695,20
Standard,0.3,0.4,0.4,0.8718612519321609,0.952714227897627,0.5815398916908965,0.6873817120649072,3,0.40005276244073273,3,0.813185735412843,7,0.8600835533911922,7,0.04932607845229209,0.07691720644059663,0.008316188287792015,0.006185110383796988,0.04932607845229209,0.07691720644059663,0.014593129500946475,0.013375705643676114,0.15585697382610925,0.33647530218678107,0.09185293937123978,0.06307237460116583,20
Standard,0.3,0.4,0.8,0.8741095845989212,0.952714227897627,0.3567066250148687,0.640594405961227,3,0.36531320397306605,1,0.8038363562946155,7,0.8517655488512765,7,0.07858181060525649,0.11445713559967818,0.010128268530531725,0.009479796333226487,0.07858181060525649,0.11445713559967818,0.021592122538434677,0.016847056686501355,0.1828140971188975,0.3618582460699923,0.09678231324075809,0.06676022813286708,18
Standard,0.3,0.8,0.0,0.8557500027023229,0.952714227897627,2.192664814674694,0.8166279526401454,5,0.5730981825061243,3,0.8765057726457307,7,0.9060761710617151,7,0.03805899925771139,0.07715472130501655,0.0061654319368974475,0.010391131283963517,0.057058332492800276,0.07715472130501655,0.028191880480046352,0.010391131283963517,0.08925146107195892,0.22621144385263464,0.05965317371027856,0.042925382163782944,22
Standard,0.3,0.8,0.4,0.8637813064109909,0.952714227897627,1.3895344438078938,0.7568939481144314,3,0.49621743514651806,3,0.8520079834908997,7,0.8887283822620277,7,0.020807671293108232,0.05796082972204242,0.0032951301990485904,0.0034596441806167277,0.04737824205037321,0.05796082972204242,0.010481283474125927,0.0034596441806167277,0.12089700382617236,0.2723379110931029,0.07178549569457532,0.05045287311957991,20
Standard,0.3,0.8,0.8,0.8683752553695157,0.952714227897627,0.930139547955422,0.6950036678487947,3,0.4391383577860219,3,0.8358500265408644,7,0.873855692031537,7,0.07779234717235206,0.06153925583151265,0.0011768221022266934,0.0006569396635066616,0.07779234717235206,0.06153925583151265,0.0013654734682666814,0.0075640445964051395,0.15470389491439746,0.3084498525469241,0.07982150198641447,0.056930749923095714,20
Standard,0.3,1.0,0.0,0.843297698701804,0.952714227897627,3.437895214726583,0.8969132809629801,4,0.6920746689157338,1,0.9232095395483265,6,0.9379140896908318,7,0.042682131429757963,0.1204406201937066,0.012994859520232493,0.015574237084646558,0.14147432259307713,0.13120459082586144,0.0614135171901006,0.0235789375437703,0.05027263466703252,0.1595939304254974,0.03678196623789426,0.028781832438563804,18
Standard,0.3,1.0,0.4,0.8563228951606802,0.952714227897627,2.135375568838971,0.8334376274706122,5,0.5660945768014499,3,0.8815419509071475,7,0.9055857354002351,7,0.02423789802430576,0.07548894563816733,0.010043574287393331,0.008836556144087182,0.09736553101868092,0.07548894563816733,0.0301063297334538,0.008836556144087182,0.08280295139689009,0.2295559326368376,0.056942894010015344,0.04309470913954372,22
Standard,0.3,1.0,0.8,0.8634786462443116,0.952714227897627,1.4198004604758285,0.7354109727705234,3,0.4916965988912641,3,0.8577142695481403,7,0.888265102759924,7,0.07498544549646669,0.06591194339279982,0.007239774040317726,0.0035365767027077943,0.07498544549646669,0.06591194339279982,0.012670407546212514,0.0035365767027077943,0.13441364770010028,0.27448691380627127,0.06871981596448046,0.050652122159750734,20
Standard,0.5,0.0,0.0,0.8674510609319771,0.952714227897627,1.022558991709277,0.7258281739662157,3,0.4406068643593505,3,0.8189613400412731,7,0.8717012912787016,7,0.037971737000863204,0.06621624020917005,0.008824118396358549,0.0002163924184322985,0.037971737000863204,0.06621624020917005,0.008824118396358549,0.008509054109621939,0.1305100980969074,0.3022097286495715,0.0874496797312902,0.05686694730523789,20
Standard,0.5,0.0,0.4,0.870574946223774,0.952714227897627,0.7101704625295913,0.6994042766617821,3,0.3967315496095199,1,0.8076363159745628,7,0.8602113989572545,7,0.052009479193945274,0.10249083442699292,0.011557287020959706,0.005498019645008623,0.052009479193945274,0.10249083442699292,0.015194825552838492,0.01231466984980538,0.1466833411842554,0.3319239500086355,0.09324335795906785,0.06187335311873993,18
Standard,0.5,0.0,0.8,0.8725584512446899,0.952714227897627,0.511819960437998,0.6555416183196018,3,0.3621127053685792,1,0.7983884101665422,6,0.8505669991139984,7,0.07007232249950701,0.13938196237810996,0.013703739824169059,0.01046037196519245,0.07007232249950701,0.13938196237810996,0.021720258831974038,0.015560948672321356,0.17195405245838974,0.3566916947681701,0.0980261441674739,0.06608432883501392,17
Standard,0.5,0.4,0.0,0.8553716774939738,0.952714227897627,2.230497335509607,0.7997362766513735,4,0.561432524072026,3,0.866245736547093,7,0.9017247766595303,7,0.0308612656503352,0.0850343708602811,0.0018365549006489346,0.009857256369761647,0.0492938769549921,0.0850343708602811,0.024012031534066933,0.009857256369761647,0.09531138648900783,0.22701099510089773,0.06354672882453777,0.0439178010700384,21
Standard,0.5,0.4,0.4,0.8623815031400992,0.952714227897627,1.5295147708970669,0.7505252053710039,3,0.4906429402388359,3,0.8460021949965894,7,0.8856481237014882,7,0.03423760705314094,0.08390315211693544,0.0004146836261340603,0.003674281824344705,0.049766371434549136,0.08390315211693544,0.008995913557275761,0.003674281824344705,0.12138212774380025,0.2690107819278926,0.0734004835691171,0.05077879704038063,20
Standard,0.5,0.4,0.8,0.8673321587236389,0.952714227897627,1.0344492125430982,0.691876562513717,3,0.43380406022511697,3,0.8293229494458527,7,0.873177720345008,7,0.08007203152834219,0.08844227296145468,0.0024688278088653703,0.0011838472282792445,0.08007203152834219,0.08844227296145468,0.002673124164219401,0.006339674905852341,0.15324355064135808,0.3054635949930683,0.0818132001425676,0.05617194679222948,20
Standard,0.5,0.8,0.0,0.8237382854301558,0.952714227897627,5.393836541891406,0.9600017371225142,4,0.8256981128418734,3,0.9798545915165412,5,0.9837738110158035,7,0.05796534294841893,0.16533360081400872,0.014059596501598715,0.021917611210611088,0.1411066207409437,0.22256557441452515,0.10541427327024612,0.05096043013159837,0.019091610729701003,0.0861550961004709,0.009405723265824284,0.007512607624545642,19
Standard,0.5,0.8,0.4,0.8457568125560732,0.952714227897627,3.1919838292996716,0.8595936415506477,4,0.6488283596458614,1,0.9087541004964735,6,0.9270841491078053,7,0.01422525694370358,0.11853765423062257,0.011701248830966127,0.014735003144951464,0.1363234857985039,0.11853765423062257,0.05141022286829648,0.0173947388124778,0.06841180238767502,0.17761876063366488,0.04279021594037424,0.03287487162039865,18
Standard,0.5,0.8,0.8,0.8559067374314961,0.952714227897627,2.1769913417573727,0.8121135216437432,4,0.5490803144409654,1,0.8754390563160136,7,0.9026127625933325,7,0.05929981848416588,0.10207344298608556,0.0087176887600382,0.008021192785758968,0.1163964232199313,0.10207344298608556,0.027344882316836475,0.008021192785758968,0.09338755402777205,0.23283602621421196,0.05866680380016859,0.04340789362913006,19
Standard,0.5,1.0,0.0,0.7906456389912769,0.952714227897627,8.703101185779294,0.9156113468809532,4,0.7412929340607638,1,0.9179124450874699,5,0.9548943712175524,6,0.06045238506230821,0.19642948721424303,0.017989705252124732,0.026153566779527293,0.1395030329649458,0.3888408272467788,0.1872210923705694,0.09255494855957788,0.04207036274197162,0.1429326965537261,0.04131454666055007,0.022763771371557717,16
Standard,0.5,1.0,0.4,0.8262676596802612,0.952714227897627,5.14089911688087,0.9018418891007467,4,0.8282347299885964,3,0.9778464788845099,5,0.9807135818851028,7,0.01133019584656314,0.16266143272047728,0.018039739302618707,0.020107662249621128,0.12844593465520332,0.20609718128037136,0.10099759294050933,0.05045355728729822,0.048000464748713056,0.08489911375929404,0.010301503223673847,0.008889420639551393,19
Standard,0.5,1.0,0.8,0.8462216120977593,0.952714227897627,3.1455038751310616,0.8429769931041665,4,0.6385009611188228,1,0.9118661907798957,6,0.9261419083277882,7,0.04943956673503436,0.1149905207017391,0.014031138584709502,0.01366730506593572,0.13723208593103814,0.1149905207017391,0.05259814050950899,0.017627456782579015,0.07812167473169074,0.1826279575903596,0.041156734100897874,0.03323757056533283,18
Standard,0.6,0.0,0.0,0.8615708062650654,0.952714227897627,1.6105844584004436,0.7495550435956707,3,0.4916964802024734,3,0.8364764948137503,7,0.8858456411612551,7,0.02863149455152425,0.08744583771931791,0.005373009367430681,0.005326602149293147,0.03391742045413851,0.08744583771931791,0.005405757431776709,0.005326602149293147,0.11778839040250244,0.26580027537994716,0.07772385253064329,0.050209327191690134,20
Standard,0.6,0.0,0.4,0.8667754802027823,0.952714227897627,1.0901170646287595,0.7083669804490959,3,0.4345971391078179,3,0.8202274734106104,7,0.8719234992700762,7,0.0437943933089564,0.09362192024550187,0.008071358539810225,0.0003076924524457736,0.0437943933089564,0.09362192024550187,0.008071358539810225,0.007252641575678884,0.14050916908460515,0.30211201700835166,0.08589223084464093,0.05619743505515168,20
Standard,0.6,0.0,0.8,0.8696669657237361,0.952714227897627,0.8009685125333732,0.6747912620165712,3,0.3929531422584987,1,0.8104716511185144,7,0.8602523291829781,7,0.06917354490170025,0.12247666624331455,0.009138659600368748,0.005616177611427076,0.06917354490170025,0.12247666624331455,0.013235400368045686,0.011498239987290215,0.16042095900266284,0.3303355327932955,0.0907991988134711,0.06125922446333276,18
Standard,0.6,0.4,0.0,0.8455244127852302,0.952714227897627,3.215223806383971,0.8366946929052262,5,0.6486554234002474,1,0.8962595740870075,6,0.9244028334267449,7,0.05380145048270202,0.12425996952889062,0.0049818890805141125,0.01673345630869727,0.0605883831807076,0.12425996952889062,0.04622948273499933,0.01673345630869727,0.07675582112316859,0.1755880946393552,0.04847529135038009,0.03370171111635939,19
Standard,0.6,0.4,0.4,0.8553824867856409,0.952714227897627,2.229416406342899,0.7834206051745167,3,0.5496778478415564,1,0.8663162348100301,7,0.9024571613007282,7,0.015870860531054687,0.11102989779345451,0.003202223470380794,0.010035951711234614,0.05490330183778831,0.11102989779345451,0.024112664381332624,0.010035951711234614,0.104058352645308,0.2301761409106705,0.06273500731255838,0.04304962055401723,18
Standard,0.6,0.4,0.8,0.8615437830358976,0.952714227897627,1.6132867813172247,0.7254162926280692,3,0.48288232494643896,1,0.8469387666986514,7,0.8851447134706585,7,0.06812281569563128,0.10570802733640672,0.001935644440012485,0.0038389154457338925,0.06812281569563128,0.10570802733640672,0.009564569420432684,0.0038389154457338925,0.13503339350486993,0.2697049643891877,0.0720991428349182,0.050444956141504294,18
Standard,0.6,0.8,0.0,0.7885810642828576,0.952714227897627,8.90955865662123,0.9361937557983713,4,0.7528892642487823,1,0.9180006334475919,5,0.9518855059029142,6,0.07918221738084696,0.2060514466547746,0.014020627452616341,0.027374913496193365,0.14098390332498428,0.39269246317573514,0.18892563470396145,0.09335793292502045,0.03149295015822284,0.1363779605772622,0.04087126731209656,0.024102822604383345,16
Standard,0.6,0.8,0.4,0.8286673224303611,0.952714227897627,4.900932841870875,0.9036777805099587,4,0.799017991459673,2,0.9621590948376589,6,0.9704453204974266,7,0.00872824635317182,0.16655068126243655,0.014890795239004273,0.02057293158872031,0.12953492678329753,0.1862145555707041,0.09069688807953839,0.0427196878328098,0.046557888139156844,0.09793842528469143,0.01744341195920157,0.013405767860294793,19
Standard,0.6,0.8,0.8,0.8462810632019284,0.952714227897627,3.1395587647141454,0.8367999555676437,4,0.6296987272252244,1,0.9056455302558416,6,0.9230111746013694,7,0.0459257575578883,0.12889156591297557,0.012329945476899806,0.013711282636810096,0.14334804048891048,0.12889156591297557,0.04902153186484266,0.015733097853087283,0.08022246474083056,0.184875086807455,0.04370011003463253,0.034248772832558894,18
Standard,0.6,1.0,0.0,0.7803443840325144,0.952714227897627,9.733226681655548,0.9204885026584472,4,0.7406896270569846,1,0.9003149971839853,5,0.9484409658957332,6,0.06959036175580391,0.23008383350412343,0.015857208896527974,0.03083730980335697,0.1219648092971356,0.41083176023061113,0.20158750136982206,0.09197130763181363,0.039428924505805485,0.1455132781543243,0.05007007719981332,0.025920944721954053,16
Standard,0.6,1.0,0.4,0.7885864689286911,0.952714227897627,8.909018192037877,0.8937202445407795,4,0.7717577632138924,1,0.9101123080340535,5,0.9524655617238567,6,0.023558965306538227,0.20431985628335603,0.018631611595209208,0.024624889856131982,0.13949054747010164,0.39262903878945116,0.19278916915351357,0.09491455265417478,0.05261135788156773,0.12575698641718575,0.04502401175333365,0.023847890916335657,16
Standard,0.6,1.0,0.8,0.8301373860970891,0.952714227897627,4.753926475198078,0.881404008253384,4,0.7777121166782129,1,0.9641278815415716,6,0.9686570218348884,7,0.0373038447834122,0.16429317327868054,0.018559534249684262,0.019627898377374442,0.13260111612754627,0.17405695739832672,0.08981818795869036,0.04241583747837391,0.05858368557372451,0.1081133039619876,0.01643700403800863,0.014156970398443103,18
Standard,0.7,0.0,0.0,0.8544096505356004,0.952714227897627,2.326700031346951,0.7832238584125518,3,0.5516345531751142,1,0.8565798811803843,7,0.9019562209782802,7,0.03212788314568549,0.11473401839083974,0.0030426329872015323,0.01179486636661431,0.04143890729698116,0.11473401839083974,0.020848821745062196,0.01179486636661431,0.10068049544735463,0.22663129366866291,0.06706311482040245,0.0428313945614639,18
Standard,0.7,0.0,0.4,0.8609979138067082,0.952714227897627,1.6678737042361669,0.7378310284436236,3,0.48425736920783297,1,0.8367715379039509,7,0.8851435720188681,7,0.03990831175297194,0.11076964280589852,0.0046330062030136565,0.004823908593644455,0.04156590511984892,0.11076964280589852,0.0063306367375843275,0.004823908593644455,0.1247625924828108,0.26618428939154803,0.0766622644551736,0.049938506613357636,18
Standard,0.7,0.0,0.8,0.8650027563693751,0.952714227897627,1.2673894479694803,0.6976371535314992,3,0.43073468481919264,1,0.8239841213512776,7,0.871124692068484,7,0.06827476730389359,0.11710472707156305,0.005192030323037611,0.0017219750012820167,0.06827476730389359,0.11710472707156305,0.005192030323037611,0.006328217340590386,0.147310667050238,0.2999110930498018,0.08293003440556801,0.05592539153137466,18
Standard,0.7,0.4,0.0,0.8285808480970241,0.952714227897627,4.909580275204572,0.9283148363514465,4,0.7958959678613777,2,0.9480437393834464,6,0.9647744962868526,7,0.07777876654290428,0.17386032086837233,0.008229083916385771,0.0247727284488497,0.1094803096975436,0.18092026841197179,0.08413243386419739,0.0354499585224525,0.03320402554387469,0.09795902077241364,0.023818422807223183,0.015769306901477098,19
Standard,0.7,0.4,0.4,0.8459405705144142,0.952714227897627,3.173608033465569,0.8206170089112748,5,0.6301164176180859,1,0.8940320781790968,7,0.9214079409832749,7,0.013015414283729876,0.13665679761944804,0.005901425566273599,0.015860524108393337,0.07324060120946436,0.13665679761944804,0.04443854679497819,0.015860524108393337,0.08535039772884384,0.18254861343692214,0.04892737274294545,0.03459695535925161,20
Standard,0.7,0.4,0.8,0.8545663852647736,0.952714227897627,2.3110265584296297,0.7807078651685393,3,0.5407915882417131,1,0.8666743648012403,7,0.9019109198905977,7,0.05766725184200916,0.13086173259637868,0.004844476378231155,0.009334963909506389,0.08549096451846722,0.13086173259637868,0.023844115055756787,0.009334963909506389,0.10651683937886675,0.2315617838628774,0.06180455587139533,0.04278036603913998,18
Standard,0.7,0.8,0.0,0.778096051365754,0.952714227897627,9.958059948331588,0.9320853562676285,4,0.7512398311221861,1,0.9002991141699672,5,0.9444622268517112,6,0.09471309669443895,0.24002305394253864,0.01185826107854615,0.03301681055348793,0.12386746061893855,0.41418159870495025,0.20310212500069108,0.09282102728799249,0.033361483033408024,0.13939049849786006,0.049561567058468425,0.02771627945587629,16
Standard,0.7,0.8,0.4,0.7948936906164539,0.952714227897627,8.2782960232616,0.904585736268932,4,0.8408287859621039,3,0.9358205005218443,5,0.9571930047975572,6,0.022105333506307723,0.21122481931499648,0.015012294370426504,0.02570170994091625,0.142039283128168,0.3488200491793713,0.17101221176990816,0.09017950736705135,0.04681345092306488,0.08154995455280017,0.030980864614573667,0.020824842043861147,18
Standard,0.7,0.8,0.8,0.8312021013263001,0.952714227897627,4.647454952276975,0.879729411471949,4,0.7571151217714097,1,0.9508382492723009,6,0.9608192267465082,7,0.043191047649068004,0.16788166510335056,0.01444469677649829,0.02028697387926115,0.14734080429228874,0.16788166510335056,0.08228682225936564,0.036371267685904485,0.05871506171955754,0.11637570028130545,0.0223351847329194,0.01743350768945562,18
Standard,0.7,1.0,0.0,0.7637250980943219,0.952714227897627,11.3951552754748,0.9099768155155321,5,0.725967710689584,1,0.8692219031902763,5,0.9409099623379262,6,0.09717440708937453,0.26858430792086185,0.01357454314651707,0.03944951353222981,0.09717440708937453,0.4434997090139172,0.22791210013657043,0.08826764228793355,0.04487935150601652,0.15870137441546228,0.06625236041259674,0.029777069142730317,17
Standard,0.7,1.0,0.4,0.7777231308032385,0.952714227897627,9.995352004583136,0.8994468868358207,4,0.7687573532797521,1,0.8913957000729006,5,0.9443173103755259,6,0.04686252259067791,0.23884060862697465,0.015646933168139476,0.02991214835702749,0.12493018185542293,0.41321308773204946,0.2086844570084522,0.09521691643744207,0.04961660986756772,0.12919273291303596,0.054291490942707354,0.027853432067750095,16
Standard,0.7,1.0,0.8,0.7991255283041302,0.952714227897627,7.855112254493967,0.8992530549080127,4,0.9028114862729134,3,0.9422552476033671,5,0.9576909689958881,6,0.028341344117782663,0.2087211640469827,0.018544579775388148,0.023533104789217663,0.13947038852815138,0.3200821903243273,0.1627150715196786,0.0919081629178558,0.049565617874559875,0.04746231815180002,0.027542511687359883,0.02037886941524969,18
Standard,0.8,0.0,0.0,0.8448055948893669,0.952714227897627,3.2871055959702966,0.8395303428145334,5,0.6323098030859182,1,0.882765500383745,7,0.9222427786329968,7,0.05629885676117008,0.14539403920557226,0.00034642851046118306,0.019240667115475008,0.06050633711748847,0.14539403920557226,0.039854606226334466,0.019240667115475008,0.07328906496730991,0.17897119071618856,0.05388401897531642,0.0338058016052461,20
Standard,0.8,0.0,0.4,0.8539880881605828,0.952714227897627,2.368856268848707,0.7920172740937114,4,0.5423859625830977,1,0.8571092174771228,7,0.9011588913277385,7,0.022656518783932378,0.13474179851738843,0.001177767042384592,0.010763581038836123,0.05947695552920912,0.13474179851738843,0.0207694318734441,0.010763581038836123,0.09773688479616793,0.22840301075492497,0.06602167808165776,0.042691954985793534,19
Standard,0.8,0.0,0.8,0.859727822035822,0.952714227897627,1.7948828813247886,0.7645073132481062,3,0.476734902335165,1,0.8385476580441407,7,0.8841950344614512,7,0.06364185975836456,0.1314889147362971,0.003251723116515781,0.004320979813504655,0.08193445206137863,0.1314889147362971,0.007742401280072836,0.004320979813504655,0.11334883951082042,0.2667867971584723,0.07490010493399762,0.04981047806167127,18
Standard,0.8,0.4,0.0,0.7927804740955325,0.952714227897627,8.489617675353733,0.9430393505671507,4,0.8370739459685217,3,0.9441209900751001,5,0.9532124586572531,6,0.0925666424717031,0.22164533146819787,0.00836079512580612,0.030102877783470205,0.14544000776803095,0.35275955366497236,0.16744339186110863,0.08936049052048772,0.027578344135259725,0.08352051890009926,0.026577259463482827,0.02256371976425875,18
Standard,0.8,0.4,0.4,0.8306832553262785,0.952714227897627,4.699339552279136,0.888745940437618,4,0.7578644695304578,1,0.9370507234958503,6,0.9565326603479051,7,0.021692553848089213,0.17522513017091657,0.0077788553221783685,0.02254635686660278,0.14699003855412257,0.17522513017091657,0.07601494958471422,0.031586296463664315,0.05238225981295175,0.11434924330165391,0.028485027718500477,0.019112726940778757,18
Standard,0.8,0.4,0.8,0.8449082831602045,0.952714227897627,3.2768367688865374,0.8262514167918918,4,0.6176635256727764,1,0.8942216797030886,7,0.9231646441284975,7,0.04347755804066489,0.1587253277361107,0.0076864405286490856,0.01603603451025548,0.15529267583275053,0.1587253277361107,0.043622533077311995,0.01603603451025548,0.08358476378846946,0.18562279591807268,0.04814298685996515,0.033328948355658417,19
Standard,0.8,0.8,0.0,0.7603796223233491,0.952714227897627,11.729702852572077,0.9365703276953454,3,0.7299434067757911,1,0.8688201534433947,5,0.9366971851235298,6,0.12374705291406363,0.2823269951257069,0.009989312779901005,0.04209710631535413,0.12374705291406363,0.44554770815124645,0.22840187762187958,0.0885695047105588,0.031199377102709924,0.15613384229165322,0.06566997037984307,0.0316189278000224,15
Standard,0.8,0.8,0.4,0.7750045939489585,0.952714227897627,10.267205690011139,0.9205369736984118,4,0.7830689027066421,1,0.8920912312465897,5,0.9410376549363838,6,0.05657126045475558,0.2494744619210535,0.011924116683256325,0.031956931336559635,0.1256777430229936,0.41630784473680815,0.20904031370296555,0.09542566770993735,0.03879661622131392,0.12109835356315435,0.05341149293259995,0.029283366977464365,16
Standard,0.8,0.8,0.8,0.8006172105541924,0.952714227897627,7.7059440294877435,0.9103333317588469,4,0.9505961017485145,3,0.956013400469699,5,0.9536733354426641,6,0.02424964341913083,0.21674071905311842,0.014271225936393295,0.025089001890734486,0.16088405009476697,0.3016645134802389,0.15324794610253745,0.09371044475354187,0.04371313518443537,0.023230039155333282,0.020495270992091308,0.021976688031215164,18
Standard,0.8,1.0,0.0,0.7429064023434544,0.952714227897627,13.477024850561548,0.8966587584958718,3,0.6869486247646893,1,0.8338817359626871,5,0.9105138957159508,5,0.18905043176887837,0.3176081950295584,0.01386692957379232,0.05064158891321102,0.18905043176887837,0.45475917119083825,0.25414753204140395,0.10252072076070404,0.05270539801463875,0.18195066644233732,0.08458672309766102,0.04576375246716535,14
Standard,0.8,1.0,0.4,0.7608660404483694,0.952714227897627,11.681061040070052,0.9171078997144168,5,0.7394341946992058,1,0.8615468841126781,5,0.9357851090802475,6,0.09376060832371513,0.2783933231040048,0.013192314852659037,0.03507060733552281,0.09376060832371513,0.4408721590949012,0.2337422855084308,0.09482627815965083,0.04112990685311185,0.1494864608993855,0.06978959643990418,0.03222783095613424,17
Standard,0.8,1.0,0.8,0.7741452552614227,0.952714227897627,10.353139558764713,0.9352799927509967,4,0.7933418218872518,1,0.881975402611878,5,0.9405956673909662,6,0.02755093050523061,0.24858951295022147,0.016187518568228976,0.028828398558732538,0.14132735475965022,0.41525418466718483,0.21530211989605433,0.09803330339307112,0.0318779777512469,0.11509649890151002,0.05881638509457998,0.029599005289605962,16
Standard,0.9,0.0,0.0,0.8298401305762433,0.952714227897627,4.783652027282659,0.8965682212273552,5,0.7580582927954708,1,0.9220370824188306,6,0.9536129108647687,7,0.08609118391996295,0.18192775491540925,0.0006844481152479265,0.02599338831000131,0.08609118391996295,0.18192775491540925,0.06902930777784479,0.027011993481080354,0.046502098888629606,0.11244821224137458,0.03512370016858157,0.020122064091351644,19
Standard,0.9,0.0,0.4,0.8439948980143331,0.952714227897627,3.3681752834736733,0.8378345597153716,5,0.6183063518567121,1,0.8805431590221423,7,0.919680205620624,7,0.022765780959457138,0.16659761612097912,0.0001281084038746716,0.0165646451003445,0.0887949164560316,0.16659761612097912,0.03821072030522338,0.0165646451003445,0.07529584840123027,0.18279779042600303,0.05419421301668892,0.034439849906269304,20
Standard,0.9,0.0,0.8,0.8524855966188536,0.952714227897627,2.519105423021628,0.8003897746075985,5,0.5338678701538299,1,0.8576415097129197,7,0.9006991719273256,7,0.03780685334083389,0.15855474536518455,0.00015314577895642056,0.009909560887624291,0.08950519033828429,0.15855474536518455,0.021089304626013064,0.009909560887624291,0.09492280223098787,0.22923885252612897,0.06492602892169819,0.04235762144230748,20
Standard,0.9,0.4,0.0,0.7720050155113335,0.952714227897627,10.567163533773638,0.9387663112937454,3,0.7720574005065395,1,0.8996544157775099,5,0.936355322524529,6,0.11792167765089423,0.2638744937295662,0.005166347061892895,0.03785595698967226,0.1293580323120571,0.42014884089979154,0.2048445880258765,0.0937490946823056,0.02944419305462337,0.12744180097604263,0.04885095679724427,0.03128981035533823,15
Standard,0.9,0.4,0.4,0.8020224184709176,0.952714227897627,7.565423237815228,0.9501150489297008,4,0.9787324038951001,3,0.9782903442885746,5,0.9688131765740229,6,0.03540720266552011,0.22574038108767047,0.006768816927366417,0.028969378005286872,0.15700887904001593,0.28601252737697724,0.13968031010645393,0.07789472930229313,0.023185792734865374,0.009673291479662782,0.009836073177337368,0.014342221516339182,18
Standard,0.9,0.4,0.8,0.8309913201387913,0.952714227897627,4.668533071027858,0.8565838766599336,4,0.7293230807997855,1,0.9287313879744282,6,0.9514351898076491,7,0.02725775284183607,0.1933502503122756,0.007083497925894466,0.02129373940607704,0.17547058565217294,0.1933502503122756,0.06994940958975623,0.029121959605524203,0.06845409280792858,0.12561582987199948,0.031835757158785616,0.0209940723707987,18
Standard,0.9,0.8,0.0,0.7386475414266103,0.952714227897627,13.90291094224596,0.8856391177872707,3,0.6678550602174232,1,0.8353897515317935,5,0.9060833828536728,5,0.21175911467173603,0.33360105257260386,0.006028509400201831,0.05354763225379411,0.21175911467173603,0.4567239296922871,0.2555213758920991,0.10231225795490173,0.05752104856935775,0.1927778104447772,0.08265984834066553,0.04755694036339653,14
Standard,0.9,0.8,0.4,0.7572881649065537,0.952714227897627,12.038848594251617,0.9489324575437174,5,0.7228003341360179,1,0.8618357369451547,5,0.9326534705934496,6,0.09779864148796191,0.2917849238493361,0.009427324662190872,0.03695786988227956,0.09779864148796191,0.44285218528308734,0.23362705644050125,0.09464154243055942,0.025018292005212606,0.15873730596505836,0.06885278731703148,0.03349916367805006,17
Standard,0.9,0.8,0.8,0.7708322073654513,0.952714227897627,10.684444348361854,0.9400751977731907,4,0.7774778633703657,1,0.8824593527592614,5,0.9374514918290671,6,0.02193922582272101,0.26076464050055037,0.0120476207157999,0.03061509322652256,0.13780577212872652,0.4179735478114017,0.21579760462174832,0.09806891843103632,0.02909694425295528,0.12381459624011776,0.05795025859583891,0.030912594992162534,16
Standard,0.9,1.0,0.0,0.7212607957800525,0.952714227897627,15.641585506901734,0.8674460465482329,3,0.5842479279460027,1,0.814453926156999,5,0.9105418846587415,6,0.21639202221726495,0.3686886759887297,0.003991009612835494,0.056443885551053286,0.21639202221726495,0.462963143041606,0.27959261993415796,0.09192607181490944,0.06578571857651783,0.2597426766640699,0.09413090740634233,0.04523395211329412,15
Standard,0.9,1.0,0.4,0.7387340157599472,0.952714227897627,13.894263508912264,0.9167240712943028,3,0.6750402423426469,1,0.8231986976485599,5,0.9162378303303617,5,0.1777090223692166,0.3261078200144222,0.012245674156416309,0.042355975572407,0.1777090223692166,0.45836717641526725,0.26437879451897695,0.10171737696391878,0.041928636646516915,0.18875532307199633,0.09005213253596217,0.04248110984942388,14
Standard,0.9,1.0,0.8,0.7561099521148379,0.952714227897627,12.156669873423198,0.9215472583609752,4,0.7279470827281483,1,0.8514369276058534,5,0.9295405178214745,5,0.056293221341765065,0.2902556717650653,0.012376344869932554,0.03304336269405439,0.10714070243552734,0.43952090688077206,0.2417497622188895,0.10027707198211139,0.039217902624957,0.15489125179093577,0.07465112761832982,0.03528118760701554,15
Standard,1.0,0.0,0.0,0.802471004075103,0.952714227897627,7.52056467739669,0.9846660242414808,3,0.9977032911554223,3,0.9993373775836143,5,0.9824536480654914,6,0.10773120217518806,0.23730849377655605,0.0012279798175151013,0.03351034917193918,0.11805656963151534,0.27145391320043694,0.12717637069421234,0.0632839207952006,0.006802150158586262,0.0010120782289660402,0.00029181440830083893,0.007823732524770532,17
Standard,1.0,0.0,0.4,0.8299590327845816,0.952714227897627,4.7717618064488265,0.8703267801626816,4,0.7300611576305239,1,0.9141955286937972,6,0.9466981127545046,7,0.03367352810100266,0.20055091488127907,2.9747919464306882e-05,0.02303765144340808,0.11825171130022688,0.20055091488127907,0.06353523863780039,0.024449584398662502,0.05937500524048017,0.12326122222766223,0.0381493712933183,0.022742725723085833,18
Standard,1.0,0.0,0.8,0.8425194297017716,0.952714227897627,3.5157221147298245,0.8138629333975667,4,0.6080719968023913,1,0.87975220635399,7,0.9184505727528407,7,0.03302199418704277,0.18939842201289303,0.00016994943389869732,0.015423110053541689,0.10822391033764052,0.18939842201289303,0.03802141610563274,0.015423110053541689,0.08761565994990406,0.18450096760355594,0.053819363111957896,0.03449000800165303,19
Standard,1.0,0.4,0.0,0.7523969604271832,0.952714227897627,12.52796904218867,0.9423899906774008,3,0.6936888516528515,1,0.8689601823695384,5,0.9268196356376027,6,0.16490636692073168,0.31253180941640424,0.001748187069930518,0.048109966508737,0.16490636692073168,0.44988506284900276,0.2286920366712404,0.08935216553762002,0.027616344998852516,0.17653718094633242,0.06393801006689892,0.035898438988839876,15
Standard,1.0,0.4,0.4,0.7686433258028601,0.952714227897627,10.903332504620977,0.9697889676067885,4,0.7605611014415695,1,0.8922026541947949,5,0.9350103175302136,6,0.059926314363695665,0.273780908024601,0.004710489526407957,0.034401760608271714,0.1518241700175082,0.4210393120829406,0.21025282655764313,0.09609172993105286,0.014399118239647457,0.13334770767194387,0.052238560841756654,0.03174714054262723,16
Standard,1.0,0.4,0.8,0.8076378454919849,0.952714227897627,7.003880535708495,0.9032493190984738,4,0.8830321076860361,3,0.9958790418065678,5,0.9912594657329074,6,0.013011672551010434,0.23046119090348827,0.006595625676296901,0.027536310428583732,0.164597951708741,0.2355532427263999,0.1190864928701649,0.06186772444029856,0.04574572369727614,0.05429624419857054,0.001800873245864587,0.0038340094661746815,18
Standard,1.0,0.8,0.0,0.716726297925697,0.952714227897627,16.09503529233729,0.8749062679288244,3,0.5645655743325348,1,0.8119746950022415,5,0.9109169146223248,6,0.2098225399196273,0.38382714965001596,0.00941751073313557,0.05295814556538325,0.2098225399196273,0.464835484423551,0.2830528992664826,0.09198637241316593,0.061115576063236254,0.27322581017013337,0.09445474215713567,0.04454681658188203,15
Standard,1.0,0.8,0.4,0.7335023185930626,0.952714227897627,14.417433225600728,0.9116362080887407,3,0.6544059425464265,1,0.8198087365033042,5,0.9118790364681687,5,0.19578479772654533,0.34329962715362605,0.009176614696709828,0.044013870717796943,0.19578479772654533,0.46017536176975343,0.26596521553581126,0.10213799458054579,0.04391395367401957,0.20040996992406007,0.09070384050559527,0.04425872524072777,14
Standard,1.0,0.8,0.8,0.7523699371980154,0.952714227897627,12.53067136510545,0.9303926275258225,4,0.7112043513586711,1,0.8517707202375181,5,0.9276402398893522,6,0.05883760252692294,0.3037249069691367,0.008252288036779243,0.03397200075836371,0.1116128132382094,0.4416120689762963,0.2417052045402226,0.09955828394788158,0.03425520622860301,0.16420235702357044,0.07361810917615724,0.035868587721896106,16
Standard,1.0,1.0,0.0,0.7034470831126436,0.952714227897627,17.42295677364263,0.9018364331556747,3,0.5034700836647078,1,0.8005494535750336,5,0.9180856613502476,6,0.2056454871988852,0.4205359228354397,0.01656395689168133,0.044676822719298626,0.2056454871988852,0.4964132628562748,0.29399824611983,0.08730148346586608,0.046737990393576234,0.32639588032769384,0.0997295286840173,0.040363915145524676,15
Standard,1.0,1.0,0.4,0.7133537989255564,0.952714227897627,16.432285192351348,0.9261175908682554,3,0.5446609304879133,1,0.7874637330434674,3,0.9215261089277292,6,0.2041518352197964,0.3806624845701604,0.0045900255822375335,0.04512936641342402,0.2041518352197964,0.48947535188993563,0.29730593869078314,0.0879712598108559,0.03604607659345327,0.297569911940499,0.10905695437084112,0.039371673967348364,13
Standard,1.0,1.0,0.8,0.732615956676359,0.952714227897627,14.506069417271084,0.9227852523388949,3,0.645560099889572,1,0.8100315159173266,5,0.9207786039017211,6,0.1605449566614615,0.3387424359898864,0.011350672493295133,0.03645097992170787,0.1605449566614615,0.4615073706596505,0.2754878273709094,0.09979566991734345,0.03865571430985337,0.20975487982240892,0.09675547405605273,0.039829567596713356,15
Reweigh_1,0.0,0.0,0.0,0.8665755083069406,0.9455753220986414,1.1101142542129239,0.6941846859159725,3,0.46401946433366176,3,0.8025179765965903,6,0.8724213160499809,7,0.030364457548923585,0.05751413685887308,0.01594433273299367,0.0027460060057517,0.030364457548923585,0.05751413685887308,0.021966159462043958,0.007474097363709534,0.1546835803503468,0.2960777353653762,0.09812836427378835,0.057473650158351985,19
Reweigh_1,0.0,0.0,0.4,0.8736177618280674,0.9455753220986414,0.40588890210024875,0.646839306785976,4,0.36519672980012297,3,0.783262876417131,4,0.8502264658898359,7,0.046803137697218444,0.09781036648180297,0.02144756157847194,0.01108012263664071,0.046803137697218444,0.09781036648180297,0.03696121472922112,0.018568665539751714,0.1825042242165128,0.37290128534998324,0.11008864699104803,0.0684410827762848,18
Reweigh_1,0.0,0.0,0.8,0.8754391274739767,0.9455753220986414,0.22375233750931978,0.6040735622316018,4,0.27706880978874165,2,0.7639660279233705,4,0.8269667014745404,7,0.07308165567886526,0.21439093023634093,0.033341859560229725,0.02400763726878019,0.07308165567886526,0.21439093023634093,0.04963023964383581,0.029253834043533725,0.20896354972932518,0.4514946357189119,0.12273919606726003,0.08033596866531639,17
Reweigh_1,0.0,0.4,0.0,0.866462010744436,0.9455753220986414,1.121464010463391,0.7316322265852806,3,0.4608011635521647,3,0.8146839565589882,6,0.8749225874889424,7,0.014796266028654692,0.040649971561193876,0.010041482678279867,0.0013872458458179526,0.033179685718217,0.046639120030315145,0.014340038653761822,0.006569087029219753,0.13394635208644518,0.29761071889146673,0.0913894071835164,0.056374767138614224,19
Reweigh_1,0.0,0.4,0.4,0.8734934549738955,0.9455753220986414,0.41831958751743503,0.6731756164874994,3,0.3621874073537194,3,0.7948639160712885,4,0.850191484126419,7,0.04118933434544758,0.0931573599657336,0.0149506414490026,0.011440552420013073,0.04118933434544758,0.0931573599657336,0.02988522855915307,0.018395050063431437,0.1670598798154007,0.3742829218878789,0.10334048046293043,0.06847379384959462,17
Reweigh_1,0.0,0.4,0.8,0.875617480786484,0.9455753220986414,0.20591700625858245,0.6210176200204289,4,0.2728586796257193,2,0.7758132538004764,4,0.8272037072055121,7,0.06355162765630862,0.22086616026068517,0.025345848495928913,0.023351892545688924,0.06355162765630862,0.22086616026068517,0.04307124491408469,0.029544287746694847,0.19799174464629377,0.45385804666535634,0.11561709592442382,0.08026065749335498,17
Reweigh_1,0.0,0.8,0.0,0.8659809972652492,0.9455753220986414,1.169565358382063,0.7572281006054064,3,0.4575101128905377,3,0.8271580903607462,6,0.8752375220337205,7,0.010096307705329655,0.014805856089050495,0.0030813171384959093,0.0012407103967814193,0.04361324596980336,0.0615146280944545,0.007693617561730828,0.006633629838938684,0.1197769739813489,0.2991398490857734,0.08457288906802746,0.05628853758727842,19
Reweigh_1,0.0,0.8,0.4,0.8732988877238874,0.9455753220986414,0.43777631251824545,0.6903991961267927,3,0.35788278644304733,1,0.8072705173537593,6,0.8514993288064507,7,0.03483252760888356,0.10063776068070218,0.00750276291919838,0.011254311076862367,0.03483252760888356,0.10063776068070218,0.02312622289302578,0.017583869741757005,0.15619728825432527,0.37644453685006346,0.09629515158759161,0.0679025376133836,17
Reweigh_1,0.0,0.8,0.8,0.8751472765989645,0.9455753220986414,0.2529374250105354,0.6589217075792616,4,0.2698877058263195,2,0.7882693731477719,4,0.8287065114869486,7,0.043382248616294694,0.22704165288599,0.016793671136238975,0.022809239053475427,0.04427104972638027,0.22704165288599,0.036970010468448194,0.028943416233333935,0.17593637405770746,0.455288847755389,0.10833201439035567,0.07962638093660018,17
Reweigh_1,0.0,1.0,0.0,0.8655053884318961,0.9455753220986414,1.2171262417173812,0.7620966624641518,3,0.45568847076029184,3,0.8341436646045421,6,0.8760552743654709,7,0.006369035495249031,0.0010757899285422923,0.0008102614116605178,0.0012547721168651993,0.049278313622575926,0.06895238212652419,0.004116198163918158,0.006117504863230483,0.11662512388852042,0.30000017439934473,0.08078569679778169,0.055928821242656024,19
Reweigh_1,0.0,1.0,0.4,0.8731097251197129,0.9455753220986414,0.45669257293570187,0.7122837562960093,3,0.3547227795184967,1,0.8133941406675977,6,0.8521096759983994,7,0.01347126964232559,0.10568888021383993,0.0035639745217165286,0.011248519849889171,0.04123602637946901,0.10568888021383993,0.020079316664072228,0.01712452201552825,0.14410035952533534,0.3781831696921978,0.09281752836968998,0.067605841589305,17
Reweigh_1,0.0,1.0,0.8,0.8748554257239524,0.9455753220986414,0.282122512511751,0.6715872691999245,3,0.26786784302838407,2,0.7945651858799376,4,0.8294466958697642,7,0.03917189610246663,0.2311149064450192,0.012730140020613234,0.021983558748963294,0.042670730404434906,0.2311149064450192,0.033696612844385396,0.029022602644601075,0.16826880861812943,0.45632679680885235,0.10465964149709395,0.07928865087732523,16
Reweigh_1,0.3,0.0,0.0,0.8559715931814988,0.9455753220986414,2.1705057667571026,0.7508134094188066,3,0.5565676511686126,3,0.8402313728531096,6,0.8987617906782576,7,0.02478970891232668,0.08650375918699094,0.007389456808246098,0.007535745889804768,0.03592764171242831,0.08650375918699094,0.007427151507656923,0.007535745889804768,0.12166149847986424,0.23020026877016364,0.076497180062019,0.0448108984752395,19
Reweigh_1,0.3,0.0,0.4,0.8673213494319717,0.9455753220986414,1.0355301417098173,0.6790479121756099,3,0.44129270720478675,3,0.8159248873637073,6,0.8717592413417091,7,0.05066777882311857,0.0761792448422347,0.009805799738680121,0.003352706422428353,0.05066777882311857,0.0761792448422347,0.01198705808516684,0.0070084218026119915,0.1599841049148389,0.30967497473099637,0.09020231228032266,0.05753710172653265,19
Reweigh_1,0.3,0.0,0.8,0.8738933987655789,0.9455753220986414,0.3783252083490951,0.6279506154517928,4,0.34352125680304585,1,0.7973559800456547,4,0.8474323878659871,7,0.0616785729474576,0.13901291223910928,0.01320002655529573,0.013182545025495984,0.0616785729474576,0.13901291223910928,0.027556254453381335,0.018721429390102573,0.18972735550705389,0.3870002135981338,0.10134739535688486,0.06941126834047434,16
Reweigh_1,0.3,0.4,0.0,0.8553662728481403,0.9455753220986414,2.231037800092961,0.7752751102605482,3,0.5539489480156599,3,0.8541748422004315,6,0.9000820159582021,7,0.0200103427214795,0.07513581331294694,0.00038771036241425083,0.008630861735514528,0.04007813318507464,0.07513581331294694,0.014841821146502593,0.008630861735514528,0.108292150355426,0.2313628236795981,0.0692407842539976,0.04427338266637093,19
Reweigh_1,0.3,0.4,0.4,0.8668133127236172,0.9455753220986414,1.0863338125452704,0.7198939654228209,3,0.43742479072460866,3,0.8298714758682331,6,0.871973498851724,7,0.02887080556983468,0.060778685632840834,0.0019851918640206856,0.0028042617032416617,0.02887080556983468,0.060778685632840834,0.004643819084149056,0.00742915922968658,0.13771285418290824,0.31152793787767796,0.08261085896118753,0.0574848061939513,19
Reweigh_1,0.3,0.4,0.8,0.8735583107238982,0.9455753220986414,0.4118340125171649,0.6700204816070541,3,0.33895261104200175,1,0.8097981413232699,6,0.848181905815368,7,0.04142663797580004,0.13945545630300726,0.005116497044688195,0.013113412547533065,0.04142663797580004,0.13945545630300726,0.021422439808198995,0.018257120589726047,0.16600843436443186,0.38934330563199426,0.09428661545474032,0.06906575202873577,17
Reweigh_1,0.3,0.8,0.0,0.8548258082647844,0.9455753220986414,2.285084258428549,0.8079839838315108,5,0.5500945772014745,3,0.8691883419895312,6,0.9018543596563385,7,0.031769380898415855,0.06798795614039843,0.007073604367050512,0.0094427155444341,0.055352677637254044,0.06798795614039843,0.022736150284513715,0.0094427155444341,0.0911207648075586,0.2330783365310291,0.06152984948435769,0.04350997740643103,21
Reweigh_1,0.3,0.8,0.4,0.8664836293277701,0.9455753220986414,1.119302152129975,0.7560283200096051,3,0.432709968087326,3,0.8441557938967752,6,0.8741261035545135,7,0.012592585408119361,0.05876352962759135,0.005574446189286486,0.002384508303189259,0.04512030946457177,0.05876352962759135,0.005574446189286486,0.006130661893610126,0.11829376824369137,0.31379535641744094,0.07495349980063726,0.056512650051322666,19
Reweigh_1,0.3,0.8,0.8,0.8729205625155384,0.9455753220986414,0.4756088333531472,0.6914536657560313,3,0.3343540172124478,1,0.8229864487693108,6,0.8490251062322995,7,0.03341871260636231,0.13848411724030874,0.0028669838299910655,0.012874109263657951,0.03341871260636231,0.13848411724030874,0.014798114181432773,0.01793761930436362,0.15292100387662522,0.39158164634194076,0.08695585588877913,0.06869114941520776,17
Reweigh_1,0.3,1.0,0.0,0.8546042177856085,0.9455753220986414,2.3072433063461406,0.8353901152862784,5,0.5470266820124007,3,0.876007038265266,6,0.9019842314266339,7,0.052882971070042806,0.06363248878117367,0.010925327323244916,0.009224803575788587,0.06539127692277584,0.0673596967505562,0.025834106433374873,0.009224803575788587,0.07748981361053958,0.23457628438819023,0.058063053456139546,0.04346115711877113,21
Reweigh_1,0.3,1.0,0.4,0.8659161415152465,0.9455753220986414,1.1760509333823332,0.7714504596527069,3,0.43040004372093194,3,0.8515614824170972,6,0.8747283155412664,7,0.01010363092423694,0.056747696258978575,0.010269724656523982,0.002420431787484967,0.0492484918714427,0.061053087836049055,0.010269724656523982,0.005792514416132197,0.10984903428807336,0.3149581435171388,0.0710460745585656,0.05625160363605258,19
Reweigh_1,0.3,1.0,0.8,0.8723530747030147,0.9455753220986414,0.5323576146055164,0.7200836774657117,3,0.3311712858438933,1,0.8305027514829231,6,0.8497969185061836,7,0.017783218819431346,0.14361740865444572,0.007603843203276561,0.012484252896436732,0.03767978255683174,0.14361740865444572,0.011420901970210243,0.017768126229058198,0.1375833260969016,0.3933189947401471,0.08285138817098564,0.06835116705645577,17
Reweigh_1,0.5,0.0,0.0,0.8462270167435928,0.9455753220986414,3.1449634105477076,0.7885224759752191,3,0.6352057668041325,1,0.8706621407691296,6,0.9206635593892812,7,0.029468178976971293,0.1259218703405498,0.002454924447778617,0.01504371176719932,0.041234929561030656,0.1259218703405498,0.029825410428328952,0.01504371176719932,0.1009496785811484,0.18149534495901748,0.06044204645854523,0.03479472646559323,17
Reweigh_1,0.5,0.0,0.4,0.8607384908066974,0.9455753220986414,1.6938160042372474,0.7282722622840851,3,0.49769050119375396,3,0.841881468992799,6,0.8879361645476974,7,0.02946567995111682,0.08536173974474226,0.0028188679726266486,0.003365973083731877,0.02946567995111682,0.08536173974474226,0.007155565187819957,0.003365973083731877,0.13205679442728457,0.2673793310099588,0.07550903807092291,0.049681867266921975,19
Reweigh_1,0.5,0.0,0.8,0.8696885843070704,0.9455753220986414,0.7988066541999461,0.6729850193777249,3,0.3925711078461047,1,0.8209885923271621,6,0.8646232778957578,7,0.05424995716257852,0.1164257793206609,0.0034711598096933693,0.006416957051301075,0.05424995716257852,0.1164257793206609,0.011205825055870797,0.009855653497155725,0.16242737088548215,0.3443486258265221,0.08731202064658261,0.06079820663872343,17
Reweigh_1,0.5,0.4,0.0,0.845405510576892,0.9455753220986414,3.2271140272177923,0.8225849154074648,5,0.6322862673260479,1,0.8858420856407996,6,0.9217418813869471,7,0.04588644520948659,0.11877727354055856,0.004520629106261609,0.015469256394224917,0.05453240518410686,0.11877727354055856,0.037807362178833875,0.015469256394224917,0.08330335671792322,0.18280410908093497,0.05285521697653223,0.034350346633090334,19
Reweigh_1,0.5,0.4,0.4,0.8602466680358436,0.9455753220986414,1.7429982813226275,0.7628455433684354,3,0.4936140696221975,3,0.8576319847631944,6,0.8884220509911853,7,0.0217120867124595,0.07381926298944586,0.005224805944018973,0.003623355722000343,0.03897276848096522,0.07381926298944586,0.015490310886286551,0.003623355722000343,0.11352409052606355,0.2693192954558263,0.06730551623017778,0.049506320102152945,19
Reweigh_1,0.5,0.4,0.8,0.8690021942862084,0.9455753220986414,0.8674456562861477,0.7002379028860594,3,0.388729639757521,1,0.8346613127207303,6,0.8657854520206053,7,0.03812368860912552,0.11325154170723795,0.004468788344342278,0.005930079990440484,0.03812368860912552,0.11325154170723795,0.004468788344342278,0.009498500396219606,0.14670365574830607,0.34614857108928293,0.07991219620832757,0.0602932523765658,17
Reweigh_1,0.5,0.8,0.0,0.8444759114935199,0.9455753220986414,3.3200739355550013,0.864115033457094,5,0.6292807140790184,1,0.9019819602459556,5,0.9247134329721718,7,0.06671627170264993,0.11145438279737796,0.01195184731474308,0.016108695355586566,0.0850923055847024,0.11145438279737796,0.0459417044404964,0.016108695355586566,0.06288221887685624,0.1840925542902685,0.044953404847333345,0.03306675772407641,18
Reweigh_1,0.5,0.8,0.4,0.8593981386399749,0.9455753220986414,1.8278512209094933,0.7960930339138405,4,0.4884172917456012,3,0.872171215322321,6,0.8906326728320326,7,0.02327648410369454,0.060403138618484786,0.013796501449666487,0.004294230084365691,0.05418728481726311,0.060403138618484786,0.021726984619849413,0.004294230084365691,0.09605047277751394,0.27181864006333,0.05984986161886996,0.04851408685564301,20
Reweigh_1,0.5,0.8,0.8,0.868088809140337,0.9455753220986414,0.9587841708732836,0.7405657052105142,3,0.3816368548296465,1,0.8477718729056137,6,0.8667958059399556,7,0.02275148478143607,0.11851747738594187,0.012980064305513461,0.005754353182046423,0.03852873376898763,0.11851747738594187,0.012980064305513461,0.009066283285031201,0.12497337882502019,0.34996228197494295,0.07292044294207828,0.05983937070154505,17
Reweigh_1,0.5,1.0,0.0,0.8436003588684834,0.9455753220986414,3.407629198058648,0.8614860708397782,5,0.6276863436440793,1,0.911801300195255,5,0.9268773999655378,7,0.08131830743900426,0.10577546443139574,0.016906143788737338,0.016809466750782986,0.09576168102598227,0.10577546443139574,0.0502037422656703,0.016809466750782986,0.06351271221801974,0.18475750583921974,0.04022904750353051,0.03213318972575513,18
Reweigh_1,0.5,1.0,0.4,0.8587549857857815,0.9455753220986414,1.8921665063288406,0.8119592755057842,5,0.48572130672207714,3,0.879485303810466,6,0.8914767643039857,7,0.02897284338710915,0.0563371907331901,0.017945372694493478,0.0052523841178305775,0.06259662993913538,0.0563371907331901,0.024799219558542834,0.0052523841178305775,0.08782161896524038,0.2730694807158782,0.05616429226276576,0.04814692737656773,21
Reweigh_1,0.5,1.0,0.8,0.8673916098278079,0.9455753220986414,1.0285041021261931,0.759580916875898,3,0.3783535519099599,1,0.8557730703645885,6,0.8672502803763007,7,0.018898479134281554,0.12083767269237822,0.017919425770271058,0.0054240556559963515,0.04385912169230394,0.12083767269237822,0.017919425770271058,0.009126344262392588,0.11469239020069094,0.35160877574217964,0.0687136007888221,0.05963718312587546,17
Reweigh_1,0.6,0.0,0.0,0.8401413855350058,0.9455753220986414,3.7535265314064037,0.8097265525423064,5,0.6833687760595949,1,0.8892175036320878,5,0.9331311900239503,7,0.043089907698179886,0.14806373269282558,0.0007611050583918866,0.019263361574385796,0.043089907698179886,0.14806373269282558,0.04385636920327908,0.019263361574385796,0.08943944659003972,0.1538509551701146,0.05105728893958039,0.029190899317429686,18
Reweigh_1,0.6,0.0,0.4,0.8566579832023608,0.9455753220986414,2.101866764670912,0.7528890540507723,3,0.5305213588155867,3,0.8559725594652517,6,0.8970753961087107,7,0.02782007636376571,0.0995346616537427,6.518317538439788e-05,0.006891348396168784,0.03492213636001719,0.0995346616537427,0.017465876541164244,0.006891348396168784,0.11847156615950194,0.244586245477305,0.06790322937389054,0.04537808136013333,19
Reweigh_1,0.6,0.0,0.8,0.8671159728902965,0.9455753220986414,1.0560677958773357,0.6899241526064785,3,0.4167803659947608,1,0.8324021347463872,6,0.870082254605478,7,0.05424995716257852,0.10895829981795857,0.0001457331304146603,0.005394031601939964,0.05424995716257852,0.10895829981795857,0.0029707052013096397,0.006476526085529705,0.15212606769710219,0.3242838863983828,0.08074970024716827,0.05801584682542682,17
Reweigh_1,0.6,0.4,0.0,0.8393036654308044,0.9455753220986414,3.8372985418265504,0.8653883971694581,5,0.6806619461538093,1,0.9049132429192825,5,0.9351552682219314,7,0.06899174190514079,0.14162354986616932,0.006409143328737321,0.020362259829913798,0.06998773825348772,0.14162354986616932,0.0517573610804543,0.020362259829913798,0.062263896253339446,0.1549970444987489,0.04341846336391714,0.028329510364159205,18
Reweigh_1,0.6,0.4,0.4,0.8558905234939954,0.9455753220986414,2.178612735507446,0.7879630723250416,3,0.5255513093389009,3,0.8714255948290422,6,0.897795815620779,7,0.018337219956438333,0.0904914079628879,0.008485716568586543,0.006968045693768743,0.04957106468692277,0.0904914079628879,0.02480149730423868,0.006968045693768743,0.10015474240162536,0.24687631962724454,0.059965891353958245,0.04504676508127864,19
Reweigh_1,0.6,0.4,0.8,0.8663485131819312,0.9455753220986414,1.1328137667138694,0.723523367675176,3,0.41158664446530435,1,0.8471829620252832,6,0.8707094205045609,7,0.040959040959040904,0.10689730889180526,0.00874557334244963,0.004988339921971341,0.040959040959040904,0.10689730889180526,0.00874557334244963,0.0065315061782957595,0.1336365398245501,0.3269193968572093,0.07292552561598353,0.057773311450582676,17
Reweigh_1,0.6,0.8,0.0,0.8380443829515852,0.9455753220986414,3.963226789748464,0.8851375448740053,5,0.6769865146538837,1,0.9234898393502554,5,0.9372309497839322,7,0.0819065631250887,0.13199384071525777,0.014853917799135363,0.02014813027108675,0.09955480601751421,0.13199384071525777,0.060658996390152264,0.02063251109321708,0.05224627454567393,0.15663840049027378,0.03457407256631939,0.02746239386649013,18
Reweigh_1,0.6,0.8,0.4,0.854793380389783,0.9455753220986414,2.288327045928684,0.8244872311105872,5,0.5198650394739456,3,0.8872818606106094,6,0.9002533400825514,7,0.03425642301230514,0.07908505517506925,0.017471495822627414,0.007753784879675596,0.06720438201249208,0.07908505517506925,0.031447722146055734,0.007753784879675596,0.08162203850040434,0.2496050214146332,0.05205404179279549,0.04397696836333026,21
Reweigh_1,0.6,0.8,0.8,0.8651378725152141,0.9455753220986414,1.253877833385575,0.760629611152741,3,0.4050170694674509,1,0.8623919803238311,6,0.8724149602897129,7,0.01868718834410321,0.11353129277620189,0.01831784191537278,0.004254359533107599,0.04451921006953592,0.11353129277620189,0.01831784191537278,0.006023985435959972,0.11359267491991815,0.3302692556073876,0.06499435271221404,0.05700074746613576,17
Reweigh_1,0.6,1.0,0.0,0.8370823559932118,0.9455753220986414,4.059429485585808,0.8929658316245457,4,0.6748471827844517,1,0.9321523897983832,5,0.9388669792422633,7,0.08451225705415422,0.12495642414482988,0.019105015996996322,0.020674478001570296,0.11700427241701682,0.12495642414482988,0.06424726727038337,0.02124306513397843,0.048149432248342394,0.15755279594143062,0.030507576485215515,0.026755252028662913,17
Reweigh_1,0.6,1.0,0.4,0.8540313253272513,0.9455753220986414,2.3645325521818528,0.8362024074185344,5,0.5170136695651601,3,0.8955559090986441,6,0.9010125093749757,7,0.04053067381722553,0.07231862787418342,0.022558342273148457,0.008345482678303706,0.07254189241879322,0.07231862787418342,0.034364896327467795,0.008345482678303706,0.07538182890746697,0.25092896667342296,0.04797750827972769,0.043646681438508084,21
Reweigh_1,0.6,1.0,0.8,0.8640569433485024,0.9455753220986414,1.3619707500567513,0.7808039641179692,3,0.40020072980402,1,0.8723934908480885,6,0.8739972920138572,7,0.027499468189687515,0.12246018373481227,0.025288446035664713,0.0022530836754673933,0.052385470470191695,0.12246018373481227,0.025288446035664713,0.006435279956529219,0.10251420321549837,0.3327158145212339,0.05983418117367273,0.05624879729499299,17
Reweigh_1,0.7,0.0,0.0,0.8332072249305503,0.9455753220986414,4.446942591851954,0.8381385781775768,5,0.7350933863736313,1,0.9084533743888811,5,0.9463647676281878,7,0.05844531098390593,0.16909324412491344,0.0005132281438335884,0.022094589413298338,0.05844531098390593,0.16909324412491344,0.057981417079673164,0.025124991834687596,0.07486116966287282,0.12573441870902446,0.04164681354345451,0.023328084462061194,18
Reweigh_1,0.7,0.0,0.4,0.8521288899938387,0.9455753220986414,2.554776085523114,0.7794512593359976,3,0.5640461131668429,1,0.8710287919234541,6,0.9058444955429632,7,0.02637190355913477,0.1161364811153841,0.0035697237924523506,0.009452072774693954,0.040365406956979266,0.1161364811153841,0.02758264344708254,0.009452072774693954,0.10451806819775011,0.22239212567779115,0.06000649991859691,0.04129465095142937,17
Reweigh_1,0.7,0.0,0.8,0.8640947758693373,0.9455753220986414,1.3581874979732622,0.7088048427588394,3,0.44379851221786365,3,0.8456907952916844,6,0.8784908688173844,7,0.05409800555431621,0.09771158432468285,0.004316840551316203,0.0020463919150519594,0.05409800555431621,0.09771158432468285,0.006133048292536913,0.0026281287993793756,0.14078853982066908,0.3030950166809955,0.07338289268754405,0.05393261000813476,19
Reweigh_1,0.7,0.4,0.0,0.8321587236388399,0.9455753220986414,4.551792721022996,0.9020839537464034,5,0.7345219193143191,1,0.9269930177397367,5,0.9489451551127313,7,0.08793314613507797,0.16245398338366668,0.008377368739136859,0.02265686062807759,0.08793314613507797,0.16245398338366668,0.067377189115858,0.02636874869889308,0.04452535724463019,0.12581815454956402,0.032868366823670614,0.022233512449865434,18
Reweigh_1,0.7,0.4,0.4,0.8513235977646385,0.9455753220986414,2.6353053084431366,0.8157961296990643,5,0.5591439747426258,1,0.8870181717850338,6,0.9078347921933939,7,0.02700186519223924,0.10519221247460031,0.011581575876028816,0.010033961712039074,0.06249764776194901,0.10519221247460031,0.03536362876243207,0.010033961712039074,0.08594218826786021,0.2247315965701311,0.05203261683181992,0.040429294108627556,19
Reweigh_1,0.7,0.4,0.8,0.86295980024429,0.9455753220986414,1.4716850604779896,0.7524511127917026,3,0.4383072880392597,1,0.8609758211987429,6,0.879233546080951,7,0.02542764678687004,0.1002414235920015,0.013280104040247154,0.0013360468830638794,0.038910157302626536,0.1002414235920015,0.013280104040247154,0.002879612772043655,0.11782647263003626,0.3058111062193678,0.06545014026833529,0.05362274330520478,17
Reweigh_1,0.7,0.8,0.0,0.8303859998054327,0.9455753220986414,4.729065104363716,0.9181656764668192,4,0.7327515328634325,1,0.9466974978198163,5,0.9514342300292484,7,0.09573986375769583,0.15222276079817676,0.01778331368786823,0.023060073041909046,0.12432180272513366,0.15222276079817676,0.07575401849708174,0.02749590695715287,0.03645286109804524,0.12640439933603514,0.023720725035485946,0.02116474508594962,17
Reweigh_1,0.7,0.8,0.4,0.8498373201604099,0.9455753220986414,2.783933068865996,0.8504643646833624,5,0.5539372712933734,3,0.9036421274793462,6,0.9111581194837561,7,0.051794376404299625,0.09291606970931865,0.02135439472582812,0.010924286411222228,0.07488961417274236,0.09291606970931865,0.041531908852428204,0.010924286411222228,0.06840507992659106,0.22713261207336083,0.043905152973649664,0.038958254366250666,21
Reweigh_1,0.7,0.8,0.8,0.86175996886924,0.9455753220986414,1.5916681979829872,0.7901657266910707,4,0.42973946793752604,1,0.8774938054661123,6,0.8818686094200124,7,0.026564344144813123,0.11086394874617223,0.024410610785411402,0.0007265614084113192,0.0566339887483986,0.11086394874617223,0.024410610785411402,0.002550428959280801,0.09771911713268477,0.310216896238001,0.057003936156373836,0.05239908665463694,18
Reweigh_1,0.7,1.0,0.0,0.8290888848053787,0.9455753220986414,4.858776604369119,0.8998708599209967,3,0.7318777344110442,1,0.9566249639918425,5,0.9544880863129819,7,0.10242689422083462,0.14540194574118348,0.022234962162605343,0.023742765082712003,0.15162319479843014,0.1476164537676658,0.07990175700081478,0.028978540970082955,0.04500186070966439,0.12666213777494612,0.01920115479900708,0.019841001969173044,16
Reweigh_1,0.7,1.0,0.4,0.8487888188686995,0.9455753220986414,2.888783198037037,0.8729622692530146,5,0.5503226158902222,3,0.9133658174602223,6,0.9128165799168939,7,0.05530818558144579,0.08748949013052776,0.026808341579926953,0.011499913672611717,0.08790953405363254,0.08748949013052776,0.04515942267136924,0.011499913672611717,0.057433274843559645,0.2288143736997904,0.0392243338069726,0.03821996751856899,21
Reweigh_1,0.7,1.0,0.8,0.8610357463275432,0.9455753220986414,1.6640904521526667,0.7995567310721411,4,0.42680732890490103,1,0.8850442503904141,6,0.8820473460002668,7,0.03226899952703022,0.11283631796565208,0.02898872729037838,0.0008826704942396235,0.0627833035508633,0.11283631796565208,0.02898872729037838,0.0027414925232410042,0.09260148428513837,0.3117035162900739,0.0532415572963737,0.05234350946854599,18
Reweigh_1,0.8,0.0,0.0,0.8248462378260353,0.9455753220986414,5.2830413023034595,0.8839368544663588,5,0.8012928607268791,3,0.9328732978031788,5,0.9619077966734613,7,0.07887272198342954,0.1924362971276552,0.001833725388827867,0.025566794581745045,0.07887272198342954,0.1924362971276552,0.07566387038409705,0.03231296986858115,0.052742308481567024,0.09176997812913856,0.03007657730959218,0.01651421992197788,20
Reweigh_1,0.8,0.0,0.4,0.8465783187227741,0.9455753220986414,3.109833212629576,0.8109846244825547,5,0.6039138830060975,1,0.8879472714074647,6,0.9185654247108426,7,0.029219312514400242,0.1338110934922937,0.006152130223102126,0.01308959842004409,0.05679525818917565,0.1338110934922937,0.039451154858893056,0.013848470296793841,0.08838290733793586,0.19761843787410188,0.051424726517199704,0.035513068403832726,19
Reweigh_1,0.8,0.0,0.8,0.8603331423691806,0.9455753220986414,1.7343508479889302,0.7304042197140401,3,0.4710677835369576,1,0.8594300311626917,6,0.8862397733385066,7,0.05603458030642505,0.10127968397727138,0.008225479341289144,0.0009048945041679746,0.05603458030642505,0.10127968397727138,0.015181929871358912,0.0009048945041679746,0.12856462990624007,0.282651321909231,0.06601213633932168,0.05023156846542243,17
Reweigh_1,0.8,0.4,0.0,0.823343746284306,0.9455753220986414,5.433290456476392,0.9337117351381349,4,0.8017472240864839,3,0.9523449113577136,5,0.9662547582539008,7,0.09834555768676134,0.18501172758177586,0.010163289711551116,0.026766495940730994,0.10180354559427696,0.18501172758177586,0.08477409036689379,0.03432577340652984,0.029539362792595725,0.09140761185892454,0.021127442803372865,0.014644488507847386,19
Reweigh_1,0.8,0.4,0.4,0.8454919849102288,0.9455753220986414,3.218466593884106,0.8335415774631251,5,0.5990294641630002,1,0.9043490750845607,6,0.9211885042526968,7,0.03122258187064586,0.1218931150170407,0.014763454820201805,0.013879355240260627,0.07045159959714631,0.1218931150170407,0.046545414499108956,0.014970068428668049,0.07657044314614503,0.19992392535117692,0.043463211899147036,0.034384412846283796,19
Reweigh_1,0.8,0.4,0.8,0.8591387156399641,0.9455753220986414,1.8537935209105738,0.7822904297160108,3,0.4651792201477296,3,0.8751283111162699,6,0.8885212225451483,7,0.024630583785114846,0.09639140312998318,0.017784538217061607,0.0026012817852973935,0.05256085333927478,0.09639140312998318,0.02140488562616563,0.0026012817852973935,0.10201640543552243,0.2855349918263351,0.0580181401522184,0.04920177642863777,19
Reweigh_1,0.8,0.8,0.0,0.8207981580966999,0.9455753220986414,5.687849275237,0.8930093032577565,3,0.801542059262649,3,0.9746029114052625,5,0.9714362740109951,7,0.10739061428403451,0.17088880575300325,0.01948067040941892,0.027462544028144076,0.1704190822583292,0.1806454190817616,0.09457902101090489,0.03707541211858603,0.049438116893536665,0.09129445730065255,0.011124069282649252,0.012406911378620045,18
Reweigh_1,0.8,0.8,0.4,0.8436868332018203,0.9455753220986414,3.398981764724962,0.8846477453312632,5,0.5945686991669132,1,0.9233435155493004,5,0.9244791012661985,7,0.056675540535855884,0.11063225002903077,0.02467422608529568,0.015346012874306814,0.09251446344132805,0.11063225002903077,0.05419475676935853,0.01592397064195021,0.05201086289476353,0.20191795993462985,0.03444587875115074,0.03297012917062936,18
Reweigh_1,0.8,0.8,0.8,0.8575875822857328,0.9455753220986414,2.008906856333703,0.8267874878232201,5,0.45746723162128966,1,0.8931488311386317,6,0.8911659816774317,7,0.03463782819190775,0.10791820837390453,0.02857872058716049,0.004127027811532513,0.07362806186122624,0.10791820837390453,0.02857872058716049,0.004127027811532513,0.07944546940347708,0.2892828403887945,0.04902968391226181,0.047990753747498505,19
Reweigh_1,0.8,1.0,0.0,0.8194199734091425,0.9455753220986414,5.825667743992735,0.8310990501560014,3,0.8026224074049016,3,0.9866774473087987,4,0.975614273568355,7,0.11848920500782134,0.16405046709716598,0.024062690543577347,0.028493848173881675,0.2093826824094746,0.18311587131741722,0.10014153529909706,0.0391299898731233,0.0823154910054319,0.09069292267965673,0.005800011885960632,0.010597604867545407,17
Reweigh_1,0.8,1.0,0.4,0.8424275507226011,0.9455753220986414,3.5249100126468758,0.8962758895869211,4,0.5911186883028176,1,0.9344795552085106,5,0.9261265098237991,7,0.07474492540124511,0.10630408411311676,0.03128358524579711,0.01606214913326831,0.10327435300281065,0.10630408411311676,0.05770206777625994,0.016347224088423554,0.04613642698827941,0.20353303917445764,0.029235214161601297,0.03224707170986407,17
Reweigh_1,0.8,1.0,0.8,0.8569552387232064,0.9455753220986414,2.0721412125863425,0.8379602681987037,5,0.4563577654942157,1,0.901247692583395,6,0.8913531243734619,7,0.03792971082604735,0.10529940871823096,0.032812478956169455,0.003936768834072124,0.08267100582451778,0.10529940871823096,0.032812478956169455,0.003936768834072124,0.07387321480462361,0.2897235725335727,0.0451082342132294,0.04795109218434562,19
Reweigh_1,0.9,0.0,0.0,0.8142801552214284,0.9455753220986414,6.33964956276415,0.9213009078128576,5,0.8852733718887786,3,0.9609189482709568,5,0.9842484624460558,7,0.09860358964627103,0.21708772101042628,0.0014912128944141179,0.029867992015539913,0.09860358964627103,0.21708772101042628,0.09640919988963598,0.04336542651554395,0.035032496025622306,0.05141775211800337,0.01725249913035176,0.006810870482920117,20
Reweigh_1,0.9,0.0,0.4,0.8405791618475241,0.9455753220986414,3.7097489001545747,0.8204543188366247,5,0.6495134853920129,1,0.9064945616513406,5,0.9306998617517915,7,0.028297028379584366,0.15069107817974825,0.008891101204964835,0.016699706298700212,0.06013863526535504,0.15069107817974825,0.05192484332186567,0.01906541900932726,0.08298590375432552,0.17103943484167644,0.0423780708310314,0.030119707728412215,18
Reweigh_1,0.9,0.0,0.8,0.8561121139731713,0.9455753220986414,2.1564536875898543,0.7555275937438434,3,0.5019111018948991,1,0.87306309101087,6,0.8952933693646151,7,0.04349049009243178,0.11224099417567146,0.011176031980073331,0.004689426047536971,0.04349049009243178,0.11224099417567146,0.024520355996609372,0.004689426047536971,0.11497940163845749,0.26040862543071774,0.05883925046093935,0.045950991789425744,17
Reweigh_1,0.9,0.4,0.0,0.8121507247630063,0.9455753220986414,6.552592608606355,0.9341046383408916,3,0.8885045162204773,3,0.9843937608508703,4,0.9895176079008777,7,0.11341719729402377,0.20809355317353162,0.010497782601479044,0.031095346365710985,0.14021841565288345,0.21736769743281936,0.10755061669090026,0.0459042771774964,0.029430793549995005,0.04988103875273975,0.00680917144429849,0.004541418043003509,17
Reweigh_1,0.9,0.4,0.4,0.8390658610141277,0.9455753220986414,3.861078983494215,0.8782529011746193,5,0.6450655793491669,1,0.9262864722451124,5,0.9344524260412865,7,0.05857432696366072,0.13843571938586785,0.018504950683935983,0.018578317288670765,0.08482358590975536,0.13843571938586785,0.060654466651051064,0.020164008927175986,0.055099222394872416,0.1729817359851364,0.0330039493197572,0.028489230035616264,18
Reweigh_1,0.9,0.4,0.8,0.8546744781814448,0.9455753220986414,2.3002172667625054,0.8009790302847963,5,0.49552268580172204,1,0.8912654214873139,6,0.8971881302237443,7,0.027140123804303196,0.10385969074826706,0.021255305186464568,0.00531031520552272,0.058891196382144975,0.10385969074826706,0.032222855434539,0.00531031520552272,0.09178113974042962,0.26346863464378584,0.04978172934868896,0.04509880562547525,19
Reweigh_1,0.9,0.8,0.0,0.80911871845038,0.9455753220986414,6.855793239868991,0.831915469732073,3,0.8791890416570605,3,0.990191445261579,4,0.9956640475011194,7,0.12794704126331302,0.19429767346031435,0.020747283061253508,0.03259544821791571,0.21154655323735702,0.22287573220587403,0.11839866695061911,0.04869724764195943,0.08238974868470017,0.05475945044034808,0.004267955615529118,0.001882133602642444,17
Reweigh_1,0.9,0.8,0.4,0.8371093792223796,0.9455753220986414,4.056727162669027,0.918976423443829,4,0.6379824968031294,1,0.9460249351643991,5,0.9373133099170222,7,0.07525062515568581,0.12928057224040979,0.02877546809924414,0.02001685148254939,0.10516950415574602,0.12928057224040979,0.06812417870284472,0.020808332003391286,0.035738390315523616,0.17620547224515226,0.02386570815141109,0.027237859555302446,17
Reweigh_1,0.9,0.8,0.8,0.8533449353063893,0.9455753220986414,2.4331715542680543,0.8367117731872027,5,0.4893813060848957,1,0.9082039626321206,6,0.9003440145259823,7,0.03788679600925038,0.10193505778756184,0.031383513552267095,0.006630437390532373,0.0798678907838937,0.10193505778756184,0.038296653922663224,0.006630437390532373,0.07400528979119786,0.266450633665164,0.041568170075979904,0.04369666327463961,19
Reweigh_1,0.9,1.0,0.0,0.8070325251586263,0.9455753220986414,7.064412569044354,0.819162336026511,3,0.8674839949622272,3,0.974599613759813,4,0.9992839583486758,7,0.1423117733693149,0.1814293299789811,0.028444507232827654,0.034336862171150284,0.218691523362052,0.22480849205149867,0.12374135258286621,0.05071453301226564,0.08914890457120034,0.06065598399999206,0.011120865852268291,0.0003107406550552638,17
Reweigh_1,0.9,1.0,0.4,0.836174375493174,0.9455753220986414,4.15022753558959,0.9150022635923742,4,0.6381486986366314,1,0.9558036596659171,5,0.9381999283847646,7,0.09178754320337745,0.12176108519287143,0.033256986592454685,0.019872089626176592,0.1243359161534397,0.12176108519287143,0.07220981955403777,0.021302047817311792,0.037230777421327355,0.17605155636910136,0.01944618131363457,0.026885735871731653,17
Reweigh_1,0.9,1.0,0.8,0.8526369267021932,0.9455753220986414,2.503972414687672,0.8585863283478434,5,0.48789995640390144,1,0.9167218566947277,6,0.9018255322817177,7,0.04193135048218921,0.10052185202432862,0.03579140280385085,0.006756884668020602,0.08909186298759073,0.10052185202432862,0.041811779417721906,0.006902963725051628,0.06361508764491253,0.26702986835885756,0.037519532531239186,0.04305582341086572,19
Reweigh_1,1.0,0.0,0.0,0.8006658523666944,0.9455753220986414,7.701079848237546,0.9909262527565885,3,0.9959473723310328,3,0.999346524423884,4,0.9858415206808067,6,0.11198801473712727,0.24097686111427385,0.0007485058562870517,0.035241973081850064,0.1127247045965366,0.2645718040410524,0.12435485561595588,0.05866880207960856,0.003948241644104344,0.0017644763015706721,0.00028390500800734575,0.006212530837555019,16
Reweigh_1,1.0,0.0,0.4,0.8335801454930658,0.9455753220986414,4.409650535600407,0.8608471621325319,5,0.699057236612802,1,0.9274550577820937,5,0.943480797765046,7,0.058538231080128234,0.16785720169061324,0.010761229794031824,0.01979812563716432,0.06971901857854067,0.16785720169061324,0.06655164616268999,0.024840865966395245,0.06311474296436909,0.1433584927496528,0.03240910252238505,0.024468432764632175,18
Reweigh_1,1.0,0.0,0.8,0.8512911698896372,0.9455753220986414,2.6385480959432717,0.7936978513773411,4,0.5335633897584289,1,0.8890080035825599,6,0.9044054363885277,7,0.030540207420699295,0.12874686737790342,0.015949696241642664,0.00721221812461148,0.05743732508757854,0.12874686737790342,0.0337580045289612,0.008514204115629323,0.09564666775657837,0.23870697121597506,0.050726906708638275,0.0417109124392025,18
Reweigh_1,1.0,0.4,0.0,0.7969366467415391,0.9455753220986414,8.07400041075308,0.8764854311026054,3,0.9536348428613963,3,0.9712469037837286,4,0.9755963757077215,6,0.13175497828350147,0.23007851280744473,0.011658124876570475,0.036745857343873256,0.19508145141743985,0.2731853943006492,0.13797263753774885,0.06468664953417819,0.05967557823132552,0.020535607140973244,0.012677589630898156,0.010838456966531573,16
Reweigh_1,1.0,0.4,0.4,0.8318452541804936,0.9455753220986414,4.583139666857628,0.9126321596354233,5,0.6961358790459012,1,0.9482122210479038,5,0.9474298584210209,7,0.07384717431774313,0.1574245587372638,0.020140528845951966,0.020407432341203458,0.09693554190295683,0.1574245587372638,0.07574872950941526,0.02690996751203316,0.03885739491366974,0.1445738333527447,0.022863465230557156,0.02277562098731417,18
Reweigh_1,1.0,0.4,0.8,0.849615729681234,0.9455753220986414,2.8060921167835873,0.8447605949885537,5,0.5255258778875811,1,0.9091477400481361,6,0.9082383221800001,7,0.037019351142419055,0.12019929217928904,0.026882057529545866,0.008876464331263878,0.08013378777317953,0.12019929217928904,0.04196816242191988,0.009879400849480774,0.07020325236776859,0.2425570022144924,0.040947987765432625,0.03998318135391071,19
Reweigh_1,1.0,0.8,0.0,0.7924291721163512,0.9455753220986414,8.524747873271865,0.8312421251413523,3,0.9119865510764048,3,0.9421869425611052,4,0.9652930276922057,6,0.15581485027534725,0.21395625245115324,0.023438171807218078,0.038898754204049646,0.21461556526726694,0.2818402390575988,0.1509334074876163,0.07028363975122567,0.08319383999351876,0.03975010133087442,0.025884212286976183,0.015602864114612258,16
Reweigh_1,1.0,0.8,0.4,0.8294239728470594,0.9455753220986414,4.82526780020105,0.9395725030392712,4,0.691779330563651,1,0.9702927630029065,5,0.9523810332693294,7,0.09060602844141186,0.14720772909552404,0.031078745577642453,0.021881419570395355,0.13364193442035588,0.14720772909552404,0.08393715868524655,0.028974707035761077,0.026186727127275822,0.1463861586742583,0.012940136717405237,0.02062099175591292,17
Reweigh_1,1.0,0.8,0.8,0.848329423972847,0.9455753220986414,2.934722687622282,0.880705707500125,5,0.5230999246791603,1,0.9259610140224861,6,0.9112827651565886,7,0.04414507882658669,0.10725322555295991,0.03554426910065278,0.010410951299591686,0.09966507893734543,0.10725322555295991,0.04878963248872456,0.010683055231810831,0.053268061527296184,0.24357463235537186,0.03306783001560076,0.03870615575191588,19
Reweigh_1,1.0,1.0,0.0,0.7902132673245922,0.9455753220986414,8.746338352447768,0.8156059224883291,3,0.8897821842849072,3,0.9276155913281773,4,0.9594709897035186,6,0.16848200370036415,0.2073487785350373,0.029096346064874767,0.039963502567945675,0.21669739003193023,0.2868220322056754,0.15802021938781227,0.07373598517059271,0.09116111697206203,0.050282817493664145,0.03267685969553341,0.01835058634097303,16
Reweigh_1,1.0,1.0,0.4,0.8283700669095154,0.9455753220986414,4.930658393955445,0.8889797626113322,3,0.6928633578711888,1,0.980559006341472,5,0.9528779164571828,7,0.10739061428403451,0.1417475551715276,0.03538245606159662,0.021740675348332128,0.164920302411251,0.1417475551715276,0.08832167706815594,0.029140796572736993,0.05005266320472246,0.14572798502782108,0.008429024397450913,0.0204429987002549,16
Reweigh_1,1.0,1.0,0.8,0.8476538432436522,0.9455753220986414,3.0022807605417645,0.8888618759165071,4,0.5215810028766443,1,0.9340992255415211,5,0.9115851493776722,7,0.0479814359943147,0.10273800389443455,0.039157991005624226,0.009394776793128057,0.11250397057783011,0.10273800389443455,0.0525177276503503,0.011443138240838951,0.04935260162336358,0.24420560048905826,0.0292922546927582,0.03859397202570142,17
Reweigh_3,0.0,0.0,0.0,0.8000983645541707,0.8924696976547369,7.757828629489916,0.8189667949677045,5,0.9396107081476011,3,0.9166462936405917,5,0.9970581834836659,6,0.06646466442885468,0.2975465660360991,0.011445610666347195,0.032852906128021386,0.08369238363644085,0.2975465660360991,0.06374030679122836,0.047017918974033845,0.08954347380726119,0.02631276038952851,0.03683493559882184,0.0012323914715733908,19
Reweigh_3,0.0,0.0,0.4,0.8345800049722741,0.8924696976547369,4.309664587679574,0.7306957972667276,3,0.736839561293774,1,0.8642615504230283,6,0.939653186197938,6,0.04107340587680486,0.16351173210003045,0.01173100382863379,0.0160419339404948,0.046874944499643995,0.16351173210003045,0.024842905211372224,0.02392966972633609,0.13976238145390674,0.12704640390471345,0.06503154641428083,0.02687066394308052,16
Reweigh_3,0.0,0.0,0.8,0.8630516792234605,0.8924696976547369,1.4624971625609384,0.6556018243672725,3,0.44390910312189347,3,0.8033575408765324,5,0.8732343908768522,6,0.07148736125868127,0.08502603615426951,0.0196425701564672,0.008487224252209491,0.07148736125868127,0.08502603615426951,0.033345553179988635,0.010859992222384984,0.1910910994799957,0.33237947348842634,0.10575621738660895,0.061832579065940585,17
Reweigh_3,0.0,0.4,0.0,0.8205819722633576,0.8924696976547369,5.709467858571227,0.7776799402301526,3,0.8307145850472937,3,0.8934370008303478,5,0.9606406418482467,6,0.04404804898649095,0.23004020523719926,0.004945639831199666,0.025988886113239906,0.06504879049066292,0.23004020523719926,0.04785407219842196,0.031104184752399344,0.10559746891447219,0.07316884232707654,0.0461302370508333,0.016061660191348304,17
Reweigh_3,0.0,0.4,0.4,0.854782571098116,0.8924696976547369,2.289407975095392,0.7126159827817752,3,0.5291645402877501,3,0.8327745527187044,6,0.8966611186018141,6,0.025458245465085128,0.07799578888811587,0.00942185144138874,0.004552953502233836,0.031875286656882995,0.07799578888811587,0.00942185144138874,0.005779976713604543,0.1416012436636752,0.24215175532421207,0.07889931866333688,0.04486309794652843,18
Reweigh_3,0.0,0.4,0.8,0.8627490190567813,0.8924696976547369,1.492763179228862,0.5912490056986406,2,0.15383905971162717,2,0.7422537944547519,4,0.8044943158822374,6,0.10429308647975122,0.48437180536804797,0.0626107014426871,0.04108174098114015,0.10429308647975122,0.48437180536804797,0.06313197552848276,0.044422022871523206,0.21264369976845038,0.5747721713506607,0.14110648456795322,0.09462858113384232,14
Reweigh_3,0.0,0.8,0.0,0.8393739258266406,0.8924696976547369,3.8302725022429263,0.7648049781841483,3,0.6058698459392107,1,0.8646556650168769,6,0.9192684532239371,6,0.025717040864925655,0.11568633914742343,0.0022165747950367853,0.014927115691402482,0.05500847943279792,0.11568633914742343,0.027386541530805053,0.016120794323581544,0.10452322263937491,0.18074571854258348,0.05702362236743436,0.031801807055915454,16
Reweigh_3,0.0,0.8,0.4,0.8613275972025554,0.8924696976547369,1.634905364651451,0.6613244290982766,3,0.1754244320346354,2,0.744810901684638,4,0.8147729153834272,6,0.058884111994580324,0.4027456240703691,0.05313619347643361,0.032279344137664645,0.058884111994580324,0.4027456240703691,0.05313619347643361,0.032279344137664645,0.14888798682791538,0.45608114132177713,0.1179045618054706,0.07558420929363902,15
Reweigh_3,0.0,0.8,0.8,0.8243706289926821,0.8924696976547369,5.330602185638778,0.6082001782474455,1,0.09462498454809173,1,0.7787802198769149,4,0.77425911784196,4,0.12891385279800205,0.6333026742645637,0.040714330449795444,0.06317290552584665,0.12891385279800205,0.6333026742645637,0.07281848293253007,0.08066650990667709,0.20900163195685895,0.7391741609732668,0.12816160754334333,0.11987023650499351,10
Reweigh_3,0.0,1.0,0.0,0.8473241598478052,0.8924696976547369,3.035249100126469,0.7500652014711064,3,0.45402212677966164,3,0.8370302864636217,6,0.8859497699039355,6,0.003737362960663959,0.0009176124161344168,0.00044633558232098913,0.0034984374037050348,0.044593275191643286,0.04461446444052195,0.011717336586367408,0.005516063789434242,0.10530045179590447,0.2580049812559232,0.06737304812475425,0.043646589783696954,18
Reweigh_3,0.0,1.0,0.4,0.8596953941608206,0.8924696976547369,1.7981256688249236,0.6481915787988936,3,0.1340120553254102,2,0.7741656486863424,4,0.7998051191405818,5,0.08144451572008238,0.5039707433974745,0.027604543910025203,0.046782444161234116,0.08144451572008238,0.5039707433974745,0.027604543910025203,0.046782444161234116,0.15245892334508465,0.5006124185773361,0.10197875590247252,0.08196617844404902,14
Reweigh_3,0.0,1.0,0.8,0.8095781133462324,0.8924696976547369,6.809853750283745,0.6064558504410066,2,0.08696587436435867,1,0.7328883598937935,3,0.75033021324636,3,0.13081634170206546,0.6528569357919868,0.044938888923896525,0.06845228871077691,0.1350602209108041,0.6528569357919868,0.1407922602666572,0.10668089800968103,0.2078017132735669,0.7763922260443725,0.16207468107250422,0.13510400170122616,9
Reweigh_3,0.3,0.0,0.0,0.8001902435333412,0.8924696976547369,7.7486407315728645,0.8572840213364701,5,0.9538837139906873,3,0.9385207158546994,5,0.996969841977632,6,0.055965984877412556,0.28774691990580337,0.008643848941859322,0.0330750709554678,0.08318592176830131,0.28774691990580337,0.08068031001587689,0.05121186986655893,0.06780564868587208,0.019924173469552053,0.02680686337704835,0.0012726017885312801,19
Reweigh_3,0.3,0.0,0.4,0.8349204976597884,0.8924696976547369,4.27561531892815,0.7823120284615579,3,0.7277046574429491,1,0.8807328514842044,5,0.9443230765690024,6,0.021101341758212988,0.14886208298768677,0.009895815021246923,0.014896000195706804,0.05001241793452138,0.14886208298768677,0.03972407940982699,0.02842811887133273,0.1082565543879701,0.13256917583224798,0.05658127880452535,0.02479668624521536,15
Reweigh_3,0.3,0.0,0.8,0.8616572805984024,0.8924696976547369,1.6019370250667464,0.740412149914783,3,0.4374632528079205,3,0.814962246749392,6,0.8818998993866629,6,0.03296326536046801,0.09332734995695924,0.016300936160885127,0.006056277929968101,0.03296326536046801,0.09332734995695924,0.024417463163848158,0.006056277929968101,0.13492157244185665,0.34143273158449744,0.09933238268246647,0.057840498246081784,18
Reweigh_3,0.3,0.4,0.0,0.8204576654091857,0.8924696976547369,5.721898543988413,0.8268888260178374,5,0.8196770632990075,3,0.9172570600109352,5,0.9683676636785281,6,0.027367886985602108,0.21468186246071386,0.001033470787266122,0.027572887836964988,0.0688515295025826,0.21468186246071386,0.06345092652665318,0.03542877880018054,0.07791908763715061,0.0785308117783936,0.03522730093590709,0.012873121507032237,19
Reweigh_3,0.3,0.4,0.4,0.8539664695772486,0.8924696976547369,2.371018127182123,0.7911842357383155,4,0.5196654403621783,3,0.8562742672267125,6,0.9061936790635454,6,0.016456005179506072,0.07277103846880373,0.0014290644987502432,0.005568657559715251,0.056631166062737395,0.07277103846880373,0.019601698699937886,0.012097530002743342,0.09674892993791873,0.24953915909143265,0.06678449926471902,0.040666023209940505,19
Reweigh_3,0.3,0.4,0.8,0.8574794893690616,0.8924696976547369,2.0197161480008274,0.6940942020626168,1,0.12732957971409628,1,0.7463610173405167,4,0.7965986395216798,5,0.11095706802564842,0.5434011686013833,0.050857300408850725,0.04525775664520948,0.11095706802564842,0.5434011686013833,0.07258061524108182,0.050738355937334556,0.14794053981678806,0.6080670808891045,0.13931771452579755,0.09931016317804253,11
Reweigh_3,0.3,0.8,0.0,0.8375147276598964,0.8924696976547369,4.016192318917344,0.8611449281837068,5,0.5905487200294465,3,0.8986028671587302,6,0.9292698838099176,6,0.061102825735864674,0.08014532152803766,0.015473649900425324,0.014727174873884308,0.07673376880473189,0.08970454453815016,0.044242914636000136,0.02283135537251678,0.057296227336829764,0.1892075149687356,0.04162702507518329,0.0277093674493033,20
Reweigh_3,0.3,0.8,0.4,0.858209116556592,0.8924696976547369,1.9467534292477828,0.7326925373910966,3,0.13585777742033203,2,0.7755925051738272,4,0.8096584729363522,6,0.06464111236913406,0.4929173430493881,0.025950440320082646,0.03699658312904086,0.06464111236913406,0.4929173430493881,0.025950440320082646,0.03699658312904086,0.10965365063024873,0.4836223260108741,0.10051093061857574,0.07715977870420576,15
Reweigh_3,0.3,0.8,0.8,0.813745095283906,0.8924696976547369,6.393155556516383,0.6082057883308415,1,0.08809479223224541,1,0.7463414625918275,3,0.7648003186193496,4,0.1373803841307778,0.6478479986842842,0.02908889625576505,0.059770792551287144,0.18421292749324014,0.6478479986842842,0.13556972594186875,0.09809052394120654,0.20990145918267944,0.7654952428943372,0.15283139030434773,0.12713548336390212,9
Reweigh_3,0.3,1.0,0.0,0.842822089868451,0.8924696976547369,3.48545609806189,0.8671593513815469,5,0.42539139610677007,3,0.8855767742567412,6,0.9028369216292461,6,0.06741853319909952,0.07646891531164213,0.027250959335896496,0.0042560719674035186,0.08346850861333122,0.07646891531164213,0.027696869063691884,0.015704303716063503,0.049916033424363404,0.27380294197974625,0.04539627189672568,0.03673266551005816,20
Reweigh_3,0.3,1.0,0.4,0.8572741128273864,0.8924696976547369,2.040253802168346,0.7662932674882204,4,0.1260976189034988,2,0.7867905356496361,5,0.8013547619017994,6,0.07455205275422816,0.5258876545017178,0.01640798867910731,0.04469596528839226,0.07455205275422816,0.5258876545017178,0.022767753673039876,0.04469596528839226,0.09509314136656499,0.5125061398774872,0.09569963665946507,0.08156087940046325,17
Reweigh_3,0.3,1.0,0.8,0.8095240668878968,0.8924696976547369,6.815258396117308,0.6221907910543563,1,0.08746793736695443,1,0.7522771651243563,3,0.7551339845976872,3,0.13876035233729944,0.6503628592238362,0.025067052219238772,0.06561693503428867,0.17646895206295532,0.6503628592238362,0.13008452002981274,0.10237418244553209,0.19956520582162057,0.7715112856750859,0.14705725301447142,0.1313672491527324,8
Reweigh_3,0.5,0.0,0.0,0.8000064855750003,0.8924696976547369,7.767016527406955,0.8913026517360009,5,0.9622702933974973,3,0.9534216490855855,5,0.9939100292039224,6,0.05138907447501062,0.28165864043910205,0.006554591561463874,0.032999912026040246,0.08519693247312354,0.28165864043910205,0.09165412558238739,0.05345679232237105,0.050014577973724716,0.01622649889996014,0.02012768524842745,0.002565349422052221,19
Reweigh_3,0.5,0.0,0.4,0.8345637910347735,0.8924696976547369,4.311285981429636,0.8125820514445581,5,0.7216339746509955,1,0.89327334008998,5,0.9490843497871553,6,0.02976230682001335,0.1421500397121589,0.006966905758999942,0.01563068625804409,0.049581554427409386,0.1428045446034803,0.049197774325080365,0.03149790676678699,0.09037913161848499,0.13625849825724212,0.050240317217896735,0.022664043299161662,17
Reweigh_3,0.5,0.0,0.8,0.8595981105358166,0.8924696976547369,1.8078540313253288,0.7979736291006823,4,0.42564989903717576,1,0.8205885595439721,6,0.8854253740308312,6,0.04815710207310664,0.11141430647869832,0.01432343830399263,0.005188647689695625,0.0634735442845508,0.11141430647869832,0.021360123705194606,0.005188647689695625,0.09991848705374057,0.35359387900184563,0.09642046169910706,0.05634753361533029,17
Reweigh_3,0.5,0.4,0.0,0.8198469404299936,0.8924696976547369,5.782971041907626,0.8728612457619995,5,0.8104351717125203,3,0.9358322713119146,5,0.9749551594157768,6,0.04942634349057207,0.1981029692162275,0.006099753287272969,0.02767723812575007,0.07777195259092436,0.1981029692162275,0.07455599263783572,0.03986160684143017,0.0550306986415075,0.08300992379857347,0.026963439794182864,0.010165984736070999,19
Reweigh_3,0.5,0.4,0.4,0.8519127041604964,0.8924696976547369,2.5763946688573514,0.8288581477191143,5,0.505139365065766,3,0.8734148463747113,6,0.9113802598632892,6,0.04309879854443177,0.08007326813710969,0.005801463638337334,0.005248295916173595,0.07618221602653175,0.08007326813710969,0.028942991321526043,0.015824487419247746,0.07539965721143982,0.25910780016263146,0.058088543298463025,0.03833711382402771,20
Reweigh_3,0.5,0.4,0.8,0.8503453568687643,0.8924696976547369,2.7331293980305538,0.7160087220002354,2,0.11590993371910291,1,0.7520758426351382,4,0.7946284906687239,4,0.09673504214165485,0.5803532552217469,0.030299238959884067,0.04338316328954872,0.10484267299445603,0.5803532552217469,0.09044520828027214,0.057714592045638016,0.1392665138840028,0.6325267025264409,0.1373552374052715,0.10163254392125576,11
Reweigh_3,0.5,0.8,0.0,0.834153037951423,0.8924696976547369,4.3523612897646835,0.903786267304415,5,0.566097707414487,3,0.9313670972263978,5,0.9317546211088985,6,0.08134975731772565,0.05672538755833023,0.032717036461123006,0.011305354791452227,0.09537685488083751,0.09042437629161368,0.05448657284541272,0.02638869990326817,0.03737931520230925,0.20155157698421505,0.027391257676287695,0.0265490128403173,19
Reweigh_3,0.5,0.8,0.4,0.8596737755774864,0.8924696976547369,1.8002875271583507,0.7964809152027619,4,0.191894903580093,2,0.8080742614692342,6,0.8360094852929058,6,0.08306014371164638,0.3932010822123544,0.0016006029893189666,0.021969525255818412,0.09294708706366925,0.3932010822123544,0.01588570445082574,0.021969525255818412,0.08253442866302152,0.4568981859475332,0.08576452504666482,0.06740172250599724,18
Reweigh_3,0.5,0.8,0.8,0.8133073189713879,0.8924696976547369,6.436933187768201,0.6391608642807414,1,0.08870116608011422,1,0.7523678983640357,3,0.7701349275467805,4,0.14578208580625185,0.6438782601466445,0.020527918919660992,0.05654936491739626,0.1939047225800407,0.6438782601466445,0.13348857944790576,0.09386275516742967,0.19346984837447984,0.7597566695919459,0.14753622302234964,0.12323219284854742,9
Reweigh_3,0.5,1.0,0.0,0.8377363181390723,0.8924696976547369,3.994033270999753,0.8659212583522029,3,0.41826636637151904,1,0.9151078252951791,6,0.9169943073112394,6,0.11449147152730377,0.11885805270453687,0.04280101313369311,0.009509269961973654,0.11449147152730377,0.11885805270453687,0.04280101313369311,0.0203279068545804,0.05067215152295701,0.2787901651020964,0.0328568860934374,0.03110674661476126,16
Reweigh_3,0.5,1.0,0.4,0.8555338168689806,0.8924696976547369,2.2142833980089316,0.7800148193213792,4,0.12476674500252771,2,0.7939973366100839,5,0.7986722242506603,5,0.08770741603491794,0.530293856438784,0.008176521177716611,0.04602529886447726,0.08770741603491794,0.530293856438784,0.024232086632566582,0.04602529886447726,0.08946706452140263,0.5187618153895446,0.09219463957616586,0.08292003446982338,16
Reweigh_3,0.5,1.0,0.8,0.8087512025336979,0.8924696976547369,6.8925448315371955,0.6310678778902857,1,0.08812524507993973,1,0.764352095725376,3,0.7590073261066873,4,0.14925752606540565,0.6473076154278516,0.006829174537562488,0.06547215435995646,0.186370648787613,0.6473076154278516,0.12839139217719048,0.09677488910303503,0.19459816813393788,0.7652051611669636,0.13727402933198335,0.12787758064284982,9
Reweigh_3,0.6,0.0,0.0,0.7997254439916552,0.8924696976547369,7.795120685741463,0.9055784497617086,5,0.9703118551171199,3,0.9628465677573973,5,0.9915517724522873,5,0.0528833284550283,0.2768436846547421,0.004370234978888332,0.03302331215842458,0.08670138700831637,0.2768436846547421,0.09762793147846878,0.05508267631449698,0.04276100515735237,0.012684225788109016,0.015946522735933832,0.003562579912125996,18
Reweigh_3,0.6,0.0,0.4,0.8342178937014257,0.8924696976547369,4.345875714764413,0.8391838568926491,5,0.7175556800337813,1,0.899988221340936,5,0.9517261477902883,6,0.03451445497181482,0.14064562017367144,0.005679169978580201,0.015511803800192792,0.06436457205827228,0.14200413690050034,0.05437322547071108,0.03353676262574801,0.07616912438528733,0.13871076802497967,0.04689217464606521,0.021484508745887698,17
Reweigh_3,0.6,0.0,0.8,0.8578253867024094,0.8924696976547369,1.9851264146660497,0.8101114824823401,5,0.4171913730486692,1,0.8224778225900887,6,0.8863566356712983,6,0.06426317585610775,0.12776213256565483,0.012422567307879495,0.005238632894075113,0.08238252734994228,0.12776213256565483,0.02200591744656427,0.005238632894075113,0.09316662385142016,0.3615945008780246,0.0954862262380371,0.05599781175783547,18
Reweigh_3,0.6,0.4,0.0,0.8192956665549707,0.8924696976547369,5.838098429409921,0.9023990282417248,5,0.8054431438275714,3,0.9457913727705258,5,0.9771613303228867,6,0.07512696995071311,0.18906152959185707,0.009036922812922343,0.02771824716354543,0.08374588452430597,0.18906152959185707,0.0800518537820962,0.041253454948531734,0.041318489188285845,0.08542903021444737,0.022611627731652373,0.009257385623408942,19
Reweigh_3,0.6,0.4,0.4,0.8506858495562786,0.8924696976547369,2.69908012927913,0.8532057305449754,5,0.49310518545804155,1,0.8847469917334206,6,0.9143802609499907,6,0.05972641137762513,0.10296036013152143,0.012322485050484833,0.005819435094270964,0.09029677340683859,0.10296036013152143,0.03342162455816995,0.01746985627662208,0.06306898648077192,0.2665212632862439,0.05241104775136801,0.0369602834768622,18
Reweigh_3,0.6,0.4,0.8,0.8455676499518987,0.8924696976547369,3.210900089717117,0.714599463059136,2,0.12362091033887636,1,0.7458965992196701,3,0.7998697262771522,4,0.0996985077344249,0.5635298412646774,0.0249649455956632,0.03472788995633769,0.11978090913349655,0.5635298412646774,0.10901117471984095,0.06269650215186291,0.14271563024691708,0.6388145682444335,0.1434974741146402,0.10033028504472347,10
Reweigh_3,0.6,0.8,0.0,0.8324019327013501,0.8924696976547369,4.527471814771977,0.8893067317301675,4,0.5533386245396625,3,0.9470082480877294,5,0.9359720281251932,6,0.08355966286891348,0.056021449839831705,0.04183154877049111,0.011564638043609632,0.10804318633790033,0.08976962810183234,0.05799256160539751,0.028773948041736844,0.04300557354953777,0.2081655628343556,0.020852132935281043,0.02478396062097571,18
Reweigh_3,0.6,0.8,0.4,0.8588036275982834,0.8924696976547369,1.8873023250786436,0.7765288858324777,3,0.21629929321514818,2,0.8217492936469414,6,0.8460044461444501,6,0.09898108732204569,0.3587577402220451,0.007505249138153092,0.017442653445168488,0.11934616062059944,0.3587577402220451,0.012546438683687058,0.017442653445168488,0.09181744331075392,0.4453240294052657,0.07962213400814783,0.06370976889032565,17
Reweigh_3,0.6,0.8,0.8,0.8124641942213526,0.8924696976547369,6.521245662771724,0.6420183515622775,1,0.08896495336449528,1,0.7568052637885126,3,0.7716987382681595,4,0.140501084113548,0.6417582950637164,0.014234912983247971,0.05587588426766854,0.19637725372966375,0.6417582950637164,0.13259040260333566,0.09226615837840019,0.19186661433313035,0.757284668784762,0.1438674297603511,0.12187724332494343,9
Reweigh_3,0.6,1.0,0.0,0.8369418352015392,0.8924696976547369,4.0734815647530676,0.8594734110655207,3,0.4264070627010875,1,0.9242725517799383,6,0.9176002457741127,6,0.12396160660390387,0.11522024322668445,0.04661850943720314,0.00815878029515027,0.12396160660390387,0.11522024322668445,0.04661850943720314,0.02138872514640787,0.05340804006042399,0.27566288562928887,0.02920372183358666,0.03095142608047241,16
Reweigh_3,0.6,1.0,0.4,0.8538205441397425,0.8924696976547369,2.3856106709327363,0.7760217379873197,2,0.1240120382689408,2,0.7998560708977553,5,0.7962665801173165,5,0.10597544978057627,0.5331620444921572,0.0011978832965319208,0.04787412102488253,0.10597544978057627,0.5331620444921572,0.025506108389142343,0.04787412102488253,0.09164745125357171,0.5223689186081905,0.08916851099819989,0.08394723108912017,14
Reweigh_3,0.6,1.0,0.8,0.8068811950752867,0.8924696976547369,7.079545577378321,0.6303447579079087,1,0.0884642906064241,1,0.7730977644541617,3,0.7583442646653398,4,0.14979684858122122,0.6454578419731399,0.007407769890069749,0.06774934384128184,0.1911476209195785,0.6454578419731399,0.12888645865016604,0.09461710939382681,0.19437962196478903,0.7619890376678212,0.13029330764406138,0.12724734277309263,9
Reweigh_3,0.7,0.0,0.0,0.7994876395749787,0.8924696976547369,7.8189011274091165,0.9319414239775302,5,0.97790388147342,3,0.9708847842328181,4,0.9877428566005925,5,0.06695393271798789,0.27134835924100553,0.0031598055667773073,0.03349636272369261,0.09599088310167239,0.27134835924100553,0.10323542169804632,0.057472406285323185,0.03025772450685943,0.009389762252398293,0.012427807086862641,0.005181602516124817,17
Reweigh_3,0.7,0.0,0.4,0.8337260709305719,0.8924696976547369,4.395057991849793,0.8639089417084619,5,0.7114756766670198,1,0.9074046355575375,5,0.9543883039507534,6,0.04000960650840946,0.13898290246157108,0.0034060226426312346,0.015784786526717443,0.08010273823090623,0.13981174702243623,0.059236081105869295,0.03528504497110033,0.06327725947677448,0.14219888233885158,0.04320198145283893,0.020286463152187795,17
Reweigh_3,0.7,0.0,0.8,0.8555878633273162,0.8924696976547369,2.2088787521753694,0.8234094309793348,4,0.4036154706753655,1,0.8228603353215065,6,0.8859800066926395,6,0.08653016651508139,0.15433611334546948,0.010188143053343812,0.004679311394415464,0.11087189372851937,0.15433611334546948,0.02475740139078103,0.005656946129862561,0.08735136045949798,0.3733721578441319,0.09536663007833651,0.056255532454782986,17
Reweigh_3,0.7,0.4,0.0,0.8185173975549382,0.8924696976547369,5.915925329413163,0.9404148370627635,3,0.7960881171125638,2,0.9586555247595948,5,0.9796183284075489,6,0.10297405063359,0.17409502431724655,0.014302256780229228,0.027907330018549725,0.10297405063359,0.17409502431724655,0.0856048645870771,0.042659107984048594,0.02456109626362407,0.08977338431984333,0.017068389613344004,0.008239928502854987,16
Reweigh_3,0.7,0.4,0.4,0.8480916195561705,0.8924696976547369,2.9585031292899355,0.8701363269541157,4,0.4720577432938616,1,0.8986814785096723,6,0.9135484665207217,6,0.0821439802350864,0.1515633264185824,0.02216016678696331,0.0014539931474401024,0.11444428470134482,0.1515633264185824,0.03669997017405233,0.019537160665546588,0.05596695125081774,0.2787996951687862,0.04545618367955073,0.03717778856907422,17
Reweigh_3,0.7,0.4,0.8,0.8386010614724417,0.8924696976547369,3.907558937662814,0.687276714269615,1,0.13357984330094874,2,0.735017112428967,3,0.7985171200622743,4,0.11489953808138487,0.5377788910757242,0.019073440131496366,0.030727836325153635,0.14134333547156894,0.5377788910757242,0.137312629420023,0.07187097427104,0.16093618004394,0.6479792963870994,0.1539761733622786,0.1031214069992098,10
Reweigh_3,0.7,0.8,0.0,0.8301049582220877,0.8924696976547369,4.757169262698213,0.895726197294902,3,0.5436188912990743,3,0.9621421259256093,5,0.9421252365052345,6,0.11223603991704378,0.0784909473208868,0.050770657890218174,0.012892922518463967,0.13146658467078454,0.0901189501889893,0.060687433134954685,0.03153463604191448,0.040572845881593766,0.21332282652564083,0.014693896682875518,0.02227768301845373,17
Reweigh_3,0.7,0.8,0.4,0.8576578426815691,0.8924696976547369,2.001880816750079,0.7620599240072953,2,0.23597103000651795,1,0.835235962388282,6,0.8524560465654445,6,0.11396731194395215,0.3344604462951216,0.01672526560874321,0.01619179075934707,0.13525970966231649,0.3344604462951216,0.01672526560874321,0.01619179075934707,0.09895435195556196,0.43655494471527484,0.07346669945238277,0.061405264947996085,15
Reweigh_3,0.7,0.8,0.8,0.8110914141796288,0.8924696976547369,6.658523666944105,0.6372893909942792,1,0.08916246987414714,1,0.762817287325499,3,0.7720522218501655,4,0.1432373236225164,0.6400332254374123,0.0065950240290053586,0.05572768342923429,0.19741873733882365,0.6400332254374123,0.131015984817913,0.09153135998190118,0.19424500050196652,0.7554432804283903,0.13909093658395455,0.12116088136563641,9
Reweigh_3,0.7,1.0,0.0,0.8354123204306422,0.8924696976547369,4.226433041842769,0.8551136283169986,3,0.4339699699475679,1,0.9355477343025664,6,0.9164425936008715,6,0.13572838455196257,0.1131224862690241,0.051898551911236934,0.004385614799195969,0.13572838455196257,0.1131224862690241,0.051898551911236934,0.022885643329543473,0.05534575173886319,0.27272070436967777,0.024703551412511682,0.0314385114734127,16
Reweigh_3,0.7,1.0,0.4,0.8516424718688185,0.8924696976547369,2.60341789802514,0.763880666173261,2,0.12312404311859623,2,0.8065296214189229,6,0.7928738404296444,5,0.12196990507863414,0.536238072259543,0.007410896686434798,0.0503905055868169,0.12196990507863414,0.536238072259543,0.027791454562735865,0.0503905055868169,0.09721169118504991,0.5266696955227299,0.08579326221576095,0.08544231582490958,15
Reweigh_3,0.7,1.0,0.8,0.8063137072627631,0.8924696976547369,7.136294358630679,0.6273379133681073,1,0.08876159104716749,1,0.7760977051852732,3,0.763023224436198,4,0.15403431470217743,0.6432339570332055,0.012255795987320739,0.06345951245490156,0.19378646846346206,0.6432339570332055,0.12890225812440412,0.09259421505133714,0.1960656641975249,0.759189118386215,0.12784470263668463,0.12418385944064458,9
Reweigh_3,0.8,0.0,0.0,0.7989255564082886,0.8924696976547369,7.875109444078133,0.9417193808845553,5,0.9839029067091816,3,0.9797113013783028,4,0.9861518225959988,5,0.08028153359615431,0.26401324390803727,0.0016845027041223481,0.033274197896246194,0.09581832291825051,0.26401324390803727,0.10904463760134456,0.058663148869721404,0.02546773222518095,0.006817747883941183,0.008611177569249118,0.005861030524206001,17
Reweigh_3,0.8,0.0,0.4,0.8331477738263812,0.8924696976547369,4.452887702268871,0.8973440956648535,5,0.7036779805447941,1,0.916416501475299,5,0.956240942890301,6,0.06331611095088352,0.13859768055736177,0.00024773888959128687,0.015031785885495585,0.0928595838081718,0.13859768055736177,0.06472165376606265,0.03712691770837287,0.04675606125950782,0.1465614508495025,0.038748508239768276,0.019445538485622527,17
Reweigh_3,0.8,0.0,0.8,0.8522423875563434,0.8924696976547369,2.5434263292726467,0.8242696910747903,3,0.3839198859430828,1,0.8239521480451699,6,0.8874366187169647,6,0.11742994397982576,0.2017564032005419,0.008241474311489472,0.004649993013832621,0.13339861891635968,0.2017564032005419,0.02660691224760131,0.005189642068297057,0.08764905861315514,0.3893547376056662,0.09465688743118306,0.0554857574792359,16
Reweigh_3,0.8,0.4,0.0,0.8173067568882211,0.8924696976547369,6.03698939608488,0.9540162064441797,3,0.7826794557326948,2,0.9741375520836816,5,0.9829558070971554,6,0.12130146745848891,0.15251154765141328,0.02174459307674803,0.027584959557853228,0.12130146745848891,0.17117384986229914,0.09086909009419478,0.044931640296691305,0.018600511320829627,0.09593975142503891,0.010540053825622342,0.006864514692545898,16
Reweigh_3,0.8,0.4,0.4,0.8456811475144034,0.8924696976547369,3.1995503334666497,0.8797522300828177,3,0.45776845264165755,1,0.9064697386458801,6,0.9177117965768903,6,0.1035639541692247,0.18989362572851842,0.026744451946219328,0.002746824586981056,0.1388633383564593,0.18989362572851842,0.03882564859439176,0.021295724590537135,0.05195724105057642,0.2875424735171636,0.04163670102224731,0.03525692317083401,16
Reweigh_3,0.8,0.4,0.8,0.8342070844097587,0.8924696976547369,4.346956643931121,0.6691622180532568,1,0.15154905566625462,2,0.7372526523770648,3,0.7992662446399684,4,0.1261764163722655,0.49411479619960563,0.007975381640404788,0.02844603173931115,0.15672181587758915,0.49411479619960563,0.15099288551060358,0.07668315168106435,0.17426645448143302,0.644813300924009,0.15498503885252468,0.10444573882188851,10
Reweigh_3,0.8,0.8,0.0,0.8287862246386994,0.8924696976547369,4.889042621037043,0.8811816825447796,3,0.5407332213208839,3,0.9675175638770481,5,0.9437763153435189,6,0.12709610761290768,0.08739556609231891,0.05247751356077168,0.01183633644441251,0.13744333928982735,0.0923901416871911,0.06269653448815746,0.033100698677574134,0.04645250042394372,0.21526826963513612,0.012552937084816362,0.02161367798870084,17
Reweigh_3,0.8,0.8,0.4,0.8555878633273162,0.8924696976547369,2.2088787521753694,0.7479934407531845,1,0.2507285272483579,1,0.8490076503606075,6,0.8565231203687901,6,0.1374398622387527,0.31654546538926576,0.028204626918594156,0.01565918135290778,0.14439316774581076,0.31654546538926576,0.028204626918594156,0.01565918135290778,0.10595623619544231,0.43082542683315717,0.06699891917738093,0.05993154165850528,14
Reweigh_3,0.8,0.8,0.8,0.8092754531795532,0.8924696976547369,6.840119766951669,0.6381182184675485,1,0.08932955271936667,1,0.7707584448827917,3,0.7702195668215244,4,0.14546094916641583,0.6386199153821269,0.004140777319205147,0.0587029298151277,0.1983997422591616,0.6386199153821269,0.12991436754227764,0.09066992102071333,0.19354941169432166,0.7538919737993922,0.1329880084016723,0.12160138143823401,9
Reweigh_3,0.8,1.0,0.0,0.8340827775555868,0.8924696976547369,4.359387329348308,0.8514773603786807,3,0.4415049186050627,1,0.9451871312557976,6,0.9185917187813372,6,0.14682697527574928,0.11473959426203084,0.056660105366737934,0.004001079209965619,0.14682697527574928,0.11473959426203084,0.056660105366737934,0.024162450366517582,0.05697707310917316,0.269858049935948,0.02092086827019224,0.030677164921537936,16
Reweigh_3,0.8,1.0,0.4,0.8500210781187508,0.8924696976547369,2.7655572730319045,0.752429147227018,1,0.12224867463239977,2,0.8081420714040376,6,0.7921984470669478,5,0.13084795805772964,0.5387321488276936,0.011641204431271812,0.049848322543585954,0.13084795805772964,0.5387321488276936,0.03116470003320855,0.049848322543585954,0.10247782162753744,0.5309704724372692,0.08519416073860181,0.08595447556529501,14
Reweigh_3,0.8,1.0,0.8,0.8053678942418904,0.8924696976547369,7.230875660717951,0.6260175960961016,1,0.08899871256783021,1,0.7796915370910118,3,0.7673782265311758,4,0.16395555063124911,0.6414049675498951,0.016958288913404118,0.05866673347042217,0.19733072256665607,0.6414049675498951,0.12836716371186274,0.09150298241658739,0.1971752939621012,0.7569693625593559,0.12510434887692845,0.12140130603593602,9
Reweigh_3,0.9,0.0,0.0,0.798185119929091,0.8924696976547369,7.949153091997885,0.9756496151727131,3,0.9888022843430954,3,0.9896868132763349,4,0.9818470898519102,5,0.11389716532951077,0.2554553370527606,0.001163876068153713,0.034307275634647416,0.11389716532951077,0.2554553370527606,0.1143751495042566,0.060908071325533525,0.010414701960153039,0.0047275976148323795,0.004347002200298045,0.007703004043777384,15
Reweigh_3,0.9,0.0,0.4,0.8324992163263542,0.8924696976547369,4.5177434522715725,0.9219904413964323,4,0.6963052227477828,1,0.925418615476615,5,0.9589829133473008,6,0.07953316943657907,0.1368933949024589,0.003990376113628513,0.015494557140498189,0.10263228610440776,0.1368933949024589,0.06908199518822537,0.03877192713440453,0.03475923512753415,0.15070213665357285,0.03434548984130714,0.018201118495151714,16
Reweigh_3,0.9,0.0,0.8,0.8475133224519797,0.8924696976547369,3.016332839709013,0.8137645684946678,3,0.36545079931206487,1,0.8321354183844384,6,0.8807630288077772,6,0.13158499592931938,0.25404625827300564,0.005275298308184961,0.010131942121602622,0.13855792376791654,0.25404625827300564,0.03181690609491733,0.010131942121602622,0.09367058797295791,0.4059968841552183,0.0899254222679034,0.05901232527602468,16
Reweigh_3,0.9,0.4,0.0,0.8157394095964892,0.8924696976547369,6.193724125258071,0.936614745071772,3,0.7754842256371342,2,0.9875091843750933,5,0.9839984350365826,6,0.1297686325342562,0.15173456711196986,0.027339576673285793,0.025090201535639567,0.1297686325342562,0.17121283007822238,0.09570375052327545,0.04705972452566255,0.025704513082412228,0.09934273675679073,0.005037156617162419,0.006430067950197849,16
Reweigh_3,0.9,0.4,0.4,0.8440273258893345,0.8924696976547369,3.3649324959735383,0.8598866432537142,3,0.4546063891587838,1,0.908183829106936,6,0.9216166602381151,6,0.126178103841179,0.2016964565429068,0.026446710858049505,0.004126270388670861,0.15694922628304236,0.2016964565429068,0.039905903901037085,0.022797364226925437,0.06094926957576652,0.29082890054442817,0.04086552342520644,0.033579191253833574,16
Reweigh_3,0.9,0.4,0.8,0.8322127700971755,0.8924696976547369,4.546388075189434,0.6569388263719534,1,0.1686966284185593,2,0.7528032769373236,3,0.8071194869278804,5,0.13969796390520206,0.4615295846278133,0.0030396017465827985,0.024009321476137213,0.1668765406176856,0.4615295846278133,0.14257189095114078,0.07398317255628378,0.18248055653727258,0.6336266264523356,0.1450618118419178,0.1007931036513589,11
Reweigh_3,0.9,0.8,0.0,0.826710840638613,0.8924696976547369,5.096581021045687,0.8380023756805877,3,0.5310425812779848,1,0.9703706339389857,5,0.9464880865692535,6,0.1636941170500157,0.10863621353880015,0.052204100257789765,0.011291565931778269,0.1636941170500157,0.10863621353880015,0.06426103053765041,0.034882151006142614,0.06360057772465993,0.2205024912644467,0.011392718973838478,0.02048995827774297,15
Reweigh_3,0.9,0.8,0.4,0.8537502837439063,0.8924696976547369,2.3926367105163604,0.738710883235328,1,0.2637653658200391,1,0.8605241042966512,6,0.8585275401118423,6,0.1513745982789101,0.302652388981965,0.037125403491438225,0.017871039584047788,0.1513745982789101,0.302652388981965,0.037125403491438225,0.017871039584047788,0.1109171337824909,0.42599430320192294,0.061707903689070975,0.0593627927101561,14
Reweigh_3,0.9,0.8,0.8,0.8072595202836358,0.8924696976547369,7.041713056543408,0.6320309767282009,1,0.08949589690142545,1,0.779941372851975,3,0.7725412791282763,4,0.15453012684897272,0.6372066053268415,0.01585808659375343,0.056541400216124305,0.19784386193359788,0.6372066053268415,0.12841672088693035,0.08949902273290622,0.19624750493801996,0.7523532794194103,0.12617217854135804,0.1196972060285797,9
Reweigh_3,0.9,1.0,0.0,0.8326289278263596,0.8924696976547369,4.504772302271032,0.842442810150979,3,0.44856328146453656,1,0.9523395415353461,6,0.9240426550104589,6,0.15590812775655505,0.12763934657185194,0.05927738433613505,0.0051889628905138485,0.15590812775655505,0.12763934657185194,0.05927738433613505,0.026456384511569633,0.060715639873916594,0.2673168917570007,0.018155127554211448,0.02865700475489652,16
Reweigh_3,0.9,1.0,0.4,0.8480537870353356,0.8924696976547369,2.9622863813734246,0.7426196219005166,1,0.12143038725615597,2,0.8086849399057475,6,0.7929345280302736,5,0.13830596800127737,0.5416769520215575,0.01633498408893308,0.048256756000223944,0.13830596800127737,0.5416769520215575,0.03618550867427632,0.048256756000223944,0.10710311077463125,0.5360861399524162,0.08515046961588174,0.08586423405961502,14
Reweigh_3,0.9,1.0,0.8,0.8051949455752164,0.8924696976547369,7.248170527385344,0.6221810371658951,1,0.08918552539233679,1,0.7800323246389816,3,0.7697739124018953,4,0.16938301345682982,0.639763033809196,0.017136323425170352,0.05642923106525177,0.19875019798095367,0.639763033809196,0.1280800931613441,0.09077206680020813,0.1995734866407592,0.7552288721951141,0.12482978361238817,0.1200190912623828,9
Reweigh_3,1.0,0.0,0.0,0.7975041345540627,0.8924696976547369,8.017251629500722,0.9930629003710593,3,0.9970348110022849,3,0.9997771676384088,4,0.9795751415569461,5,0.1168795430332622,0.24485632130935409,0.004002722269960901,0.03402153433172017,0.11689682218284682,0.25573614907155645,0.12008302481630488,0.06261882166575972,0.0029229352369132267,0.0012428223210674272,9.327454993013351e-05,0.008677562012481876,15
Reweigh_3,1.0,0.0,0.4,0.8312615524304693,0.8924696976547369,4.641509841860058,0.9168178196979229,4,0.6848363591251849,1,0.9360368213349816,5,0.9585368202380733,6,0.08074577669228045,0.13463591561731902,0.009681278214393463,0.01396066764237791,0.11385321432388776,0.13463591561731902,0.07325565115234016,0.039241316819376426,0.037081752340424656,0.157029306234986,0.02921720129608979,0.018381170258874868,16
Reweigh_3,1.0,0.0,0.8,0.8439948980143331,0.8924696976547369,3.3681752834736733,0.8014852299542788,2,0.3655232398325463,1,0.8261859505677039,6,0.8785098355451223,6,0.14435633900526423,0.25239981372507514,0.006297934135551131,0.01003267738631719,0.1518522086950762,0.25239981372507514,0.04251744634653684,0.012175201272658281,0.10122591324910707,0.41148004092133283,0.09426785874034305,0.060655559732194775,15
Reweigh_3,1.0,0.4,0.0,0.8132694864505529,0.8924696976547369,6.440716439851702,0.9244593330722587,3,0.7615727079240666,1,0.9926384952517624,5,0.9845346970864464,6,0.14216238644538826,0.1503836089708882,0.03889228763572827,0.0217188371065693,0.14216238644538826,0.17039179512656602,0.09943451593102492,0.04923914568817525,0.030687047121787714,0.10579895339909651,0.0029393119545142454,0.006184532642882101,15
Reweigh_3,1.0,0.4,0.4,0.8429355874309556,0.8924696976547369,3.4741063418114226,0.8550199745743112,3,0.4588558114887102,1,0.9134469118538556,6,0.9236907385007799,6,0.13889555325869773,0.1983573938444605,0.028997488336673483,0.003944046679829838,0.17909978156176565,0.1983573938444605,0.041764696238564145,0.024106981815773004,0.06342523449821663,0.2899279226107304,0.038482212476867395,0.032752572081937936,16
Reweigh_3,1.0,0.4,0.8,0.8300995535762542,0.8924696976547369,4.757709727281567,0.6445641407698817,1,0.18196125575115063,2,0.7683379284384271,3,0.8133804232800745,6,0.15473356006354222,0.43665237813815383,0.013217338071334073,0.021147274524387805,0.1781591087994423,0.43665237813815383,0.13349065117527745,0.07152243001157044,0.1908494628580364,0.6260645878287311,0.13516039215627235,0.09791165999323287,12
Reweigh_3,1.0,0.8,0.0,0.8254407488677267,0.8924696976547369,5.22359019813432,0.8218127120407747,3,0.5363744127712715,1,0.9788580410461741,5,0.9474521412665635,6,0.17978215955595633,0.1144619674521895,0.05563288640265107,0.00930672285709322,0.17978215955595633,0.1144619674521895,0.06698713426754627,0.036608263810602365,0.07022079176207163,0.21853928333526507,0.008093413464778654,0.020136462122128773,15
Reweigh_3,1.0,0.8,0.4,0.8519613459729984,0.8924696976547369,2.571530487607143,0.729472621607521,1,0.27535758381162534,1,0.8664420714574825,6,0.8627344076466409,6,0.15903885749095692,0.29243114993195507,0.04142820796535329,0.015933702447604836,0.15903885749095692,0.29243114993195507,0.04142820796535329,0.015933702447604836,0.11584237679427528,0.42211097056397273,0.05924119752028867,0.05791326394067681,14
Reweigh_3,1.0,0.8,0.8,0.8057840519710744,0.8924696976547369,7.189259887799548,0.6290947127399646,1,0.08966697529314112,1,0.7857250487668539,3,0.7765625562559434,4,0.16276705974996042,0.6354607517291361,0.022907582599922205,0.051531179711981734,0.2029905345815752,0.6354607517291361,0.12743969141680295,0.08901170571850417,0.19790870471333988,0.7507767482923797,0.1219750046627307,0.11709710621367025,9
Reweigh_3,1.0,1.0,0.0,0.8309642969096235,0.8924696976547369,4.67123539394464,0.8249107184311871,3,0.45527672035988437,1,0.9606905584064179,6,0.9293686826785333,6,0.16857528118157195,0.14483528267072288,0.06293486546426008,0.0072123357368572005,0.1686453065888258,0.14483528267072288,0.06293486546426008,0.02803356740000043,0.06773271898848687,0.2650380219195386,0.014929396045371746,0.026673374024497265,16
Reweigh_3,1.0,1.0,0.4,0.847902456951996,0.8924696976547369,2.977419389707392,0.7318202108242998,1,0.13442148965216252,2,0.8093515879237847,6,0.8046263447167741,6,0.14939650090472822,0.5157882565139678,0.019491142611393175,0.039580218373008624,0.14991735176383983,0.5157882565139678,0.04015824970781673,0.039580218373008624,0.11279846996630816,0.5327661495055388,0.08576691934957148,0.08164999402199125,15
Reweigh_3,1.0,1.0,0.8,0.8049301179293721,0.8924696976547369,7.274653291969779,0.623617897891584,1,0.08937448641709915,1,0.7806464252691666,3,0.7722079842475275,4,0.17044485667018716,0.6381626680112993,0.01759807002590874,0.05429477580518516,0.1987386258547882,0.6381626680112993,0.12773682844888426,0.08995204262426618,0.19920409465106537,0.7534757695818561,0.12437137233496859,0.1186145470854712,9
Reweigh_8,0.0,0.0,0.0,0.7445007728643542,0.8373950007946549,13.317587798471564,0.7813240012935625,1,0.5889860374168804,0,0.9763905246216723,5,0.9372453414258295,5,0.15414146592060252,0.45859382517246183,0.012778461145877107,0.05982890240959271,0.15414146592060252,0.45859382517246183,0.09331335720461735,0.060366630402256066,0.10515066696574388,0.21700349790747636,0.009503915972523591,0.02607202563369798,11
Reweigh_8,0.0,0.0,0.4,0.7832628927826359,0.8373950007946549,9.441375806643393,0.7842303790886193,1,0.7348268936840875,0,0.9067397857913553,5,0.9899762455948199,6,0.11496850213850696,0.3547838084484436,0.013632690587692231,0.04622422821668315,0.11496850213850696,0.3547838084484436,0.050994655492171206,0.04622422821668315,0.10786152026734452,0.13202001732289054,0.04052276090244311,0.004128266062203678,12
Reweigh_8,0.0,0.0,0.8,0.8333909828888912,0.8373950007946549,4.428566796017863,0.7517485214301031,3,0.5787526848770678,0,0.8192813911407504,6,0.9298940906191469,6,0.059086050829304404,0.20945143308012515,0.02385255107060469,0.02203144575088123,0.06911353662938757,0.20945143308012515,0.02385255107060469,0.02203144575088123,0.13311321239840895,0.2246412729964442,0.08993982141641488,0.03150205322757743,15
Reweigh_8,0.0,0.4,0.0,0.7768746014073697,0.8373950007946549,10.080204944170013,0.7961839782017237,2,0.7656323968573422,0,0.9416241348486789,5,0.9739838949457148,6,0.14346660503886532,0.38224368573912326,0.005221887954655058,0.05197373577421083,0.14346660503886532,0.38224368573912326,0.07345725784271845,0.05197373577421083,0.09260204643077852,0.10487296227296211,0.02286666941560378,0.010003113842950884,13
Reweigh_8,0.0,0.4,0.4,0.8223655053884319,0.8373950007946549,5.531114546063797,0.785396431880467,3,0.6938421307459198,0,0.8543226045129294,6,0.946543985852028,6,0.05875025222540875,0.2433938642721265,0.008999431338906017,0.028816820809275834,0.07344011426322923,0.2433938642721265,0.0198396303281074,0.028816820809275834,0.1008760004368272,0.1333965078389201,0.06258376311214109,0.021156091344200045,15
Reweigh_8,0.0,0.4,0.8,0.8531233448272135,0.8373950007946549,2.4553306021856347,0.6249662705479822,1,0.18146425231940871,1,0.723989474255457,3,0.8018016238087416,5,0.10339062277841515,0.4121910534943277,0.06721103465866907,0.041106608914349585,0.10339062277841515,0.4121910534943277,0.10227504951983427,0.057919008023169294,0.20227629844629363,0.5933888639003722,0.16190952435721406,0.10144920903519594,10
Reweigh_8,0.0,0.8,0.0,0.8086701328461946,0.8373950007946549,6.900651800287527,0.8099538744475615,5,0.7682263491365714,1,0.8931190250742452,5,0.9607122970722111,6,0.08284913187699605,0.24156671383724526,0.005629682719301199,0.034330266476417126,0.09774503448432599,0.24156671383724526,0.04243120547763084,0.034330266476417126,0.07864911331203844,0.08852871829783743,0.04012781802180598,0.013901528146095021,17
Reweigh_8,0.0,0.8,0.4,0.8546042177856085,0.8373950007946549,2.3072433063461406,0.7175623760740251,3,0.2105023490232134,1,0.7684641292055926,5,0.817077691136664,6,0.06314956407987671,0.3451946431847367,0.03166180550696296,0.03149647939504019,0.0634489707235609,0.3451946431847367,0.03166180550696296,0.03149647939504019,0.11940888620884876,0.4208370588346649,0.09985460019537445,0.07087231947103201,15
Reweigh_8,0.0,0.8,0.8,0.8435463124101478,0.8373950007946549,3.4130338438922103,0.5917989668065243,1,0.14939792712430128,0,0.7310070740263322,4,0.779057442314927,4,0.14596246099589616,0.4910471181668175,0.06453104280688449,0.056330328575682764,0.14596246099589616,0.4910471181668175,0.08092361943271464,0.05888939523241678,0.20634764028449604,0.6194993857870056,0.14684739015101178,0.10651459941989833,9
Reweigh_8,0.0,1.0,0.0,0.8232140347843006,0.8373950007946549,5.4462616064769325,0.7811742378478514,4,0.4118344320097569,2,0.8234425024143669,6,0.8788701634094662,6,0.0116679050056413,0.010158418356547072,0.001300372143092643,0.005088710212365344,0.06134014689342559,0.02856553070625374,0.009241058490820471,0.005088710212365344,0.07907998917203418,0.24145143114360842,0.06299584420067172,0.039704029294494514,18
Reweigh_8,0.0,1.0,0.4,0.8418870861392453,0.8373950007946549,3.578956470982453,0.6754618327021388,1,0.15121638191121267,0,0.7869235748461122,4,0.7824563192300463,5,0.12769500768841702,0.5005828223836651,0.027710288730163568,0.05388059252108435,0.12769500768841702,0.5005828223836651,0.03208361812776618,0.05388059252108435,0.14238604499611035,0.5913909065394128,0.10312945453375427,0.09685447785619528,10
Reweigh_8,0.0,1.0,0.8,0.8377633413682402,0.8373950007946549,3.9913309480829717,0.6306345957377615,1,0.14348117753522005,0,0.7526981586286617,4,0.7771212401513172,4,0.1281641112844657,0.560947191537862,0.04126158174796479,0.0553952829962332,0.1281641112844657,0.560947191537862,0.07135480266036648,0.05820720283858452,0.17521772361423144,0.6238085955258196,0.1293712313577443,0.10472740345694403,9
Reweigh_8,0.3,0.0,0.0,0.7589257725941219,0.8373950007946549,11.875087825494802,0.8226964029616701,3,0.67080873700303,0,0.9814461883371653,4,0.9460756968441658,5,0.13631822390198145,0.4176885187534678,0.01033538030198744,0.055835886695185244,0.13631822390198145,0.4176885187534678,0.10122079958656242,0.06017672070506774,0.08183478486851803,0.1626178901613725,0.007435142041238241,0.022225658043824315,12
Reweigh_8,0.3,0.0,0.4,0.7999146065958298,0.8373950007946549,7.776204425324007,0.8421825994303864,5,0.8035270510736224,2,0.903631219183207,5,0.996310535367553,6,0.08744221006679354,0.2951905364001004,0.012941896863069569,0.039783814579119836,0.0920310243100125,0.2951905364001004,0.0541039843853313,0.04135130506267212,0.07538249222838544,0.0930848789488043,0.04233789745698202,0.0015235188783458975,18
Reweigh_8,0.3,0.0,0.8,0.8494103531395588,0.8373950007946549,2.8266297709511057,0.7881192895108661,3,0.4246925531341879,0,0.7623963840878094,4,0.8685957868683738,6,0.08144650337390957,0.10341058098020128,0.04066371775617106,0.00806740028480979,0.08144650337390957,0.1161436176166668,0.08450583586064386,0.024630679733385757,0.10987843338811382,0.3698995854829512,0.13970194769305472,0.06808563689957642,13
Reweigh_8,0.3,0.4,0.0,0.7903429788245976,0.8373950007946549,8.733367202447228,0.8542535218295495,4,0.8928200472990385,2,0.9500856136896241,5,0.984951327648422,6,0.09024240744060597,0.32441145757087786,0.0026147201988573343,0.046688848336186584,0.10663643905755218,0.32441145757087786,0.07868714666647494,0.046688848336186584,0.06260031798452753,0.04382555190054088,0.019411681516781853,0.0057300416983798175,17
Reweigh_8,0.3,0.4,0.4,0.8442489163685104,0.8373950007946549,3.342773448055947,0.8230749082548025,5,0.5438495017938804,0,0.843392247138686,6,0.9255836104773155,6,0.0346488317263518,0.1351157683397095,0.012392260210344341,0.015912033567475725,0.0660559253064684,0.1351157683397095,0.01939838703032526,0.01949534221125432,0.0757781145076793,0.2188473028927554,0.06943983099620493,0.030342159536535795,17
Reweigh_8,0.3,0.4,0.8,0.8478970523061624,0.8373950007946549,2.977959854290746,0.5772877665814966,1,0.15064649649302886,1,0.7312295748374639,4,0.7815796354691004,4,0.15981952945081357,0.48788713761338565,0.06228028559793475,0.05697243027828469,0.15981952945081357,0.48788713761338565,0.0901894214346732,0.061106854368791846,0.2211112951886865,0.6183222376138366,0.15186343021394,0.10892405340873434,10
Reweigh_8,0.3,0.8,0.0,0.8183930907007664,0.8373950007946549,5.928356014830349,0.8730297456166309,5,0.5565927764836186,2,0.9316596721757676,6,0.9383370206883642,6,0.05589454324456444,0.06289981302217695,0.03654156319018953,0.013746533379060955,0.09377865025946128,0.08542659032864224,0.04853627168649447,0.02872098721582158,0.04391687353159057,0.18703655774524994,0.024261002706293167,0.02130289973167182,19
Reweigh_8,0.3,0.8,0.4,0.835352869326473,0.8373950007946549,4.232378152259686,0.6662268063643834,1,0.1474308152033042,0,0.7574483538921863,4,0.7959698487462462,5,0.1265698406410939,0.5465181371886481,0.03309388355082343,0.044061052046241445,0.1265698406410939,0.5465181371886481,0.06382374243648789,0.044061052046241445,0.14917128074219216,0.6009748226501782,0.12065204426378978,0.09098531061737936,10
Reweigh_8,0.3,0.8,0.8,0.8367905051181996,0.8373950007946549,4.088614573087024,0.6340215876610061,1,0.14269227759000921,0,0.756152309451965,4,0.776649478307669,4,0.1324664070627236,0.5725603288995024,0.03870630784061213,0.05719247338082045,0.1324664070627236,0.5725603288995024,0.07120091940436885,0.05848461932181355,0.17187285484267673,0.6243831568243281,0.12792004104545568,0.10552926466675211,9
Reweigh_8,0.3,1.0,0.0,0.8223168635759299,0.8373950007946549,5.535978727313995,0.8362284432743257,5,0.2475814967968855,0,0.8143222204455167,6,0.8365268885296044,6,0.08496907922005958,0.32853248484948055,0.004197001258598343,0.021937351249912362,0.0877452537481502,0.32853248484948055,0.004197001258598343,0.021937351249912362,0.05189220730659072,0.3511185124926248,0.06470933419487518,0.05262818931187491,17
Reweigh_8,0.3,1.0,0.4,0.8305967809929415,0.8373950007946549,4.707986985612833,0.6753108642368698,1,0.14456233024636697,0,0.7862261317404737,4,0.7669014425424279,4,0.11602463907395977,0.6100090628071703,0.008735632005732574,0.06819021099166411,0.11602463907395977,0.6100090628071703,0.05481466679472717,0.06819021099166411,0.14315940604754734,0.6149618068091934,0.10336620110719935,0.10409729925045308,9
Reweigh_8,0.3,1.0,0.8,0.8341368240139224,0.8373950007946549,4.3539826835147455,0.6481937212774332,1,0.14269227759000921,0,0.7697117509503002,4,0.7639776683266069,4,0.13104681192631107,0.5956051483515075,0.024508452791420554,0.0696782081915518,0.13104681192631107,0.5956051483515075,0.06622677568974042,0.0696782081915518,0.16084265296806094,0.6243831568243281,0.11791526736818886,0.11036053723096217,9
Reweigh_8,0.5,0.0,0.0,0.7684217353236842,0.8373950007946549,10.925491552538569,0.8559354507605857,3,0.7344677111938854,0,0.9831346605183687,4,0.9517824236233321,5,0.1211411890076165,0.3888497355013727,0.007748544685541425,0.0526021521159149,0.1211411890076165,0.3888497355013727,0.10422342164393454,0.060620324416868404,0.0644281594500174,0.12507738935620916,0.0067455889672083935,0.019771737370856524,12
Reweigh_8,0.5,0.0,0.4,0.812447980283852,0.8373950007946549,6.522867056521786,0.8763792686644033,5,0.8051144158135598,2,0.8988944815759969,5,0.9842293796168852,6,0.06193338844209806,0.24112750069930877,0.014168774250400529,0.03206287644739514,0.07592058921834094,0.24112750069930877,0.055282620545837005,0.04135331972142875,0.05705736444788778,0.0886738240102487,0.0451982033271231,0.006627318210449262,18
Reweigh_8,0.5,0.0,0.8,0.8451514922227147,0.8373950007946549,3.252515862635519,0.7104033567374487,1,0.3408302195167571,0,0.8039507084948264,5,0.8883895920889066,6,0.11781758293710032,0.17529562217270211,0.018194187471006207,0.006647439416756162,0.11781758293710032,0.2369322237539416,0.05873980072319926,0.020617226966583857,0.1551593015603575,0.46453146320101,0.1151742274914776,0.059238616304425395,12
Reweigh_8,0.5,0.4,0.0,0.799703825408321,0.8373950007946549,7.797282544074891,0.9151554450507119,5,0.9170124630149772,2,0.9609004132429028,5,0.9944415753014901,6,0.08522988610497906,0.26829166237432467,0.010095659247331024,0.03969400116389077,0.08826312247745992,0.26829166237432467,0.08421473552066411,0.04669430450384486,0.03438693654457786,0.03218582572175405,0.015060022399845774,0.0020963928807262167,18
Reweigh_8,0.5,0.4,0.4,0.8532962934938874,0.8373950007946549,2.4380357355182514,0.7699533052072024,1,0.38069077009941055,0,0.8240385165620491,6,0.8733043403415333,6,0.12974216622695933,0.16093442275940895,0.006956500799958243,0.014190825398035067,0.12974216622695933,0.16093442275940895,0.009566938631160371,0.014190825398035067,0.1029524728462165,0.3584179526844964,0.08436960638689955,0.05591877475904905,13
Reweigh_8,0.5,0.4,0.8,0.8428923502642872,0.8373950007946549,3.4784300584782657,0.5929200248464246,1,0.14755716058547602,0,0.7312725335037614,4,0.781748192982436,4,0.14801950152175336,0.49429349497841174,0.06638900750335752,0.05414992456350565,0.14801950152175336,0.49429349497841174,0.08313834572162661,0.06078814291076448,0.2044275804590145,0.6208400288168587,0.14887279067386272,0.10671192987810957,9
Reweigh_8,0.5,0.8,0.0,0.8202847167425119,0.8373950007946549,5.739193410655796,0.8531745691211255,3,0.42952818684926364,0,0.9343786272725864,6,0.9119844700141561,6,0.12724828547266231,0.23161455353985433,0.04933657848433792,0.0033769580674708477,0.13194738212841037,0.23161455353985433,0.04933657848433792,0.025591906051489123,0.05140306528346944,0.2637086683432649,0.023145864051481724,0.03048954076657706,15
Reweigh_8,0.5,0.8,0.4,0.8319641563888318,0.8373950007946549,4.571249446023806,0.673085642251775,1,0.1469313170776154,0,0.7718085626952484,4,0.7842683241821751,5,0.138329264788842,0.5991390457643138,0.018524884674344877,0.05410000522198366,0.138329264788842,0.5991390457643138,0.06064120066939403,0.05410000522198366,0.14598137429777025,0.6033711499632647,0.11128591000916,0.09565754974615404,10
Reweigh_8,0.5,0.8,0.8,0.8344448888264352,0.8373950007946549,4.323176202263468,0.6438189259926009,1,0.14269227759000921,0,0.7664505869495605,4,0.7673021849564979,4,0.13230163828823716,0.5956051483515075,0.02843547721480222,0.0671702211439531,0.13230163828823716,0.5956051483515075,0.06829288195803068,0.0671702211439531,0.16394929803310077,0.6243831568243281,0.1209963084456413,0.10971707521704721,9
Reweigh_8,0.5,1.0,0.0,0.8318668727638278,0.8373950007946549,4.580977808524212,0.7497280684595083,2,0.21097006947599573,0,0.7985636549900252,5,0.7940597154874744,5,0.14407272699067175,0.47495481664181294,0.006376095196923948,0.04688702026553082,0.14407272699067175,0.47495481664181294,0.010416995988881836,0.04688702026553082,0.08976845765335162,0.42959379818876425,0.07788131806982268,0.07361776560291672,12
Reweigh_8,0.5,1.0,0.4,0.8304346416179348,0.8373950007946549,4.724200923113509,0.6805697003380141,1,0.14422579748149322,0,0.7842852489737138,4,0.7638474794391773,4,0.11646402247259036,0.6116302125764682,0.010623519807204773,0.07095205231016322,0.11646402247259036,0.6116302125764682,0.055789614769372664,0.07095205231016322,0.1410708485485631,0.616639235928354,0.10475293717766543,0.1058583835802634,9
Reweigh_8,0.5,1.0,0.8,0.831007534076292,0.8373950007946549,4.666911677277785,0.6492947111374745,1,0.14269227759000921,0,0.7802562705031969,4,0.7630886557826049,4,0.12261689587675462,0.6174705085402209,0.013989182533879707,0.07144819721597695,0.12261689587675462,0.6174705085402209,0.06403022962992443,0.07144819721597695,0.15930879444392393,0.6243831568243281,0.11106526171418896,0.11023134713080418,9
Reweigh_8,0.6,0.0,0.0,0.7731562050738815,0.8373950007946549,10.452044577518837,0.8747593309691389,3,0.7721067312918571,0,0.9849872547322855,4,0.9550669237943306,5,0.1003001977700817,0.37214532875724504,0.005738718904034434,0.05241920391564103,0.1099635213546824,0.37214532875724504,0.10585197784810703,0.05954222669364642,0.055068907793717425,0.10448973705771253,0.0059993012532102985,0.01838501799834924,12
Reweigh_8,0.6,0.0,0.4,0.8196415638883184,0.8373950007946549,5.803508696075143,0.8780853596062915,5,0.7804519690629694,0,0.8955286766173154,5,0.9752751513517164,6,0.06330074339650826,0.20982173990456532,0.016267544736205508,0.028046587621828656,0.06879129589122349,0.20982173990456532,0.056374734338261,0.03941049930913701,0.05518557445221017,0.10065456382666144,0.04730948305277216,0.010527089416069502,16
Reweigh_8,0.6,0.0,0.8,0.8454001059310583,0.8373950007946549,3.2276544918011574,0.6703460383837062,1,0.3181800741780976,0,0.8089525522955844,5,0.8829540663431248,6,0.13451361351474855,0.21543683028170413,0.01228313023941563,0.002457724278319473,0.13451361351474855,0.2474602208919162,0.05555549270417984,0.021710447533144245,0.1747429968693851,0.48125025639058805,0.11067310254399165,0.06157474056905948,12
Reweigh_8,0.6,0.4,0.0,0.8044923416168539,0.8373950007946549,7.318430923221597,0.9451024997546557,5,0.8590138882462104,2,0.9727429124684794,5,0.9990704882729347,6,0.09200983666434004,0.2268734726040148,0.01776148096938923,0.03521733096415225,0.09424834515348636,0.2268734726040148,0.08823034523781745,0.046866411290144724,0.021431855153853596,0.05649366558028518,0.010402628309967965,0.0003487121857454478,18
Reweigh_8,0.6,0.4,0.4,0.8447839763060326,0.8373950007946549,3.2892674543037237,0.6630034842257532,1,0.31510490860143,0,0.8463804180433165,6,0.8361573612624705,6,0.18371256470053998,0.23453630959803795,0.014218465008028036,0.02208077703117528,0.18371256470053998,0.24526150901802113,0.019673317595889556,0.03562767243769813,0.1680392030031388,0.4616528764088535,0.07844327112486066,0.07907256085314257,13
Reweigh_8,0.6,0.4,0.8,0.8399630322224985,0.8373950007946549,3.771361862657141,0.6036281919419957,1,0.1443358191425318,0,0.7418655663192665,4,0.7840881529183195,4,0.14632529176119669,0.5081437075966535,0.05485677378343734,0.051211867169670744,0.14632529176119669,0.5081437075966535,0.07905515311405284,0.05998360100950367,0.19275228505493297,0.6231861541191019,0.1405733786116573,0.10454091911181373,9
Reweigh_8,0.6,0.8,0.0,0.8259109530552463,0.8373950007946549,5.176569779382357,0.8116730890592935,3,0.3726239177478686,0,0.9104167551859987,6,0.8959830146122636,6,0.15828688089818577,0.2934232545010988,0.04060067042867166,0.0102232797915347,0.15828688089818577,0.2934232545010988,0.04060067042867166,0.020661550380848936,0.06838724173012695,0.308157117386102,0.032939035486485746,0.037134323918790846,15
Reweigh_8,0.6,0.8,0.4,0.8313480267638061,0.8373950007946549,4.632862408526373,0.6748125617421862,1,0.14659932502557815,0,0.7753820647922334,4,0.7789184056016032,5,0.13089573808532018,0.6009680352476242,0.01532502001525704,0.058936380713661696,0.13089573808532018,0.6009680352476242,0.05985600089934813,0.058936380713661696,0.14483862125663943,0.6049729055883277,0.10922867655248064,0.09815975399735893,10
Reweigh_8,0.6,0.8,0.8,0.8333909828888912,0.8373950007946549,4.428566796017863,0.6342201237217523,1,0.14269227759000921,0,0.7710138876860197,4,0.7676405612813582,4,0.13202702366409302,0.6031355421094461,0.024402861922206642,0.0670525148085579,0.13202702366409302,0.6031355421094461,0.06678019507701063,0.0670525148085579,0.16848573312557474,0.6243831568243281,0.11806184182265023,0.10938977089253676,9
Reweigh_8,0.6,1.0,0.0,0.8274566817636441,0.8373950007946549,5.021996908542581,0.6358174201198633,1,0.1758391326579783,0,0.787508689876043,5,0.745352240263755,4,0.20711320388495136,0.5545989950514235,0.008011388461251823,0.06792786511663129,0.20711320388495136,0.5545989950514235,0.040472074224153956,0.06792786511663129,0.15472504735245896,0.5371369289160903,0.09418726722898219,0.1050077050204496,10
Reweigh_8,0.6,1.0,0.4,0.8304778787846032,0.8373950007946549,4.719877206446665,0.6763115695819598,1,0.14406189593357469,0,0.7844323283233177,4,0.7629989257123855,4,0.12163517831563675,0.6123992195183147,0.010336810099080052,0.07123862630778943,0.12163517831563675,0.6123992195183147,0.05623708656942018,0.07123862630778943,0.1431792125573691,0.6174590321144099,0.10487531000425865,0.10647337473094437,9
Reweigh_8,0.6,1.0,0.8,0.8301698139720904,0.8373950007946549,4.7506836876979435,0.6401240949542374,1,0.14269227759000921,0,0.7788872689680463,4,0.7614386747708318,4,0.12566436529308633,0.6174705085402209,0.016425795669385623,0.07369243174608553,0.12566436529308633,0.6174705085402209,0.0637136416264116,0.07369243174608553,0.16344775021774366,0.6243831568243281,0.11187125191704084,0.11105410387495435,9
Reweigh_8,0.7,0.0,0.0,0.7775555867823981,0.8373950007946549,10.012106406667176,0.89761980512015,4,0.8140187508317472,2,0.985445866429874,4,0.9595472084426706,5,0.09147591451425074,0.3513664467180302,0.003564294810421753,0.04940434102094016,0.10180622244608697,0.3513664467180302,0.10609699046815908,0.05957520590176532,0.04418602081166528,0.08292834294823404,0.005819251083334864,0.016510333405468036,15
Reweigh_8,0.7,0.0,0.4,0.8268783846594533,0.8373950007946549,5.079826618961658,0.9207023367166604,5,0.7373295477032825,0,0.8911763945423481,5,0.9619722450518529,6,0.0901467887350823,0.16963612345703305,0.01738984343741301,0.019894332454064134,0.09186110580028033,0.16963612345703305,0.055323237236044584,0.03694898905594046,0.03512091144425966,0.12385146376643102,0.05010155204473771,0.01647269324217182,16
Reweigh_8,0.7,0.0,0.8,0.8446488601601937,0.8373950007946549,3.302779068887618,0.6449487709023194,1,0.29533386880268975,0,0.8146079723854507,5,0.875486912969534,6,0.17176213507362137,0.2623913133843354,0.0035384027422757924,0.00542822383398045,0.17176213507362137,0.2623913133843354,0.05458012647681593,0.022104963982961134,0.18633860930062524,0.4983801160219903,0.10573845620212902,0.06489134393820861,12
Reweigh_8,0.7,0.4,0.0,0.8077945802211581,0.8373950007946549,6.988207062791174,0.9533150088538713,4,0.7873729626460787,1,0.9902848357022362,5,0.9891661774532687,6,0.09739670055033711,0.16062270224159647,0.030627267680529813,0.02769722279852227,0.10484696527419193,0.16404896938643382,0.090854793132907,0.046645390506200604,0.017607626690252454,0.08840777343919287,0.003650220308714258,0.004057522648761636,16
Reweigh_8,0.7,0.4,0.4,0.8420222022850843,0.8373950007946549,3.5654448563985586,0.6687285105292758,1,0.295014284141503,0,0.8511217238241378,6,0.8777959835131447,6,0.19393764930238422,0.3012502243299907,0.020699630826213622,0.0002786657502320544,0.19393764930238422,0.3012502243299907,0.02194306054545897,0.01632838066987899,0.1631682369739249,0.48850545120297756,0.07596296109950224,0.05842965948465678,13
Reweigh_8,0.7,0.4,0.8,0.8362554451806773,0.8373950007946549,4.1421205668392584,0.6210311915062573,1,0.14269227759000921,0,0.7511743071855461,4,0.783519995865463,4,0.14094284512797206,0.5675703089394225,0.044498338003328475,0.05086240355207805,0.14094284512797206,0.5675703089394225,0.07641189450275462,0.06021339468306561,0.17826800088680655,0.6243831568243281,0.1334064798740957,0.10393785836237979,9
Reweigh_8,0.7,0.8,0.0,0.8317533752013231,0.8373950007946549,4.592327564774679,0.760487714170362,2,0.31445515164288823,0,0.8757152899384721,6,0.868913599303241,6,0.19092597500010755,0.370740125933443,0.029316722389557737,0.024587249233050446,0.19092597500010755,0.370740125933443,0.029316722389557737,0.024587249233050446,0.09263669838975253,0.36910029300167424,0.049074262773472876,0.049461816697343564,14
Reweigh_8,0.7,0.8,0.4,0.8303427626387643,0.8373950007946549,4.73338882103056,0.6735626943667298,1,0.14626623345544815,0,0.7777229652851781,4,0.7734088146027362,4,0.12349087365501588,0.6027138888453296,0.013741408253271192,0.06420479773281229,0.12349087365501588,0.6027138888453296,0.059070041880736945,0.06420479773281229,0.14498443112959025,0.606587273462407,0.10784791441618446,0.10071562625318864,9
Reweigh_8,0.7,0.8,0.8,0.8317966123679915,0.8373950007946549,4.588003848107835,0.6312731270849227,1,0.14269227759000921,0,0.7771630596641541,4,0.7683710537375044,4,0.13542233827100725,0.6174705085402209,0.01811743674166688,0.06582255417102412,0.13542233827100725,0.6174705085402209,0.06555629349385375,0.06582255417102412,0.16981570013534952,0.6243831568243281,0.11408024400463174,0.1087458870314783,9
Reweigh_8,0.7,1.0,0.0,0.824505745138521,0.8373950007946549,5.317090571054884,0.6252090746303092,1,0.16822653535734353,0,0.7940629403554937,5,0.7734752428535479,5,0.21219271670961526,0.5716834195432554,0.0052014868028197325,0.05106344051572498,0.21219271670961526,0.5716834195432554,0.04291260991648141,0.05106344051572498,0.16284462578272518,0.5652089941481314,0.09373136358011125,0.09558578608540746,11
Reweigh_8,0.7,1.0,0.4,0.8305751624096073,0.8373950007946549,4.710148843946261,0.6753254530771016,1,0.14382803738370872,0,0.7842756816463915,4,0.7624915597244344,4,0.11807509493423585,0.613563121916785,0.010988075596649494,0.07168154461573484,0.11807509493423585,0.613563121916785,0.05617518516709412,0.07168154461573484,0.1438251164501822,0.6186319712729206,0.10519314579113442,0.10695057109854295,9
Reweigh_8,0.7,1.0,0.8,0.8298779630970783,0.8373950007946549,4.779868775199159,0.6386104413837616,1,0.14269227759000921,0,0.7799249017844543,4,0.7618976241132766,4,0.1265614397319571,0.6174705085402209,0.016010213111415927,0.07337525504215459,0.1265614397319571,0.6174705085402209,0.06339457962698893,0.07337525504215459,0.16452425670576543,0.6243831568243281,0.11146302779944062,0.11102653957180725,9
Reweigh_8,0.8,0.0,0.0,0.7821225125117551,0.8373950007946549,9.555413833731475,0.9253789872122967,5,0.8645193074199093,2,0.9906587442540913,4,0.9632076997117326,5,0.09640066859583085,0.3270106829613003,0.00021779808908362064,0.04757984107292479,0.09698653842390267,0.3270106829613003,0.1090525035940829,0.05941604325189598,0.031483810585097194,0.05846663506123739,0.003726975602452942,0.014993112857732194,16
Reweigh_8,0.8,0.0,0.4,0.833688238409737,0.8373950007946549,4.3988412439332825,0.8770152446587919,4,0.6556077800762625,0,0.870992657309061,5,0.9420776983148142,6,0.0925547907449562,0.12097718340881336,0.023928724926364553,0.00899795307647755,0.10698260924546227,0.12097718340881336,0.04228331540124383,0.030585011061610157,0.055393602342800996,0.17506720341068305,0.0616374963921647,0.025823003037078518,15
Reweigh_8,0.8,0.0,0.8,0.8449515203268729,0.8373950007946549,3.2725130522196944,0.6447132709361807,1,0.2835689084404555,0,0.8127823641839049,5,0.8718049807947461,6,0.17177053598275815,0.27805897225972376,0.003847768010028063,0.007588901920325686,0.17177053598275815,0.27805897225972376,0.05514356084106775,0.023182223033050176,0.18498234603793973,0.5078846583894017,0.1061643991171487,0.06640756186456515,12
Reweigh_8,0.8,0.4,0.0,0.8102699080129279,0.8373950007946549,6.740674283614201,0.9158027481976726,3,0.6960834812217611,1,0.9940005887907611,5,0.9764480041631635,6,0.10637647826951258,0.09565372022752916,0.044692452423736206,0.016580381618805595,0.12457622079273058,0.14671279949445995,0.09034679368203108,0.046992310873296333,0.032023416295665796,0.13168514784868324,0.002235705243114172,0.008814293070977586,15
Reweigh_8,0.8,0.4,0.4,0.8374282533265595,0.8373950007946549,4.024839752251042,0.6781626320266043,1,0.2835918886978795,0,0.8528617755332129,6,0.8806036148664186,6,0.19818683281829552,0.4071813972752836,0.030725139768903564,0.0011520495815591225,0.19818683281829552,0.4071813972752836,0.030725139768903564,0.013037713919780008,0.15559519260680815,0.4992394482617303,0.07376319165640771,0.05611324394206707,13
Reweigh_8,0.8,0.4,0.8,0.8348718558472863,0.8373950007946549,4.280479500178358,0.6222834682498849,1,0.14269227759000921,0,0.7577951158039604,4,0.7769961477526339,4,0.14147376673465062,0.5870767506015528,0.037891749959469756,0.05798118109980621,0.14147376673465062,0.5870767506015528,0.07443155135398075,0.06082675320991866,0.17732136714649205,0.6243831568243281,0.1289322567485734,0.1070402556249862,9
Reweigh_8,0.8,0.8,0.0,0.8277485326386562,0.8373950007946549,4.992811821041365,0.6657164375985201,1,0.2369176818967854,0,0.8155253749341662,6,0.8157594411429276,6,0.23854415082669755,0.4848113972827509,0.015222265736067664,0.04405516672947152,0.23854415082669755,0.4848113972827509,0.03981521676597155,0.04405516672947152,0.1461717235913097,0.48080499505348095,0.08323964446141857,0.07732365838777899,13
Reweigh_8,0.8,0.8,0.4,0.8304292369721012,0.8373950007946549,4.724741387696863,0.6691528234166211,1,0.14582617930648034,0,0.77963056219608,4,0.7712657031525632,4,0.12047339598509454,0.6047299340712514,0.012509822091108624,0.06553851118892329,0.12047339598509454,0.6047299340712514,0.0587357434054276,0.06553851118892329,0.14721700742547567,0.6087313557951686,0.10714320299988683,0.10208531251909914,9
Reweigh_8,0.8,0.8,0.8,0.8303373579929307,0.8373950007946549,4.733929285613914,0.6323304979189716,1,0.14269227759000921,0,0.7810646410344785,4,0.7653931848003974,4,0.13258465382151807,0.6174705085402209,0.014880714107769477,0.06974875201646191,0.13258465382151807,0.6174705085402209,0.06446802744883721,0.06974875201646191,0.169045583955457,0.6243831568243281,0.11165693627403167,0.11013696147634078,9
Reweigh_8,0.8,1.0,0.0,0.8240787781176699,0.8373950007946549,5.359787273139993,0.6292170442050089,1,0.1651221459134881,0,0.7838471392580278,4,0.8003346165421236,6,0.21141103950879736,0.5794566248473249,0.011265204956431907,0.039174705463653314,0.21141103950879736,0.5794566248473249,0.050146378594535565,0.03959330701164156,0.16133039333304638,0.5762897910674352,0.10034337406616334,0.08462951743474034,11
Reweigh_8,0.8,1.0,0.4,0.8304778787846032,0.8373950007946549,4.719877206446665,0.6711136467634502,1,0.14352990405185026,0,0.7835875955893746,4,0.7615474712278238,4,0.11891724644827784,0.6146023204868477,0.011497485049732803,0.07197993629179888,0.11891724644827784,0.6146023204868477,0.05697373616775879,0.07197993629179888,0.14591691882071084,0.6201328289058538,0.10584761860456315,0.10767564320256029,9
Reweigh_8,0.8,1.0,0.8,0.829526661117897,0.8373950007946549,4.814998973117291,0.6371964325297204,1,0.14269227759000921,0,0.7810503979957174,4,0.7624273875074786,4,0.1274035912459991,0.6174705085402209,0.016021923998990495,0.07351753763239022,0.1274035912459991,0.6174705085402209,0.06261300560184602,0.07351753763239022,0.1655345166406782,0.6243831568243281,0.11100592838267026,0.11096695043137195,9
Reweigh_8,0.9,0.0,0.0,0.7875271583453136,0.8373950007946549,9.014949250375626,0.9581118017238294,3,0.9228977165566976,2,0.9947511753307703,4,0.9662835387775829,5,0.11014104913221567,0.29988209162658974,0.001975238140447644,0.04415727768110056,0.11014104913221567,0.29988209162658974,0.11251454917833312,0.060974677639806935,0.01717052607547015,0.0320559198137223,0.0020871374648208096,0.013697769806723381,14
Reweigh_8,0.9,0.0,0.4,0.833001848388875,0.8373950007946549,4.467480246019484,0.7881419426924523,1,0.5383896145841068,2,0.8103958811066554,6,0.8994149583138363,6,0.15158839096681587,0.09590467643980871,0.03291918818152517,0.010245409711666542,0.15158839096681587,0.09590467643980871,0.03291918818152517,0.010245409711666542,0.10382292156789585,0.26835673879225325,0.09962368718826758,0.047821916478693216,15
Reweigh_8,0.9,0.0,0.8,0.8443948418060164,0.8373950007946549,3.3281809043053445,0.6404215229821922,1,0.2675759515591421,0,0.8102716986941804,5,0.8680321403253173,6,0.16989324980610543,0.3005912551892155,0.005083990395437055,0.010344933193892292,0.16989324980610543,0.3005912551892155,0.05565156029194368,0.023866114892000106,0.18531716095558415,0.5205708912551219,0.10678840368400155,0.06780404746846846,12
Reweigh_8,0.9,0.4,0.0,0.8139126393047463,0.8373950007946549,6.3764011544323544,0.8430282529840472,3,0.5966050861108451,0,0.9958046655554514,5,0.9685661171717463,6,0.1413790068339753,0.13840492927189096,0.04737124982869201,0.009427073115769513,0.1491932388022178,0.14600636360490724,0.08212825830256376,0.047847590655860806,0.06080980009191961,0.18373272784379796,0.0015712177634720215,0.011843156148649614,14
Reweigh_8,0.9,0.4,0.4,0.8347151211181131,0.8373950007946549,4.29615297309568,0.6833147116522855,1,0.25247598579416114,0,0.8442381507667589,6,0.878311472462319,6,0.22272865034491174,0.4763210827378788,0.026958877271368697,0.0034991854175869808,0.22272865034491174,0.4763210827378788,0.034111379235474554,0.012602044424464248,0.1513866921086846,0.5214886968742756,0.0773472027480705,0.05634452722001948,13
Reweigh_8,0.9,0.4,0.8,0.8338882103055787,0.8373950007946549,4.378844054349118,0.6212424389741045,1,0.14269227759000921,0,0.761780590275482,4,0.7746305359329031,4,0.1419314577748908,0.5956051483515075,0.03445125292703399,0.06047724226570117,0.1419314577748908,0.5956051483515075,0.07299049136100252,0.06123368570857794,0.17810804496466187,0.6243831568243281,0.12633671995249707,0.10816734511907983,9
Reweigh_8,0.9,0.8,0.0,0.8226681655551111,0.8373950007946549,5.500848529395874,0.6380390171527108,1,0.19612301184524658,0,0.8457201752250273,6,0.8154337881209783,6,0.24354110771971782,0.5529269432204302,0.020244302386435264,0.037927408781118443,0.24354110771971782,0.5529269432204302,0.02081617228073497,0.037927408781118443,0.16324377082677283,0.5379896658063728,0.07021524868282808,0.07982730443966646,13
Reweigh_8,0.9,0.8,0.4,0.8305805670554408,0.8373950007946549,4.709608379362907,0.6679222603984867,1,0.14525037038750324,0,0.7829417859722705,4,0.768955906438177,4,0.12151693155684218,0.6073071465250071,0.0107320552090453,0.06710171906762652,0.12151693155684218,0.6073071465250071,0.05744918117137937,0.06710171906762652,0.14803680852019996,0.6115564995748074,0.10570923441183622,0.10360973854506278,9
Reweigh_8,0.9,0.8,0.8,0.8289970058262082,0.8373950007946549,4.867964502286171,0.6359120785554819,1,0.14269227759000921,0,0.7802745995723447,4,0.7631022966578809,4,0.12600380957453206,0.6174705085402209,0.017091856381673987,0.07363701756044916,0.12600380957453206,0.6174705085402209,0.06388837535762895,0.07363701756044916,0.16726017189305759,0.6243831568243281,0.11210843091396733,0.11127061427745344,9
Reweigh_8,0.9,1.0,0.0,0.8236950482634873,0.8373950007946549,5.39816025855826,0.6311816023046412,1,0.16342862781426307,0,0.7773881027954179,4,0.8073072460806799,6,0.21165664877092305,0.5817220777300617,0.013289546363622451,0.037605362930219655,0.21165664877092305,0.5817220777300617,0.05605620159280901,0.037605362930219655,0.16068633381593322,0.5806240870167125,0.10430308808642319,0.08187778325403522,11
Reweigh_8,0.9,1.0,0.4,0.8303805951595992,0.8373950007946549,4.72960556894707,0.6700006888086186,1,0.14325292527316885,0,0.7816381279475155,4,0.7601667289996437,4,0.11975939796231982,0.6157038709711142,0.012545720969353358,0.07275563139193153,0.11975939796231982,0.6157038709711142,0.058641117057922784,0.07275563139193153,0.14665391172404885,0.6215327885466568,0.10720337614862074,0.10859545974779444,9
Reweigh_8,0.9,1.0,0.8,0.8291050987428794,0.8373950007946549,4.857155210619046,0.6387213148303093,1,0.14269227759000921,0,0.7824872081351395,4,0.7633522054029188,4,0.12395335371425598,0.6174705085402209,0.015655503102941948,0.07378851154176014,0.12395335371425598,0.6174705085402209,0.06190134371740043,0.07378851154176014,0.1652396520232321,0.6243831568243281,0.11039287892134764,0.1107375416705661,9
Reweigh_8,1.0,0.0,0.0,0.7926669765330278,0.8373950007946549,8.500967431604211,0.9962685692614297,3,0.9979492149000274,2,0.9994939652452497,4,0.9730226017049963,5,0.12310233040027474,0.2646461176445074,0.006316452485274127,0.03918793919352814,0.12310233040027474,0.2646461176445074,0.11514852630892451,0.06098273166673941,0.001483138903111525,0.0008133120160101481,0.0002004480307492562,0.010897646585995291,14
Reweigh_8,1.0,0.0,0.4,0.834704311826446,0.8373950007946549,4.297233902262388,0.7319625227239667,1,0.46939623724344604,0,0.8578783462142635,6,0.8901167904605799,6,0.20693504557880316,0.1316199427063488,0.004903262627265814,0.012974550121399364,0.20693504557880316,0.14061648165304846,0.0058436760200519244,0.012974550121399364,0.13629268797157051,0.3303156987930172,0.0737512792573588,0.053499690258441146,13
Reweigh_8,1.0,0.0,0.8,0.8426815690767784,0.8373950007946549,3.499508177229149,0.6431870387309636,1,0.24766484452101922,0,0.8065675096618514,5,0.8661057295759527,6,0.16506843333030585,0.3354517007614163,0.006891227377480047,0.01133213274753031,0.16506843333030585,0.3354517007614163,0.05708972803629367,0.024104943194926842,0.1815428985044189,0.5360416448702712,0.10788123932422378,0.06802245912076749,12
Reweigh_8,1.0,0.4,0.0,0.8166095575756921,0.8373950007946549,6.106709327337779,0.7597838849618592,2,0.5020405450324793,0,0.9689530171114416,5,0.9567535067017052,6,0.19180988812938227,0.18678804008145333,0.04108910185634007,0.0033468916730059473,0.19180988812938227,0.18678804008145333,0.06904681578335721,0.04484241653477518,0.09586882904466837,0.24165051393382725,0.011998201778901152,0.016580526302512555,13
Reweigh_8,1.0,0.4,0.4,0.8333423410763893,0.8373950007946549,4.43343097726806,0.6842492896191237,1,0.22864367979272773,0,0.8284418077251228,6,0.8724883571886431,6,0.21505082476688708,0.5105553950087106,0.015490580963029354,0.0076265002029987095,0.21505082476688708,0.5105553950087106,0.0395233882577771,0.013749526221105368,0.14891094357956347,0.5384940348616806,0.08515079361904876,0.05845422532415945,13
Reweigh_8,1.0,0.4,0.8,0.8326289278263596,0.8373950007946549,4.504772302271032,0.6169302963670958,1,0.14269227759000921,0,0.7660091336087163,4,0.7763867474065628,4,0.1423159182486926,0.6031355421094461,0.031264144960077345,0.06012957105873129,0.1423159182486926,0.6031355421094461,0.07132389547169432,0.06022964466622992,0.18052279928159704,0.6243831568243281,0.12369069010541267,0.10725786617898414,9
Reweigh_8,1.0,0.8,0.0,0.8219061104925794,0.8373950007946549,5.577054035649043,0.6312111508407617,1,0.1857452314408112,0,0.8385599059264902,6,0.8523341304675038,6,0.24077562457026425,0.5743645518540174,0.014164376916519839,0.02201733698589925,0.24077562457026425,0.5743645518540174,0.02389379921625691,0.02201733698589925,0.16528175565121433,0.5579670326576259,0.07460415294488043,0.06384434194804423,13
Reweigh_8,1.0,0.8,0.4,0.8305265205971053,0.8373950007946549,4.715013025196457,0.6636129435585358,1,0.14453190194370685,0,0.7869104112489939,4,0.7658660948380804,4,0.12245062127893214,0.6101753345783804,0.008731222284995788,0.06882528889095885,0.12245062127893214,0.6101753345783804,0.05584164594035004,0.06882528889095885,0.15021969990125356,0.6151131537973884,0.10396490701372169,0.10558785265463516,9
Reweigh_8,1.0,0.8,0.8,0.8284403273053517,0.8373950007946549,4.92363235437182,0.631568379851683,1,0.14269227759000921,0,0.7812212394332535,4,0.7642731267034635,4,0.1265896541060395,0.6174705085402209,0.01736063346140937,0.07433979777280042,0.1265896541060395,0.6174705085402209,0.06319804968988285,0.07433979777280042,0.16960039883774514,0.6243831568243281,0.11177697806386455,0.11091016763199629,9
Reweigh_8,1.0,1.0,0.0,0.8238896155134954,0.8373950007946549,5.37870353355745,0.6325525524569259,1,0.1627672988261839,0,0.7782060421821637,4,0.8061330148426323,6,0.21154508747726086,0.5824079487863032,0.012376718245163398,0.03834761381219398,0.21154508747726086,0.5824079487863032,0.056109921758840386,0.03834761381219398,0.1602716059359921,0.5814737810959859,0.10394926757203088,0.08247773860921176,11
Reweigh_8,1.0,1.0,0.4,0.8301590046804233,0.8373950007946549,4.751764616864662,0.6656495883828044,1,0.14291006038559562,0,0.7791122189146453,4,0.7591712810210814,4,0.12071139532601938,0.6167638535125782,0.013507117950196323,0.07293514061014417,0.12071139532601938,0.6167638535125782,0.061233718249741276,0.07293514061014417,0.1488533647433798,0.6232732789108986,0.10897408326576935,0.10940828340178987,9
Reweigh_8,1.0,1.0,0.8,0.8285862527428578,0.8373950007946549,4.909039810621207,0.6341121288123802,1,0.14269227759000921,0,0.784199584588544,4,0.7655308591627362,4,0.12479550522829785,0.6174705085402209,0.015550052028245887,0.0737307262932525,0.12479550522829785,0.6174705085402209,0.06073574354395714,0.0737307262932525,0.16775377616983084,0.6243831568243281,0.10965102386247871,0.10991351791615839,9
Reweigh_15,0.0,0.0,0.0,0.7213472701133895,0.8157705101011901,15.632938073568036,0.7765808004593006,1,0.4852956312246687,0,0.9829659601695243,5,0.9207162352225943,5,0.1495225509725162,0.5002130610038096,0.015757737134179273,0.0667818184640876,0.1495225509725162,0.5002130610038096,0.0914277496285805,0.0667818184640876,0.11026746988254976,0.3121015873332742,0.006969965688375268,0.03405162127748862,11
Reweigh_15,0.0,0.0,0.4,0.7623090808859295,0.8157705101011901,11.536756996314034,0.7827025115044531,1,0.5931488522752001,0,0.9155757171746474,5,0.9708837058044417,6,0.11724166134476999,0.4180984637305937,0.01400826360077534,0.05273990898693981,0.11724166134476999,0.4180984637305937,0.0497834551163,0.05273990898693981,0.1096948419968885,0.23590307387176668,0.036792926877639964,0.012270167394445808,12
Reweigh_15,0.0,0.0,0.8,0.8151935403672997,0.8157705101011901,6.248311048177014,0.7407293460948029,3,0.5988468181728599,0,0.8300862818057617,6,0.9509554190571762,6,0.05809639950732681,0.27284359820693627,0.02254655529488714,0.030689744071049185,0.07727457950970856,0.27284359820693627,0.02254655529488714,0.030689744071049185,0.1396150250639272,0.22215876714679245,0.08349318662450139,0.0217994167571946,15
Reweigh_15,0.0,0.4,0.0,0.7575475879065645,0.8157705101011901,12.012906294250536,0.791814258822686,2,0.600934829143865,0,0.949771258902444,5,0.9527366076946135,6,0.13839839995967562,0.43241469393993226,0.00733113595108692,0.059686022349149326,0.13839839995967562,0.43241469393993226,0.07302341699644532,0.059686022349149326,0.09715813982062899,0.21707533118822003,0.02002694592211518,0.01889360496369369,13
Reweigh_15,0.0,0.4,0.4,0.8074216596586425,0.8157705101011901,7.025499119042733,0.7898819825138266,4,0.6322042506173062,0,0.8594682902187933,6,0.9697985437192232,6,0.07759721635083205,0.3112479250938385,0.011145450602155216,0.0377104941643156,0.07855103497613969,0.3112479250938385,0.01933598035029903,0.0377104941643156,0.09981989319979129,0.18782680766092763,0.06063825326771355,0.011970928243124068,16
Reweigh_15,0.0,0.4,0.8,0.8588360554732848,0.8157705101011901,1.8840595375785085,0.5726837806992435,2,0.20767627235727118,1,0.7109545139863853,4,0.8101038853974355,6,0.12472521561929639,0.3583962075577749,0.07737159041414554,0.03840747374071396,0.12472521561929639,0.3583962075577749,0.09529213567973974,0.04404644108051482,0.22741244847377595,0.5369630105583997,0.16392435628918262,0.09280813591932824,13
Reweigh_15,0.0,0.8,0.0,0.7990606725541275,0.8157705101011901,7.861597829494238,0.8155667447474461,5,0.6964762535598658,0,0.8975419674333319,5,0.9833200210275839,6,0.09195643066610815,0.31809485739787347,0.0033560292918071166,0.04497796652190944,0.09202998699362419,0.31809485739787347,0.04283984282357661,0.04497796652190944,0.07746499318236882,0.13527498837847235,0.03900934097721992,0.005965843676026483,16
Reweigh_15,0.0,0.8,0.4,0.8540529439105855,0.8157705101011901,2.362370693848437,0.644649660403226,1,0.22629305437436742,1,0.7821413538957183,5,0.8126175125318083,6,0.10630867064172322,0.30147912475985483,0.026981948675447898,0.03545248488800257,0.10630867064172322,0.30147912475985483,0.026981948675447898,0.03545248488800257,0.14787213734440258,0.43177039682041884,0.09491602871110749,0.07418199761416416,13
Reweigh_15,0.0,0.8,0.8,0.8510101283062921,0.8157705101011901,2.6666522542777793,0.6046157256962066,2,0.1864458862904707,0,0.7526889869624855,4,0.7936813505195047,5,0.10984117367991997,0.45308136688339246,0.044365388108307924,0.04787968173185442,0.10984117367991997,0.45308136688339246,0.05773997070785292,0.04787968173185442,0.19012109420669865,0.5513509830752176,0.12652579114533297,0.09435386493227188,11
Reweigh_15,0.0,1.0,0.0,0.8199712472841655,0.8157705101011901,5.770540356490439,0.7679746074287875,4,0.40623988641451925,2,0.817977992269293,6,0.8882171807045641,6,0.007808504547545225,0.07623318233775034,0.002036770732413151,0.011226568700370532,0.054537615235711344,0.07623318233775034,0.006903391654983753,0.011226568700370532,0.08189661863778169,0.23762236611064588,0.06367403615899164,0.03568843225897961,18
Reweigh_15,0.0,1.0,0.4,0.8486320841395263,0.8157705101011901,2.9044566709543584,0.6663336533720838,1,0.18239795594463845,0,0.7694737499007144,4,0.7945467596457706,5,0.1061316175189706,0.46785341898818655,0.029027215021527608,0.04640574625205063,0.1061316175189706,0.46785341898818655,0.04334474223148013,0.04640574625205063,0.14347321558082193,0.5485774788328773,0.11086854110341454,0.08941632331481852,10
Reweigh_15,0.0,1.0,0.8,0.8502588825354275,0.8157705101011901,2.74177683136424,0.620094422790188,2,0.18107647084595546,0,0.7665770595696686,4,0.7886213437785405,5,0.1088891763162203,0.47222489800297146,0.03415520352948387,0.05301348918367221,0.1088891763162203,0.47222489800297146,0.049525768817272844,0.05301348918367221,0.1781181582367492,0.5549898712991049,0.1172154488273574,0.0960134115946974,11
Reweigh_15,0.3,0.0,0.0,0.7408634462183693,0.8157705101011901,13.681320463070056,0.8147020871719941,3,0.5631700650790895,0,0.9823651837927513,5,0.9280978849126225,5,0.14012771918011568,0.4508472028397017,0.012664470218743062,0.06341392594850748,0.14012771918011568,0.4508472028397017,0.09643310955936726,0.06499437806063965,0.08799670753401134,0.2470071637705058,0.0072082535408610204,0.030662760134156142,13
Reweigh_15,0.3,0.0,0.4,0.7846410774701934,0.8157705101011901,9.303557337887646,0.8333667420372001,5,0.708365743691662,0,0.9114534165133377,5,0.9868516642918362,6,0.09127001298653747,0.34769098982257296,0.013513923642793912,0.045422743103335494,0.09127001298653747,0.34769098982257296,0.05450343349162212,0.045801336962572436,0.08112588475404914,0.1566358792136457,0.039145385831863166,0.005539664667665811,16
Reweigh_15,0.3,0.0,0.8,0.8455838638893993,0.8157705101011901,3.209278695967055,0.7772913540313665,3,0.4376870618259147,1,0.8084810920946567,5,0.9028738894314348,6,0.08389155518595603,0.09302992669171706,0.020195193811039736,0.0087623851575227,0.08389155518595603,0.11687819279289363,0.051808416328422036,0.008783977613922911,0.11830976106673324,0.3702181918898648,0.1126990251697721,0.051594270164701195,15
Reweigh_15,0.3,0.4,0.0,0.7783770929490991,0.8157705101011901,9.92995578999708,0.845256444386117,5,0.7281986528920503,0,0.9537536047006677,5,0.9689017496936184,6,0.09597269926441321,0.36040776492409554,0.0008026346474649948,0.05328661774938148,0.09597269926441321,0.36040776492409554,0.07916412615140643,0.05328661774938148,0.06839556922496093,0.1319061826959207,0.018325303677260374,0.012238254481782784,16
Reweigh_15,0.3,0.4,0.4,0.8418870861392453,0.8157705101011901,3.578956470982453,0.8201811240469754,5,0.5550527021268722,0,0.8424004540052454,6,0.9334709332872964,6,0.0395308382466798,0.14255891932091336,0.012411865064293703,0.017221151950787217,0.06451153989169921,0.14255891932091336,0.015803546651981915,0.023102608069028308,0.07728927551109016,0.216149165979458,0.07090388546684556,0.02744413135160967,17
Reweigh_15,0.3,0.4,0.8,0.8527666382021986,0.8157705101011901,2.4910012646871316,0.6107743166228646,2,0.18785889035481684,0,0.7298774847302054,4,0.79974786148863,5,0.1235467021597153,0.3990918597316879,0.07001803071459323,0.04530898853939236,0.1235467021597153,0.3990918597316879,0.07056665913711133,0.04530898853939236,0.1897477307115943,0.5503933809110366,0.14603089185631596,0.09494656927558043,11
Reweigh_15,0.3,0.8,0.0,0.8151881357214662,0.8157705101011901,6.248851512760368,0.9063757348225774,4,0.5493644114827392,0,0.9348527920613926,6,0.953111252546291,6,0.07654930824032824,0.15868948269468963,0.03851355243526289,0.019641776622355,0.10861732060139012,0.15868948269468963,0.04818712923572631,0.03295359725329867,0.03177197945724164,0.1906369048285486,0.02267137814178205,0.015847707016832413,16
Reweigh_15,0.3,0.8,0.4,0.8485185865770216,0.8157705101011901,2.9158064272048256,0.6686217826972083,1,0.1804663125337581,0,0.7770078931767411,4,0.7880028952835049,5,0.10764275086343111,0.4874334135071918,0.022072312125993587,0.052218717377303325,0.10764275086343111,0.4874334135071918,0.042490219071378746,0.052218717377303325,0.14269780853238856,0.550214625809744,0.1071530756631594,0.09287654507274101,10
Reweigh_15,0.3,0.8,0.8,0.8470593322019608,0.8157705101011901,3.0617318647109037,0.634987341534181,2,0.178780339241393,0,0.778888063916184,4,0.792544625429236,5,0.10724299439469154,0.4861062262555572,0.02854200771552129,0.05652444053030892,0.10724299439469154,0.4861062262555572,0.04502208037797456,0.05652444053030892,0.1695438961951246,0.5565459748158988,0.11167206958655168,0.09553150763623935,11
Reweigh_15,0.3,1.0,0.0,0.8344665074097695,0.8157705101011901,4.321014343930041,0.8058068300691789,5,0.26485939672177145,0,0.8133995493938568,6,0.84256557272305,6,0.0985821022518708,0.3501690968978616,0.0004672162824387316,0.017094464744317972,0.0985821022518708,0.3501690968978616,0.0005816882981792629,0.017094464744317972,0.06663716571379252,0.3679875315748867,0.06982700899504196,0.05429209750949482,17
Reweigh_15,0.3,1.0,0.4,0.847670057181153,0.8157705101011901,3.0006593667916914,0.6696261833414264,1,0.178780339241393,0,0.7768523280174329,4,0.7870760209128401,5,0.10678229170777964,0.5150483420240203,0.020120780658382964,0.05141289001984828,0.10678229170777964,0.5150483420240203,0.045095582743174156,0.05141289001984828,0.14205190463957545,0.5565459748158988,0.10739884049245713,0.09344584806267275,10
Reweigh_15,0.3,1.0,0.8,0.8465026536811042,0.8157705101011901,3.117399716796565,0.6442699066513929,1,0.178780339241393,0,0.7869868579189292,4,0.7977097652179469,5,0.10627268938938228,0.49372734764913373,0.02397424308307039,0.05469380592756312,0.10627268938938228,0.49372734764913373,0.03976699160593078,0.05469380592756312,0.16285161175144774,0.5565459748158988,0.10665255001135127,0.09276002213750406,10
Reweigh_15,0.5,0.0,0.0,0.7539102612605796,0.8157705101011901,12.376638958849028,0.842615356781023,3,0.6264665565754759,0,0.9836259325916374,4,0.9366727294127982,5,0.11600815427112532,0.41377318723105083,0.009451236602927238,0.05930557496157607,0.11600815427112532,0.41377318723105083,0.10006457413487786,0.06460055835465633,0.07287899048070157,0.20047858642945132,0.0066900250653919024,0.026839795366486396,12
Reweigh_15,0.5,0.0,0.4,0.8037897376584913,0.8157705101011901,7.388691319057861,0.8661435506604941,5,0.7608307930070038,0,0.9003604966458504,5,0.9949734661185864,6,0.07010336763915914,0.2771764592361561,0.0161356070242753,0.037121308563253574,0.07010336763915914,0.2771764592361561,0.05363928785496706,0.04347421071545235,0.06316295215368334,0.12003364577299663,0.04521832825054645,0.0021401454211213977,16
Reweigh_15,0.5,0.0,0.8,0.8470971647227957,0.8157705101011901,3.0579486126274147,0.6798844490692689,1,0.3617836649863148,0,0.8096473044033462,5,0.8865485369787017,6,0.1292127983570992,0.18616370413641548,0.01763326462291226,0.0036403906796529384,0.1292127983570992,0.2262817834422224,0.047956560098615014,0.013047285852921142,0.16598368129676516,0.4278547960765491,0.1096001519692581,0.05929027906629164,12
Reweigh_15,0.5,0.4,0.0,0.7940559705122523,0.8157705101011901,8.362068033681759,0.9075092189703564,5,0.853183904203993,2,0.9629342048105729,5,0.9828812780478684,6,0.09734487972744388,0.28751888178619256,0.007909577352669506,0.04631042858372747,0.09734487972744388,0.28751888178619256,0.0851792662497899,0.0484830164239166,0.03831652536502872,0.062714787003888,0.014485338762295519,0.006615203324518315,18
Reweigh_15,0.5,0.4,0.4,0.8491239069103802,0.8157705101011901,2.8552743938689673,0.7305683255070738,1,0.357976479930878,0,0.8263871136509545,6,0.8940461533006049,6,0.15194618573262475,0.27606863838105056,0.008558738854269388,0.0006902568604398862,0.15194618573262475,0.27606863838105056,0.015425969232431391,0.0006902568604398862,0.12690358819058428,0.4191841588504983,0.08774931008710762,0.04908898372670706,13
Reweigh_15,0.5,0.4,0.8,0.8456271010560678,0.8157705101011901,3.204954979300212,0.6209828385602769,2,0.184785606514864,0,0.7614688402788934,4,0.800654962452252,6,0.1093765875538788,0.456256834130716,0.045183463856554806,0.047759171520524,0.1093765875538788,0.456256834130716,0.05603869713933665,0.047759171520524,0.18087633027042266,0.5524761656181301,0.1251556504265226,0.09392298009564426,12
Reweigh_15,0.5,0.8,0.0,0.8303859998054327,0.8157705101011901,4.729065104363716,0.8626894240237013,3,0.3135840297334694,0,0.8734362798508092,6,0.9041403427112282,6,0.13590021874948977,0.3551572500341629,0.012562701579381219,0.005080044542109641,0.13590021874948977,0.3551572500341629,0.028646855076734895,0.022066555518330144,0.05073376826530479,0.3468094007778884,0.04883819263210565,0.03494276866783008,15
Reweigh_15,0.5,0.8,0.4,0.8481943078270081,0.8157705101011901,2.9482343022061763,0.6704135315922598,1,0.178780339241393,0,0.7764944907173313,4,0.7866633248080543,5,0.10710342834761566,0.5150483420240203,0.02021814488566065,0.05190367651175254,0.10710342834761566,0.5150483420240203,0.046549627218633746,0.05190367651175254,0.14292788039222054,0.5565459748158988,0.10837479199017114,0.09431293782768857,10
Reweigh_15,0.5,0.8,0.8,0.8448326181185347,0.8157705101011901,3.2844032730535155,0.64557217029785,1,0.178780339241393,0,0.7867219613332866,4,0.7929325212347157,5,0.10736274697682191,0.4932737094709446,0.02636727041140685,0.055925069708777975,0.10736274697682191,0.4932737094709446,0.04093896502727236,0.055925069708777975,0.1626992222008229,0.5565459748158988,0.10813991484959551,0.09626991727786677,10
Reweigh_15,0.5,1.0,0.0,0.841022342805876,0.8157705101011901,3.6654308043193917,0.681964851166482,1,0.20499970247655014,0,0.7822722361416864,4,0.8368244445714732,6,0.1747165647441531,0.4855974545484415,0.016465516777482425,0.017900047468302316,0.1747165647441531,0.4855974545484415,0.03773737100524498,0.02148422513253842,0.13419465728846158,0.5176806750218912,0.10003803466385841,0.06765946053510458,11
Reweigh_15,0.5,1.0,0.4,0.8481186427853383,0.8157705101011901,2.9558008063731545,0.6715291349978015,1,0.178780339241393,0,0.779145537747831,4,0.7885435454934653,5,0.10633450740001216,0.5150483420240203,0.01867851884933802,0.0508861988616075,0.10633450740001216,0.5150483420240203,0.04485520287138536,0.0508861988616075,0.14220744912715977,0.5565459748158988,0.10674431623597896,0.09331173944808357,10
Reweigh_15,0.5,1.0,0.8,0.843935446910164,0.8157705101011901,3.3741203938905895,0.6550255114894247,1,0.178780339241393,0,0.7976815646073515,4,0.797396789472116,5,0.10595305857288217,0.5150483420240203,0.01708965859950906,0.051576855603682414,0.10595305857288217,0.5150483420240203,0.03628733855904613,0.051576855603682414,0.15607423903226442,0.5565459748158988,0.10108914734966712,0.09344641796758801,10
Reweigh_15,0.6,0.0,0.0,0.7607201150108633,0.8157705101011901,11.695653583820654,0.8577749181821751,4,0.6661869102391764,0,0.9847621591614503,4,0.9443451973121664,5,0.0967683287627632,0.39414476126446063,0.008246922758579522,0.05572004333776026,0.11491573266017999,0.39414476126446063,0.10278066288779214,0.06307536029780261,0.06501788205548681,0.17358453560526577,0.006227588526576899,0.02347487375478069,13
Reweigh_15,0.6,0.0,0.4,0.8156907677839871,0.8157705101011901,6.198588306508279,0.8859225891594329,5,0.7759014306265626,0,0.8921589881265021,5,0.9812744240223455,6,0.09805142984371917,0.22394791921280444,0.020153441258558558,0.03179066996169144,0.09805142984371917,0.22394791921280444,0.053451135404369604,0.04009949417153416,0.05262800115847588,0.10686974375273467,0.049981344102659586,0.008127768571639549,16
Reweigh_15,0.6,0.0,0.8,0.8448542367018689,0.8157705101011901,3.2822414147200996,0.6723536234019751,1,0.34152308235245754,0,0.8034858021801459,5,0.8716635371050334,6,0.12093774434955651,0.23262787807738217,0.022569821349560648,0.015236525282633973,0.12093774434955651,0.31644880013933707,0.051079085708650745,0.01858634956181146,0.17042251625043847,0.4462541455563648,0.1129884957119946,0.06695940050026328,12
Reweigh_15,0.6,0.4,0.0,0.8024926226584372,0.8157705101011901,7.5184028190632635,0.9356621152422155,5,0.8734543356763399,2,0.9765976389491349,5,0.9951141032820839,6,0.08186582123674502,0.2322416507172277,0.016884744610218383,0.037725445032976146,0.09298114747064784,0.2322416507172277,0.0910649895441882,0.048460993420417584,0.025206250433579547,0.0508956549492634,0.00899459381081913,0.0018566291826220827,18
Reweigh_15,0.6,0.4,0.4,0.8441246095143385,0.8157705101011901,3.355204133473133,0.749608528482275,1,0.28885142028190935,0,0.8173191221543673,6,0.8869584220205837,6,0.1486149763557556,0.42075731315769754,0.016002106798937987,0.006002811403118757,0.1486149763557556,0.42075731315769754,0.016310154591159823,0.006002811403118757,0.11447083379195733,0.465886271267995,0.0903564019479946,0.051023188131384456,13
Reweigh_15,0.6,0.4,0.8,0.8430436803476268,0.8157705101011901,3.4632970501443094,0.6212797519731973,2,0.1819595983861718,0,0.768864033225816,4,0.7936524282872597,5,0.11140873577254529,0.4639686831599303,0.04159075890711694,0.05054358027670869,0.11140873577254529,0.4639686831599303,0.052797538718972845,0.05054358027670869,0.1789359558808904,0.5543913699464919,0.12126863096931534,0.09795181860747681,11
Reweigh_15,0.6,0.8,0.0,0.8354825808264784,0.8157705101011901,4.219407002259146,0.7230679357076752,1,0.2523589511867009,0,0.8505003973452596,6,0.8449628441009239,6,0.21369671674869406,0.46340017309190074,0.011446875895210207,0.029113330689410133,0.21369671674869406,0.46340017309190074,0.011446875895210207,0.029113330689410133,0.1219628431970835,0.4693878489667695,0.06711871834217142,0.06580932151191204,13
Reweigh_15,0.6,0.8,0.4,0.848048382389502,0.8157705101011901,2.9628268459567897,0.6712808612479063,1,0.178780339241393,0,0.7778542629976545,4,0.788343569077678,5,0.10438549648025675,0.5150483420240203,0.019786128508877954,0.05114441419457494,0.10438549648025675,0.5150483420240203,0.04614808684875084,0.05114441419457494,0.14305533755084449,0.5565459748158988,0.10796100133213482,0.0938316413761196,10
Reweigh_15,0.6,0.8,0.8,0.842649141201777,0.8157705101011901,3.5027509647292843,0.6404585988308501,2,0.178780339241393,0,0.7935145747194178,4,0.7913177096181594,5,0.10912028057134426,0.5008041032288832,0.02366728263493334,0.0550358129287849,0.10912028057134426,0.5008041032288832,0.03764141619475343,0.0550358129287849,0.16478745184215193,0.5565459748158988,0.10473232423704948,0.09758295293884078,11
Reweigh_15,0.6,1.0,0.0,0.8417789932225741,0.8157705101011901,3.589765762649577,0.690339645678421,1,0.20473865000855707,0,0.7837290014746509,5,0.8350511628283791,6,0.16717359724735525,0.4881538830307959,0.015115496345982748,0.019765899881870275,0.16717359724735525,0.4881538830307959,0.03787396204216452,0.02173158670418783,0.13098401436805407,0.5192548694513294,0.09967150155315452,0.06871149384562147,12
Reweigh_15,0.6,1.0,0.4,0.8479510987644979,0.8157705101011901,2.972555208457195,0.6723939692001157,1,0.178780339241393,0,0.7807227611513192,4,0.7897538198107109,5,0.10350672968299557,0.5150483420240203,0.01808385597504525,0.05012894536158474,0.10350672968299557,0.5150483420240203,0.044363369642884856,0.05012894536158474,0.1423349062857837,0.5565459748158988,0.10620175821679506,0.09304526454161272,10
Reweigh_15,0.6,1.0,0.8,0.8423518856809313,0.8157705101011901,3.532476516813854,0.6394390963009999,2,0.178780339241393,0,0.8015676981897808,6,0.7943328985885544,5,0.1125155951782586,0.5150483420240203,0.01754645576649916,0.05234628902785954,0.1125155951782586,0.5150483420240203,0.03341229956497223,0.05234628902785954,0.1647262412366371,0.5565459748158988,0.09953930197212257,0.0955882369703086,13
Reweigh_15,0.7,0.0,0.0,0.7678380335736599,0.8157705101011901,10.983861727541,0.8794281771945801,4,0.7151984844034747,0,0.9847118283738311,4,0.9500703497473872,5,0.09823983517733292,0.3718189011243225,0.0071392069259880175,0.05268319165762225,0.11758430765370698,0.3718189011243225,0.10476603128525716,0.06273982653131913,0.05411962652239305,0.14241919632704658,0.0062531152217450425,0.020985153946405377,13
Reweigh_15,0.7,0.0,0.4,0.828705154951196,0.8157705101011901,4.897149589787386,0.9087754385497674,3,0.7131877809078749,0,0.8674432158921909,5,0.9534517127967816,6,0.11941268781027714,0.14455353297359863,0.03180225829761907,0.01543557695157527,0.11941268781027714,0.14455353297359863,0.042016693057406795,0.03316177527888328,0.041421621036597966,0.14323971157817034,0.06456802604965439,0.021038403922837234,14
Reweigh_15,0.7,0.0,0.8,0.8365689146390237,0.8157705101011901,4.110773621004615,0.6858888599406304,1,0.3121048809955379,0,0.7867579635234927,4,0.8580114132095074,6,0.10763648980850837,0.36385360495202235,0.04320435570838199,0.020548736397555722,0.10763648980850837,0.4310608676087207,0.05362176297726429,0.02770904974336058,0.15951490775400085,0.48886868448021115,0.12206270462245655,0.07314496308470869,11
Reweigh_15,0.7,0.4,0.0,0.806767697512782,0.8157705101011901,7.090895333628788,0.9152923973364983,5,0.668640634707465,0,0.9895233628537855,5,0.9790007704356625,6,0.07819226097109366,0.1415752081559919,0.040212972453113394,0.018274054409306628,0.09997049352588817,0.17880559403043728,0.09629426386501236,0.046547797523713075,0.031975522456883676,0.1411060640921344,0.003924011286182971,0.007880337889832445,16
Reweigh_15,0.7,0.4,0.4,0.843286889410137,0.8157705101011901,3.438976143893291,0.7597125214640081,1,0.2592538393404046,0,0.8269651014241858,6,0.879780279898577,6,0.14183806116099262,0.46611042785360823,0.002830964622288157,0.012667323413446119,0.14183806116099262,0.46611042785360823,0.017245441374376946,0.012667323413446119,0.10883484083009537,0.4872100731308382,0.08434600195120417,0.05395624108607022,13
Reweigh_15,0.7,0.4,0.8,0.8380497875974188,0.8157705101011901,3.96268632516511,0.6244381082315722,2,0.178780339241393,0,0.7837806911355514,4,0.78114707370124,4,0.11349580691604055,0.4891646649120186,0.03304262497113619,0.05743038413570767,0.11349580691604055,0.4891646649120186,0.046541124522712585,0.05743038413570767,0.17654621501900541,0.5565459748158988,0.11296441571109167,0.10497616695246281,10
Reweigh_15,0.7,0.8,0.0,0.8372174721390507,0.8157705101011901,4.0459178710019135,0.7330525528788613,1,0.24423400857631541,0,0.8347235499470967,6,0.8941013802013876,6,0.2055640687759981,0.48202261146742553,0.005132000079750121,0.0014882418333584946,0.2055640687759981,0.48202261146742553,0.012460917102895513,0.005134189185072538,0.11673880377329882,0.4902737333376705,0.07632584502391526,0.0450939326446842,13
Reweigh_15,0.7,0.8,0.4,0.8478754337228281,0.8157705101011901,2.980121712624173,0.6719127798792556,1,0.178780339241393,0,0.7793413161419707,4,0.7893289606195512,5,0.10610641479155991,0.5150483420240203,0.019475177723557446,0.05093761423089349,0.10610641479155991,0.5150483420240203,0.04554215054902348,0.05093761423089349,0.1433318494539637,0.5565459748158988,0.1074952145804483,0.0936942951728339,10
Reweigh_15,0.7,0.8,0.8,0.8387253683266136,0.8157705101011901,3.8951282522456276,0.6310073967654003,2,0.178780339241393,0,0.8054908963528151,6,0.788283251832664,5,0.1113721204893261,0.5150483420240203,0.018979584923568993,0.05327360513052837,0.1113721204893261,0.5150483420240203,0.031549199490848445,0.05327360513052837,0.1716522509080755,0.5565459748158988,0.09858609911913013,0.0998812272916686,13
Reweigh_15,0.7,1.0,0.0,0.8426815690767784,0.8157705101011901,3.499508177229149,0.7069409479543449,1,0.2045604800670084,0,0.7853633101428755,5,0.8325203112756875,6,0.15881336653292322,0.49118834285537916,0.01375076740775616,0.022457197375459148,0.15881336653292322,0.49118834285537916,0.03793226345187811,0.022457197375459148,0.12432580299393808,0.5211268522717089,0.0992978988593724,0.07016839495208727,12
Reweigh_15,0.7,1.0,0.4,0.847729508285322,0.8157705101011901,2.9947142563747864,0.6731248818519975,1,0.178780339241393,0,0.782698884944298,4,0.7906872674524654,5,0.10506287921981228,0.5150483420240203,0.017279336755917196,0.050138048549394076,0.10506287921981228,0.5150483420240203,0.04368333245920586,0.050138048549394076,0.14254517163579394,0.5565459748158988,0.10545283357484792,0.0929250569067096,10
Reweigh_15,0.7,1.0,0.8,0.8393793304724741,0.8157705101011901,3.8297320376595723,0.6305586326950466,2,0.178780339241393,0,0.8093382307562865,6,0.789360449927227,5,0.11463928160497305,0.5150483420240203,0.017165552866233447,0.05300487526280462,0.11463928160497305,0.5150483420240203,0.028046614473262177,0.05300487526280462,0.17116043770735195,0.5565459748158988,0.09603196064541214,0.0989951952385899,13
Reweigh_15,0.8,0.0,0.0,0.7755180353031466,0.8157705101011901,10.215861554592331,0.9094838541404832,3,0.7810700017212983,0,0.9856734236361906,4,0.9558530630824078,5,0.10657041574237969,0.3431696170869547,0.0056046506528720785,0.05065471443981984,0.1078393488620435,0.3431696170869547,0.10741088565055751,0.06181334339977029,0.03960105807152042,0.10383796241031784,0.005861284834264513,0.018490243303054377,12
Reweigh_15,0.8,0.0,0.4,0.8358933339098289,0.8157705101011901,4.178331693924098,0.7569893686374806,1,0.5628535514520114,1,0.8557843505143086,6,0.9090568863083597,6,0.1391277775233748,0.07865882822299097,0.0157758644131627,0.008213098334657554,0.1391277775233748,0.10001111892957334,0.0157758644131627,0.012885040388074226,0.12038344333021422,0.2559926691621892,0.07495056465393457,0.04404464780343914,14
Reweigh_15,0.8,0.0,0.8,0.8318938959929956,0.8157705101011901,4.57827548560743,0.6893959333638047,1,0.2806950273296888,0,0.7765519539719924,4,0.8488597661776673,6,0.10590703794587297,0.41415432962377463,0.04221664550628901,0.023573478720886887,0.10590703794587297,0.4967874533425398,0.06714834804624148,0.0338058928341001,0.15629870505666826,0.5325043949088931,0.12741738459486934,0.07718443032321115,11
Reweigh_15,0.8,0.4,0.0,0.8135343140963973,0.8157705101011901,6.414233675267256,0.8672902719799508,3,0.5591805402132827,0,0.9948243205439659,5,0.9741211437521131,6,0.1287876523749183,0.2108102214543246,0.04253402860897637,0.014807513446608023,0.1344479052661529,0.2108102214543246,0.0858008927985231,0.047462778852296245,0.051485585228172204,0.2029577537523221,0.0019567551189430543,0.009821491315525677,14
Reweigh_15,0.8,0.4,0.4,0.8441354188060056,0.8157705101011901,3.354123204306425,0.7680793036446425,1,0.24850215287760333,0,0.8238701255449191,6,0.8725787877478652,6,0.12930403124837087,0.48443554342866824,0.0016168580834953206,0.01859255307487806,0.12930403124837087,0.48443554342866824,0.020920379368322625,0.01859255307487806,0.10432503927108694,0.49720101483637724,0.0858286928928308,0.057161812876982965,13
Reweigh_15,0.8,0.4,0.8,0.8357798363473241,0.8157705101011901,4.189681450174576,0.6249095274887322,2,0.17597055521950672,0,0.7837828213793936,4,0.7785603812801091,4,0.1145210348461786,0.49880865559058113,0.03310327101812216,0.057618399071521886,0.1145210348461786,0.49880865559058113,0.04853599640338893,0.06050617363052821,0.17787763582427507,0.5673671553361812,0.11357512092900318,0.10687289922766441,10
Reweigh_15,0.8,0.8,0.0,0.8383956849307664,0.8157705101011901,3.9280965918303434,0.7436947076865699,1,0.24358992905165272,0,0.8241957822565632,6,0.890076121539947,6,0.19329841592152341,0.48455825597837865,0.0005227412492431194,0.004136394450771963,0.19329841592152341,0.48455825597837865,0.017684918420233522,0.004605985473012719,0.11100457178463835,0.4919889992038798,0.08141823852106406,0.04664433957817987,13
Reweigh_15,0.8,0.8,0.4,0.847670057181153,0.8157705101011901,3.0006593667916914,0.6723494228250553,1,0.178780339241393,0,0.7802621814282469,4,0.790821754409745,5,0.10791887131091105,0.5150483420240203,0.019440358271335723,0.05059609649661345,0.10791887131091105,0.5150483420240203,0.045365583077119215,0.05059609649661345,0.14373257364416242,0.5565459748158988,0.10737693028139683,0.09334021824298394,10
Reweigh_15,0.8,0.8,0.8,0.8364229892015176,0.8157705101011901,4.125366164755229,0.6278461250512481,1,0.178780339241393,0,0.8065070620572127,6,0.7852338575379268,4,0.11692773680617408,0.5150483420240203,0.02053069534495644,0.05336814655803057,0.11692773680617408,0.5150483420240203,0.031156651110406552,0.055331212028532445,0.174827049509715,0.5565459748158988,0.09867846115237666,0.10211270702583342,11
Reweigh_15,0.8,1.0,0.0,0.843567930993482,0.8157705101011901,3.4108719855587832,0.7301143374528342,1,0.20412893289678072,0,0.7884932539337451,5,0.8301607575073109,6,0.14738094488366682,0.4950333775646114,0.01141624143076636,0.024663156176360057,0.14738094488366682,0.4950333775646114,0.037433571233999555,0.024663156176360057,0.11479208660968876,0.5238186312781442,0.09818030125195393,0.07160952996221387,12
Reweigh_15,0.8,1.0,0.4,0.8475133224519797,0.8157705101011901,3.016332839709013,0.6737739188876398,1,0.178780339241393,0,0.7843124239363893,4,0.793086203326749,5,0.10683872045594422,0.5150483420240203,0.017021451261709286,0.049172691942008684,0.10683872045594422,0.5150483420240203,0.042984629304951144,0.049172691942008684,0.14280512190063593,0.5565459748158988,0.10495907438203705,0.09215881857305691,10
Reweigh_15,0.8,1.0,0.8,0.8370715467015446,0.8157705101011901,4.060510414752527,0.6303796445109431,1,0.178780339241393,0,0.812768893338268,6,0.7859454636355554,4,0.11579266302637836,0.5150483420240203,0.01830820848050496,0.05329747571189514,0.11579266302637836,0.5150483420240203,0.025304737021418777,0.05401706376152947,0.17293902274610756,0.5565459748158988,0.09471791913799854,0.1013919899941712,11
Reweigh_15,0.9,0.0,0.0,0.783824975949326,0.8157705101011901,9.385167489974389,0.9456470614164757,3,0.8634547070375619,2,0.9904408321405819,4,0.9644200859602661,5,0.11523878856496705,0.30776146507118063,0.0016765609598742293,0.04638672599969229,0.11523878856496705,0.30776146507118063,0.11115831279027238,0.060595328271032256,0.023056760139161803,0.06099718512500474,0.0038994327027667697,0.014808698089987526,14
Reweigh_15,0.9,0.0,0.4,0.8369472398473728,0.8157705101011901,4.072941100169702,0.725567173591711,1,0.48638104384998004,0,0.8963555311196484,6,0.9338407318735575,6,0.18596596287646783,0.1424126432258317,0.01091613273698977,0.01295802324864781,0.18596596287646783,0.19664993035574369,0.028195254918114282,0.017536106846028132,0.14130582842198564,0.332289854387441,0.05421198539537764,0.032930427067848544,13
Reweigh_15,0.9,0.0,0.8,0.827272923805303,0.8157705101011901,5.040372704376683,0.6995143027709877,1,0.2460816083659809,0,0.764169300365803,4,0.8422829349828238,6,0.10590703794587297,0.45781312962976506,0.03992040907075234,0.025556637588215025,0.10590703794587297,0.55266068582819,0.08450209112239848,0.038103715698183604,0.1490198650338132,0.5764914291598014,0.13413429311869135,0.07975305141074873,11
Reweigh_15,0.9,0.4,0.0,0.8234086020343087,0.8157705101011901,5.426804881476121,0.7435883506750891,1,0.4385063231245158,0,0.9097759810475352,5,0.9405174359361492,6,0.20661621481866554,0.23861069480940844,0.012040960126372569,0.0003488567384054564,0.20661621481866554,0.23861069480940844,0.04864106397268393,0.0361471852842158,0.10868527996616634,0.2960716330694461,0.038210210434586944,0.024145089866813796,12
Reweigh_15,0.9,0.4,0.4,0.8434220055559759,0.8157705101011901,3.4254645293093966,0.7808177003830482,2,0.23723318706472774,0,0.8176692948706118,6,0.8667568883591321,6,0.12296998879175292,0.5050928197228189,0.0042335973398809346,0.021832041245203215,0.12296998879175292,0.5050928197228189,0.024788102561129052,0.021832041245203215,0.09738067688532154,0.5088896033529668,0.08886381469690163,0.05961685103360942,14
Reweigh_15,0.9,0.4,0.8,0.8344016516597668,0.8157705101011901,4.327499918930311,0.621156642833768,1,0.17251119701871462,0,0.7773709677435713,4,0.7778674472914795,4,0.1156744162675839,0.5081112421814893,0.03365553368431984,0.05702221318960177,0.1156744162675839,0.5081112421814893,0.05693764300058221,0.0624848975474781,0.18074279924624082,0.5811741674367087,0.11789794137429815,0.10759586855880365,9
Reweigh_15,0.9,0.8,0.0,0.8385956568266082,0.8157705101011901,3.908099402246168,0.760375005180352,1,0.24288480392125741,0,0.8095934079631933,6,0.8854820578076101,6,0.1777929966797499,0.48705233254652935,0.0084243680099102,0.007318567821571809,0.1777929966797499,0.48705233254652935,0.02319256079340115,0.007318567821571809,0.10236561665401911,0.49377493175804377,0.08847271356810221,0.04830991283820174,13
Reweigh_15,0.9,0.8,0.4,0.8474160388269757,0.8157705101011901,3.026061202209418,0.6724285304715191,1,0.178780339241393,0,0.7822003806438241,4,0.7928303496633464,5,0.10567693812540213,0.5150483420240203,0.0189121968878162,0.04996729909123376,0.10567693812540213,0.5150483420240203,0.04464821395228871,0.04996729909123376,0.14436516077024275,0.5565459748158988,0.1067411690281973,0.09279242622594974,10
Reweigh_15,0.9,0.8,0.8,0.8357528131181564,0.8157705101011901,4.192383773091346,0.6257833454707259,1,0.178780339241393,0,0.8019979466455485,5,0.7844696608722631,4,0.11751358133768153,0.5150483420240203,0.021531268412231963,0.05316985231195093,0.11751358133768153,0.5150483420240203,0.036049246201063395,0.05670213754501488,0.1763755626886387,0.5565459748158988,0.10154998978283808,0.10274395691746335,10
Reweigh_15,0.9,1.0,0.0,0.8445407672435226,0.8157705101011901,3.313588360554731,0.763574592762512,1,0.20333676644500676,0,0.7934061406770417,5,0.8255243548310105,6,0.13119655139349473,0.5003125063005303,0.007669916462742288,0.028318163705896016,0.13119655139349473,0.5003125063005303,0.036622479755862455,0.028318163705896016,0.10085782064777893,0.5279772845022479,0.09626817744349248,0.07421110771095263,12
Reweigh_15,0.9,1.0,0.4,0.8471836390561327,0.8157705101011901,3.0493011792937175,0.673922731676642,1,0.178780339241393,0,0.7862656051252691,4,0.7949972771712408,5,0.10452355670399682,0.5150483420240203,0.016553709422665874,0.048842991886166476,0.10452355670399682,0.5150483420240203,0.04220935127083496,0.048842991886166476,0.1433880241118845,0.5565459748158988,0.1043047030711533,0.09164789911027571,10
Reweigh_15,0.9,1.0,0.8,0.8365581053473566,0.8157705101011901,4.111854550171323,0.6282891281382484,1,0.178780339241393,0,0.8081777767946867,6,0.7853750403804366,4,0.11668973746524913,0.5150483420240203,0.019677607263444363,0.05337039059967663,0.11668973746524913,0.5150483420240203,0.029796917738895395,0.054975856084309715,0.17449581674416986,0.5565459748158988,0.09759177880522041,0.10191937912147303,11
Reweigh_15,1.0,0.0,0.0,0.7923481024288478,0.8157705101011901,8.532854842022209,0.9963967999125223,3,0.9957441696430298,2,0.9990013430267964,4,0.9762846592078649,5,0.13092441557726786,0.2557446716222884,0.0035204258751151407,0.0381401834468762,0.13092441557726786,0.2557446716222884,0.1167893237311934,0.05994357694706831,0.0014625348669677907,0.0017260996950288487,0.00040481717901880154,0.009775546403799129,14
Reweigh_15,1.0,0.0,0.4,0.8347367397014474,0.8157705101011901,4.293991114762252,0.7301720779776127,1,0.43223704506251703,0,0.9001522233563615,6,0.9352106910217647,6,0.20562965163612568,0.23621924543943607,0.015493776771877688,0.011207670764747713,0.20562965163612568,0.23621924543943607,0.028713082863868034,0.020278485966581078,0.13650149952608592,0.3689084339681824,0.05108566185666891,0.03161343291783669,13
Reweigh_15,1.0,0.0,0.8,0.8250894468885454,0.8157705101011901,5.258720396052452,0.7190442007267074,1,0.22483109075565,0,0.7646016469175323,4,0.8420695237600635,6,0.10441338596678407,0.49057050791106677,0.03654637990762344,0.026239183789833587,0.10441338596678407,0.5604251143890305,0.08509200594538338,0.036837980068182785,0.13719630909934555,0.5941237971023443,0.13223355822279542,0.07890411223598831,11
Reweigh_15,1.0,0.4,0.0,0.8261001156594209,0.8157705101011901,5.157653518964899,0.670069770034761,1,0.3230663530210887,0,0.9330487529638953,6,0.8924682568877056,6,0.25866490188236135,0.36820074777493284,0.03740136140855299,0.015849929597309798,0.25866490188236135,0.36820074777493284,0.043060282430414015,0.015849929597309798,0.15646694106631476,0.42188825756057535,0.030470597611335526,0.04828651647883708,13
Reweigh_15,1.0,0.4,0.4,0.8435030752434793,0.8157705101011901,3.4173575605590534,0.7894773039314442,2,0.23431849147341038,0,0.8160023498137693,6,0.8593359612513709,6,0.1123332827968544,0.5131362166551048,0.005681748214179438,0.026985847483262604,0.1123332827968544,0.5131362166551048,0.026773445206303564,0.026985847483262604,0.09363091961101733,0.5171884632056558,0.09068500165840754,0.06370358042798274,14
Reweigh_15,1.0,0.4,0.8,0.8320884632430037,0.8157705101011901,4.55881876060662,0.6222490459946871,1,0.1681561668000809,0,0.769707685313064,4,0.7768836410106482,4,0.11640672193196822,0.5188883269928473,0.03268333182594152,0.05573329118110448,0.11640672193196822,0.5188883269928473,0.06895997017962902,0.0656007507167812,0.18161049417974723,0.5993637423668979,0.12316784961591837,0.10856064296395229,9
Reweigh_15,1.0,0.8,0.0,0.8396117302433171,0.8157705101011901,3.806492060575273,0.7711901063069436,2,0.24196058994833083,0,0.8108272997484578,6,0.88348754787986,6,0.16941480141250898,0.4900452244283101,0.007254333904772592,0.008984117171905281,0.16941480141250898,0.4900452244283101,0.02324990670433552,0.008984117171905281,0.09799750342990343,0.49606034746671507,0.0882116374509424,0.049397595757527224,14
Reweigh_15,1.0,0.8,0.4,0.8468377417227849,0.8157705101011901,3.0838909126284952,0.6693096714025831,1,0.178780339241393,0,0.7855583545892896,4,0.7953243245878001,5,0.10763585577763013,0.5150483420240203,0.017756191781876263,0.04976829917168046,0.10763585577763013,0.5150483420240203,0.04316183703207828,0.04976829917168046,0.14641880391662276,0.5565459748158988,0.10534513384043759,0.09205317142120828,10
Reweigh_15,1.0,0.8,0.8,0.835023185930626,0.8157705101011901,4.26534649184439,0.6292336372373676,1,0.1786472960949221,0,0.7963126765608408,4,0.7835638519974795,4,0.1184106557765523,0.517532854375005,0.023239169887342093,0.052995193422746945,0.1184106557765523,0.517532854375005,0.04183124814935382,0.05829293458676371,0.17544631986906256,0.557050680002641,0.10520728080662922,0.10350761716578799,9
Reweigh_15,1.0,1.0,0.0,0.8454487477435604,0.8157705101011901,3.2227903105509492,0.7846453275156278,2,0.20169946838902192,0,0.8027972677839803,6,0.8175556334425748,6,0.1054263444674497,0.5083143352900136,0.002158807807295937,0.03392670593033864,0.1054263444674497,0.5083143352900136,0.03341750152765696,0.03392670593033864,0.09212952103649058,0.5355363393752891,0.0923077237250085,0.07866514611100012,14
Reweigh_15,1.0,1.0,0.4,0.8465945326602747,0.8157705101011901,3.108211818879514,0.6707145982762284,1,0.178780339241393,0,0.7900056363762556,4,0.7984277092931138,5,0.10675708898036895,0.5150483420240203,0.015758949276516554,0.04868748027054581,0.10675708898036895,0.5150483420240203,0.04003815967304934,0.04868748027054581,0.14549135217309633,0.5565459748158988,0.10272711467087597,0.09048938288528957,10
Reweigh_15,1.0,1.0,0.8,0.8358987385556624,0.8157705101011901,4.177791229340744,0.6321652449285701,1,0.178780339241393,0,0.8034234900837423,5,0.784404009095335,4,0.11744035077124315,0.5150483420240203,0.020967521360969466,0.053381973053623244,0.11744035077124315,0.5150483420240203,0.03469122757689677,0.05638891524872339,0.17325190279732583,0.5565459748158988,0.10060448150195223,0.10266452832937173,10
Reweigh_25,0.0,0.0,0.0,0.7104515041129355,0.8050296602752729,16.722514673613443,0.7753270459059047,1,0.44703534317501736,0,0.9947244293660527,5,0.9097085794993027,5,0.17918782546588197,0.5205784792438958,0.014445013526101724,0.07044560457163507,0.17918782546588197,0.5205784792438958,0.09481385082008195,0.07044560457163507,0.10968339415145872,0.3524854338403975,0.0021224972033090372,0.038745450108293444,11
Reweigh_25,0.0,0.0,0.4,0.7517105704063213,0.8050296602752729,12.59660804427486,0.7769836830603585,1,0.548051221400278,0,0.9197285618872035,5,0.9587209422038921,6,0.12877698138215876,0.4401647677159476,0.017651248568276268,0.057722876381532284,0.12877698138215876,0.4401647677159476,0.053110154653675745,0.057722876381532284,0.11119521730577175,0.2728195268460319,0.03432531762549612,0.017271971078874293,12
Reweigh_25,0.0,0.0,0.8,0.8065461070336061,0.8050296602752729,7.11305438154638,0.7658093224841039,3,0.5858887034621338,0,0.828592288457526,6,0.9566641948127809,6,0.07919235878666142,0.3003359555945897,0.024062971902163666,0.0332141121522147,0.07919235878666142,0.3003359555945897,0.024062971902163666,0.0332141121522147,0.12362226256678666,0.23560857658777468,0.08236300572017191,0.018785880596558502,15
Reweigh_25,0.0,0.4,0.0,0.7478732718644947,0.8050296602752729,12.980337898457517,0.7916995416127092,2,0.5476984757331504,0,0.9540754854317562,5,0.9458744659095023,6,0.15273328333999858,0.4538065003762769,0.008237901588308283,0.06178860939514841,0.15273328333999858,0.4538065003762769,0.07330737329583131,0.06178860939514841,0.09633030567705503,0.258918171537452,0.0181131543023203,0.021574804891935973,13
Reweigh_25,0.0,0.4,0.4,0.7988552960124523,0.8050296602752729,7.882135483661756,0.7858531309725322,3,0.6102328886830747,0,0.86089240698825,6,0.9794862246120186,6,0.09930017256735435,0.34148115606155927,0.011068896292961039,0.042231395977378905,0.09930017256735435,0.34148115606155927,0.01860276024664946,0.042231395977378905,0.1006983096834399,0.20722306863489515,0.058949489771415564,0.00797208259316784,15
Reweigh_25,0.0,0.4,0.8,0.8589495530357896,0.8050296602752729,1.8727097813280302,0.6547419095056068,4,0.2237139672722082,1,0.7029309526640555,4,0.8184955180344505,6,0.05343334394766741,0.33372033360145636,0.08301934555635371,0.03379925189202826,0.0603914641327746,0.33372033360145636,0.09288839468250296,0.036211690307562786,0.18219180441356042,0.5041629624821526,0.1651210575844126,0.0861913923827115,15
Reweigh_25,0.0,0.8,0.0,0.7919373493454974,0.8050296602752729,8.573930150357246,0.8132025621457989,3,0.6531411667242059,0,0.8973934186107275,5,0.9921719307295608,6,0.11211163825495041,0.3543912605484727,0.0020805777334396147,0.048397001546365837,0.11211163825495041,0.3543912605484727,0.04142026379293079,0.048397001546365837,0.07797407837202264,0.1659514941025585,0.03870448544144589,0.002766905989599111,14
Reweigh_25,0.0,0.8,0.4,0.8519721552646655,0.8050296602752729,2.570449558440435,0.7357291491831297,3,0.22794393159164156,1,0.8187110617344221,6,0.8133082213864653,6,0.08112009350761262,0.29834991171330405,0.0018696455016828928,0.031850431095925,0.08112009350761262,0.29834991171330405,0.0031552896276552805,0.031850431095925,0.10846503639157068,0.4350264467789807,0.07730555966245017,0.07426706561702823,16
Reweigh_25,0.0,0.8,0.8,0.8525774755980241,0.8050296602752729,2.509917525104577,0.6178524902877613,4,0.19838994428390586,0,0.7659425893885878,4,0.8130043623464711,6,0.09423586122615246,0.40305795691320945,0.0406453091186012,0.040329441308901925,0.09423586122615246,0.40305795691320945,0.043781491310561804,0.040329441308901925,0.1832941878758801,0.5206097796519593,0.11785830469338304,0.08453301813807818,14
Reweigh_25,0.0,1.0,0.0,0.8143450109714311,0.8050296602752729,6.333163987763879,0.7737401527977948,4,0.4173668454637857,0,0.8183704677299806,6,0.8955984666896423,6,0.023841859384314712,0.13935774249885835,0.0020326600657712968,0.014959360264655719,0.049348607750247096,0.13935774249885835,0.007115798323199456,0.014959360264655719,0.07844508324483862,0.22621785973157799,0.062182276902016886,0.03256253611287685,16
Reweigh_25,0.0,1.0,0.4,0.8523991222855166,0.8050296602752729,2.5277528563553253,0.6857166957331972,3,0.19477246289715977,1,0.7690471893763077,4,0.7998750752894461,5,0.07793246017770938,0.4228004895558677,0.028942380983871363,0.04358669833729212,0.07793246017770938,0.4228004895558677,0.038350703540411216,0.04358669833729212,0.13646851133419263,0.5192117071231801,0.10890551823376504,0.08523839385819887,13
Reweigh_25,0.0,1.0,0.8,0.8512263141396345,0.8050296602752729,2.645033670943542,0.623294888722007,4,0.19514611018933437,0,0.7837101880191587,4,0.8014050341186912,6,0.09199538325751921,0.42310876438916656,0.03002870825524906,0.04832116987489343,0.09199538325751921,0.42310876438916656,0.033790804954991455,0.04832116987489343,0.17910611309499846,0.5227165044131573,0.10737509493426434,0.08998058352754634,14
Reweigh_25,0.3,0.0,0.0,0.7317566179888232,0.8050296602752729,14.592003286024669,0.809472697157819,3,0.52389911721684,0,0.9889153988183801,5,0.9217669361536256,5,0.15492029360067883,0.47133732490819535,0.013049069710749928,0.06435581185616113,0.15492029360067883,0.47133732490819535,0.0980455670299257,0.06631195198482404,0.08987959547746943,0.28055614625743375,0.004466970284441596,0.03319123494559739,13
Reweigh_25,0.3,0.0,0.4,0.7775609914282318,0.8050296602752729,10.011565942083811,0.8265311883136572,5,0.6613985224310316,0,0.9116048391357419,5,0.9794056541917494,6,0.0943571093327602,0.3707870819138205,0.015015805159327544,0.04829724283964887,0.0943571093327602,0.3707870819138205,0.05387537597433947,0.04829724283964887,0.08365239660311569,0.18852600719235585,0.03848439195158726,0.008592695532696093,16
Reweigh_25,0.3,0.0,0.8,0.8452001340352167,0.8050296602752729,3.247651681385322,0.7906387439759665,3,0.4501721338070756,1,0.8063961176874119,5,0.9085076176596149,6,0.07757329833025506,0.09482883874518433,0.02052585562336129,0.012506269908812873,0.07757329833025506,0.160378253495488,0.05170224673869486,0.012506269908812873,0.10934163393959778,0.3480111929282099,0.11256490886348297,0.047872923262375966,15
Reweigh_25,0.3,0.4,0.0,0.7706592586987775,0.8050296602752729,10.701739215029239,0.8413756003884091,3,0.6495264312272119,0,0.9535370108362127,5,0.9591327478343069,6,0.10955696933874226,0.3862444675071648,0.0015704020648350525,0.057827715937258994,0.10955696933874226,0.3862444675071648,0.07659969441337501,0.057827715937258994,0.06961776357030447,0.18070513412575973,0.018226929473445397,0.016035924577942173,14
Reweigh_25,0.3,0.4,0.4,0.8403575713683482,0.8050296602752729,3.731907948072166,0.8449481635569099,5,0.5537484930556588,0,0.8405252505880029,6,0.9355592488298861,6,0.05646932939923943,0.15505348604270308,0.010564931747865991,0.020512074308357664,0.07734478616086148,0.15505348604270308,0.013142799571391667,0.022316281963890613,0.06624230048807805,0.2136084078682598,0.070955487373413,0.02623925013034606,17
Reweigh_25,0.3,0.4,0.8,0.8476052014311503,0.8050296602752729,3.0071449417919616,0.616714045693884,2,0.199164041056474,0,0.7545867860794656,4,0.8012821046550945,6,0.10727271459210974,0.39726239951041753,0.06030659050583487,0.042070422449072664,0.10727271459210974,0.39726239951041753,0.06030659050583487,0.0470585642075589,0.1859253787241144,0.5201070385157645,0.13030738907828704,0.09424427515471812,12
Reweigh_25,0.3,0.8,0.0,0.8119291342838304,0.8050296602752729,6.574751656523947,0.9296322112891999,3,0.5184169252177762,0,0.9220329089094353,6,0.9609266108722422,6,0.11584812996519422,0.19164365340465317,0.03291773007161858,0.02626875621286684,0.1164835810020459,0.19164365340465317,0.04369691102038921,0.03231644068508507,0.02329937671600385,0.19951368227785402,0.026755835645348003,0.012884574539471338,15
Reweigh_25,0.3,0.8,0.4,0.8526693545771945,0.8050296602752729,2.5007296271875368,0.6886448594970143,3,0.19063459990697237,1,0.778709544945444,4,0.7952527440893099,5,0.08593289956110794,0.44117227572539175,0.022131372655411208,0.047629553416894455,0.08593289956110794,0.44117227572539175,0.03610237406441284,0.047629553416894455,0.13398716313601566,0.5230435089214843,0.10467211700257872,0.08822212281670427,13
Reweigh_25,0.3,0.8,0.8,0.844913687806038,0.8050296602752729,3.2762963043031834,0.6323035502254779,4,0.19064897655822388,0,0.7933385481770493,4,0.7899293507413456,5,0.09605013028542009,0.45505647229359114,0.029113195728139307,0.05227303071232092,0.09605013028542009,0.45505647229359114,0.0310869512041035,0.05227303071232092,0.1739656187828338,0.525637191013909,0.10438911470060003,0.09785378291766678,13
Reweigh_25,0.3,1.0,0.0,0.8369580491390399,0.8050296602752729,4.071860171002994,0.7823433970969207,2,0.24302942439957556,1,0.8273535242200442,6,0.8230474506701119,6,0.11668905683600639,0.32446741384421574,0.00899798207675373,0.023856270308694527,0.11668905683600639,0.32446741384421574,0.00899798207675373,0.023856270308694527,0.0767595449229167,0.3854355776175503,0.06492085581367918,0.062283472559106545,15
Reweigh_25,0.3,1.0,0.4,0.852064034243836,0.8050296602752729,2.561261660523384,0.6917681228186596,3,0.18969057103028233,0,0.7845886185056005,4,0.798342224914941,5,0.08721052410372798,0.4618494648065137,0.016782737081490806,0.04526265401911622,0.08721052410372798,0.4618494648065137,0.03558425662739327,0.04526265401911622,0.13204424184591596,0.5262596324206267,0.10176745678429061,0.08708304152439078,12
Reweigh_25,0.3,1.0,0.8,0.8446002183476917,0.8050296602752729,3.307643250137815,0.6394225086167208,4,0.18969057103028233,0,0.8004958536668544,6,0.791968422458842,5,0.09588146481350368,0.46081197402786467,0.024698771525239138,0.05038283726840387,0.09588146481350368,0.46081197402786467,0.026766219468788127,0.05038283726840387,0.16869814328523008,0.5262596324206267,0.09997700157348904,0.0965818867536749,15
Reweigh_25,0.5,0.0,0.0,0.746192427010258,0.8050296602752729,13.148422383881186,0.8343933621059302,3,0.5831865796050016,0,0.9863398759024609,4,0.9315197979043874,5,0.13092888218295562,0.4359545058091706,0.010980670026311201,0.06158884734824377,0.13092888218295562,0.4359545058091706,0.1002763663001612,0.06436067387655342,0.07631447891901932,0.23320611025855081,0.0055119233883030305,0.028826443361516962,12
Reweigh_25,0.5,0.0,0.4,0.7976987018040708,0.8050296602752729,7.99779490449991,0.8753460591589298,5,0.7356725106918922,0,0.8983139469826649,5,0.9990688204508827,6,0.07996278555760084,0.2989791083243186,0.01790912344517903,0.04060676157504428,0.07996278555760084,0.2989791083243186,0.051709798375886865,0.043680756554093675,0.05838460991511285,0.1368698212797,0.045586607028934856,0.0003908366781816275,16
Reweigh_25,0.5,0.0,0.8,0.8393306886599721,0.8050296602752729,3.8345962189097804,0.7356850052106648,3,0.31781476293188443,0,0.7789449952786895,4,0.8710539817990333,6,0.06149346607403794,0.2181251217001864,0.026304382343484645,0.006257686548311159,0.06149346607403794,0.42128222962446543,0.08445041071537818,0.028146374466090335,0.13977505531625478,0.5034899573924232,0.13086789883505578,0.06805484293939912,13
Reweigh_25,0.5,0.4,0.0,0.7892080031995503,0.8050296602752729,8.846864764951956,0.9018050213271064,3,0.7874867675685281,1,0.9642992658644496,5,0.9750380937334158,6,0.10609580848167488,0.3081088775728563,0.006950932023409906,0.04928855411739297,0.10609580848167488,0.3081088775728563,0.08517831075101065,0.05015139349531643,0.040404047612481175,0.0947407819838868,0.01377350770342417,0.009586447840194079,15
Reweigh_25,0.5,0.4,0.4,0.8493454973895561,0.8050296602752729,2.833115345951376,0.7698392726289809,1,0.3565064178463989,0,0.8114243442052634,6,0.8974076686090504,6,0.13832134049552414,0.32939844217289327,0.01940896997822661,0.005082594375594218,0.13832134049552414,0.32939844217289327,0.01940896997822661,0.005082594375594218,0.10329129950789062,0.4035469602641447,0.09243828404622834,0.04556452017162349,13
Reweigh_25,0.5,0.4,0.8,0.8406980640558624,0.8050296602752729,3.6978586793207424,0.6210675155079328,2,0.18010166108098022,0,0.7423087348560078,4,0.7969238761271027,5,0.10126780814415837,0.4540133221604252,0.052031503575808435,0.04305881694312608,0.10126780814415837,0.4540133221604252,0.0788143292372551,0.0530772060975577,0.18423896670546042,0.5835066133712385,0.13919650199781297,0.09719999123027967,11
Reweigh_25,0.5,0.8,0.0,0.83575821776399,0.8050296602752729,4.191843308507992,0.8089519906071526,3,0.33100353276050304,0,0.8836089546592683,6,0.8936510574300535,6,0.14772324322006725,0.3369585806563702,0.025271943204368208,0.00449725234271825,0.14772324322006725,0.3369585806563702,0.025974812508717256,0.01496102089663967,0.07269446287792697,0.34842019117883904,0.04554573911082943,0.03970512503951201,15
Reweigh_25,0.5,0.8,0.4,0.852015392431334,0.8050296602752729,2.566125841773592,0.7036057637962607,3,0.18969057103028233,0,0.7873917326139693,4,0.8018260821723656,6,0.08439656348923674,0.4618494648065137,0.016902024274341176,0.044855442788934496,0.08439656348923674,0.4618494648065137,0.034674520556420466,0.044855442788934496,0.12720343283386593,0.5262596324206267,0.10145211680286648,0.08652850994108524,13
Reweigh_25,0.5,0.8,0.8,0.8410169381600424,0.8050296602752729,3.6659712689027457,0.6394661508763675,4,0.17764516788711696,0,0.7740181783422574,4,0.7925042009668027,5,0.09962012039929369,0.487182022275463,0.033289845382326266,0.050378476206337064,0.09962012039929369,0.487182022275463,0.053821992364104856,0.050378476206337064,0.17024993341674233,0.5702965696947899,0.1173588114243369,0.09790072868818012,13
Reweigh_25,0.5,1.0,0.0,0.8452866083685536,0.8050296602752729,3.2390042480516246,0.6925122457264985,1,0.19805578716290703,1,0.7760885362457834,4,0.8250182429900497,6,0.15785747125725202,0.43437305461405407,0.020704957174294547,0.0242498620408359,0.15785747125725202,0.43437305461405407,0.03440230996554093,0.0242498620408359,0.12695859520731906,0.5016399344677794,0.10107414887076327,0.0711989974876664,12
Reweigh_25,0.5,1.0,0.4,0.8506966588479457,0.8050296602752729,2.697999200112422,0.7028279863465814,3,0.18969057103028233,0,0.7975253906541752,5,0.8103735396242894,6,0.08525702264488833,0.4618494648065137,0.013554308332462406,0.04337933853932174,0.08525702264488833,0.4618494648065137,0.02857083786716469,0.04337933853932174,0.12767836914922365,0.5262596324206267,0.09648525516318956,0.0830914266164885,14
Reweigh_25,0.5,1.0,0.8,0.8405953757850249,0.8050296602752729,3.7081275064045016,0.6490201644520074,4,0.17845355320165945,0,0.7842017657178708,4,0.7958398629251269,5,0.09905258350939583,0.5044740391838901,0.02633740039293342,0.04760351406571883,0.09905258350939583,0.5044740391838901,0.047732735397589446,0.0477453093983984,0.16329859280105213,0.5671550866045013,0.11079803230396323,0.09585734195858692,13
Reweigh_25,0.6,0.0,0.0,0.7539102612605796,0.8050296602752729,12.376638958849028,0.8534435973979361,3,0.6217000286796942,0,0.9858895793937436,4,0.9359415749683415,5,0.12319315069122838,0.4117790840716299,0.008669059732925088,0.06007135299715993,0.12319315069122838,0.4117790840716299,0.10109917151844407,0.06406207306295827,0.06647906246437041,0.20519209890725898,0.005701106523226973,0.02690190912694329,12
Reweigh_25,0.6,0.0,0.4,0.8117832088463243,0.8050296602752729,6.58934420027456,0.8944913838585861,5,0.7543022034352215,0,0.8900005871802048,5,0.9827689025629656,6,0.09566767199063075,0.24216461480096418,0.02016984145590539,0.031068653090449927,0.09566767199063075,0.24216461480096418,0.05044080186800225,0.04078827613998215,0.04852913465543296,0.12006519283121508,0.050595871576876617,0.00740855620645986,16
Reweigh_25,0.6,0.0,0.8,0.8378714342849113,0.8050296602752729,3.9805216564158585,0.6913669834485523,1,0.2904971326111534,0,0.7577008421754684,4,0.8622800955266273,6,0.10128706245211094,0.31640030878741554,0.041916166922942755,0.012524974960352986,0.10128706245211094,0.4690065927874477,0.09135709688752827,0.0287622222853961,0.15987992455352834,0.530035845161494,0.1411486420840679,0.07057899087996555,11
Reweigh_25,0.6,0.4,0.0,0.7986174915957758,0.8050296602752729,7.90591592532941,0.9398453760779911,5,0.8860020899519243,2,0.9823037744545133,5,0.9885977806374167,6,0.09445041873011828,0.2382137785079277,0.01851110341226725,0.04093507380638861,0.09445041873011828,0.2382137785079277,0.092175573056974,0.04924132900317732,0.023372542665435758,0.04488861807096878,0.006672629516473516,0.00428668905309576,18
Reweigh_25,0.6,0.4,0.4,0.8486591073686941,0.8050296602752729,2.9017543480375774,0.7878812041532469,2,0.30510411054928516,0,0.8186573516168268,6,0.888000079721442,6,0.12519070636340512,0.3984726643483205,0.009325253429632419,0.0022039829151747625,0.12519070636340512,0.3984726643483205,0.015636625632901843,0.0022039829151747625,0.0941598709033632,0.43801718750590035,0.0876366083022509,0.049425950289654796,14
Reweigh_25,0.6,0.4,0.8,0.8362824684098451,0.8050296602752729,4.139418243922477,0.6192236076990579,2,0.16924022248290282,0,0.7284939512640093,3,0.7913039393585171,4,0.10236626664073478,0.4705284075018694,0.05110673806726518,0.04559966955663475,0.10236626664073478,0.5185344010056069,0.10154383365479505,0.0587839436061882,0.1848231165427741,0.6230698331378228,0.1495958194633067,0.10098968148256349,9
Reweigh_25,0.6,0.8,0.0,0.841768183930907,0.8050296602752729,3.590846691816285,0.7197197658885559,1,0.27947859982849516,0,0.8433210812923111,6,0.8825155000034077,6,0.19563446524757255,0.4243759643700502,0.010755301798659467,0.004443508250969508,0.19563446524757255,0.4243759643700502,0.010755301798659467,0.004443508250969508,0.11963336397739655,0.44443724293950904,0.069910113669167,0.04879010120660554,13
Reweigh_25,0.6,0.8,0.4,0.850167003556257,0.8050296602752729,2.750964729281291,0.6950221790863598,3,0.18969057103028233,0,0.7961269835428715,5,0.810989187397824,6,0.08794824596150064,0.4618494648065137,0.015238648237905772,0.043750409878675955,0.08794824596150064,0.4618494648065137,0.029718386572964578,0.043750409878675955,0.13188742012382337,0.5262596324206267,0.0978096518168527,0.08328310032776748,14
Reweigh_25,0.6,0.8,0.8,0.8362392312431767,0.8050296602752729,4.14374196058932,0.6371910112359551,2,0.16681405561335672,0,0.7546773132734996,4,0.7884229128371321,4,0.10165226861796006,0.5079081933846493,0.03433808130194693,0.05004322014801266,0.10165226861796006,0.5079081933846493,0.08092024144260668,0.05613807917409476,0.17113631545473817,0.6153244939889257,0.13089565015911186,0.10121690874135858,10
Reweigh_25,0.6,1.0,0.0,0.8465783187227741,0.8050296602752729,3.109833212629576,0.7078441406250782,1,0.19730487288301132,1,0.7795606627888872,5,0.821325729887075,6,0.1466153928564915,0.43809338549487875,0.0177867997030573,0.02728504833157619,0.1466153928564915,0.43809338549487875,0.03420345077815794,0.02728504833157619,0.12115077690577225,0.5042154021549493,0.09993241290162302,0.07327730352523348,13
Reweigh_25,0.6,1.0,0.4,0.8497454411812394,0.8050296602752729,2.793120966783047,0.6923309666659094,3,0.18969057103028233,0,0.8025433999551833,6,0.8093147475736636,6,0.08908331974129635,0.4618494648065137,0.012412418933712144,0.044256904662102414,0.08908331974129635,0.4618494648065137,0.02611316446950225,0.044256904662102414,0.1335684264089651,0.5262596324206267,0.09454508244080662,0.08428772988748096,15
Reweigh_25,0.6,1.0,0.8,0.8372174721390507,0.8050296602752729,4.0459178710019135,0.6395325491734322,2,0.16937577300786705,0,0.7669313116758537,4,0.791953900114124,5,0.10123119286093918,0.5175898421269484,0.03010536873749481,0.04830535338010533,0.10123119286093918,0.5175898421269484,0.06840931427953444,0.053250701763430455,0.16940927430798286,0.6041547763345665,0.12260897572296586,0.09892843528424639,11
Reweigh_25,0.7,0.0,0.0,0.761655118740069,0.8050296602752729,11.60215321090009,0.8746052095403509,4,0.6668306612935342,0,0.9864435785841884,4,0.9418131711349055,5,0.09772032612646286,0.3859025135005757,0.006773485002528279,0.05689044513412267,0.11232256742470081,0.3859025135005757,0.10311026112607688,0.0638899930036044,0.0558729863798445,0.1742419990982022,0.005481466964824044,0.024354553424412007,13
Reweigh_25,0.7,0.0,0.4,0.8281700950136738,0.8050296602752729,4.950655583539609,0.8802871197301819,3,0.7009404945315988,0,0.8576834323439277,5,0.9507438472029652,6,0.10746280605109959,0.13885702485483697,0.03482522095748941,0.014373307853816408,0.10746280605109959,0.13885702485483697,0.03482522095748941,0.031510917259773064,0.054876540547828534,0.15084234364206817,0.07015047119250428,0.02239315985502921,14
Reweigh_25,0.7,0.0,0.8,0.8369580491390399,0.8050296602752729,4.071860171002994,0.7111961699491606,3,0.26707954141155266,0,0.7491037441429128,4,0.8525856926474161,6,0.09740098089612659,0.38050508649425974,0.04654623567153304,0.01950782097910786,0.09740098089612659,0.4990019102692545,0.09285691827940934,0.030137483096842554,0.14429592510462907,0.5497471947370683,0.14366087472270278,0.07398365425278391,13
Reweigh_25,0.7,0.4,0.0,0.8046598856376942,0.8050296602752729,7.301676521137567,0.9478206902725906,4,0.7040330551121844,0,0.9844169387331386,5,0.9861087897414913,6,0.09502330686182736,0.14755907946951952,0.044679589558553445,0.022380142536632674,0.1116355242893983,0.16907183818991212,0.09462330873452637,0.04769197347362038,0.01938776283294158,0.12465341738451863,0.005761209613822593,0.005125868165534009,15
Reweigh_25,0.7,0.4,0.4,0.8486645120145276,0.8050296602752729,2.9012138834542234,0.8066899314868473,3,0.28513157623124785,0,0.8248500604006958,6,0.8738527246812998,6,0.11247154150188199,0.42722150162824374,0.0017274850944493103,0.013630671203676559,0.11247154150188199,0.42722150162824374,0.015910737453229656,0.013630671203676559,0.08548729224564561,0.45426711057366576,0.08417150649866789,0.055826967189913645,15
Reweigh_25,0.7,0.4,0.8,0.8349907580556246,0.8050296602752729,4.268589279344526,0.6201917564778721,2,0.1649377375982953,0,0.7372620826216635,4,0.7824868458380477,4,0.10236626664073478,0.494051723807663,0.04236863222943388,0.053419924173032984,0.10236626664073478,0.5289037852201067,0.0978774436452814,0.0606633483485869,0.18320528891797477,0.6296649280799699,0.14324682056053795,0.10512034878331222,10
Reweigh_25,0.7,0.8,0.0,0.8436976424934874,0.8050296602752729,3.397900835558243,0.7248740203503515,1,0.2765327320913695,0,0.8186063083000032,6,0.8885601563278438,6,0.18082822924255393,0.4313385947894708,0.001525214814139697,0.00040646321629977944,0.18082822924255393,0.4313385947894708,0.015744422944991773,0.0038021181967335532,0.11613701392519504,0.45100822467697244,0.08234134228481571,0.046185259136517,13
Reweigh_25,0.7,0.8,0.4,0.8490536465145438,0.8050296602752729,2.8623004334526025,0.6862571990627144,3,0.18969057103028233,0,0.8012450737169747,6,0.8060832630208867,6,0.0920308500404432,0.4618494648065137,0.014354051533826184,0.04520809134613801,0.0920308500404432,0.4618494648065137,0.027091371440913364,0.04520809134613801,0.13741072648928904,0.5262596324206267,0.095875605974234,0.08635408819164114,15
Reweigh_25,0.7,0.8,0.8,0.8334396247013933,0.8050296602752729,4.423702614767655,0.634210542147702,2,0.1621311375556114,0,0.7493234633441259,4,0.7858013952735735,4,0.10236626664073478,0.5231080762920155,0.03206298215140235,0.049005889550810644,0.10236626664073478,0.5424858168139168,0.09200840783513901,0.06071020344977078,0.17254299722294825,0.6366555520094036,0.1349677378103996,0.10306570055633385,10
Reweigh_25,0.7,1.0,0.0,0.8480159545145006,0.8050296602752729,2.9660696334569248,0.726692393875445,1,0.1960897116062884,1,0.7839896717960702,5,0.8172655258659733,6,0.12942928737738546,0.4434140821736001,0.014561142070671496,0.0309493942734127,0.12942928737738546,0.4434140821736001,0.0335388463205796,0.0309493942734127,0.11382366355712725,0.5083043397240685,0.0984530589662172,0.07568100470584471,13
Reweigh_25,0.7,1.0,0.4,0.8476592478894858,0.8050296602752729,3.0017402959584105,0.6805441792932645,3,0.18969057103028233,0,0.8113375851512101,6,0.8025108569220458,6,0.09366023014369829,0.4618494648065137,0.011270982539981489,0.04582720691146014,0.09366023014369829,0.4618494648065137,0.020720239670493856,0.04582720691146014,0.1410874101868404,0.5262596324206267,0.09087926885079062,0.08855495962537419,15
Reweigh_25,0.7,1.0,0.8,0.8334666479305611,0.8050296602752729,4.4210002918508735,0.634210542147702,2,0.1622056501552131,0,0.7495081066244375,4,0.7859108095805101,4,0.10236626664073478,0.5229481274756367,0.032006239733607944,0.04897421892531573,0.10236626664073478,0.5419587083801819,0.09179372342122745,0.060611891604597914,0.17254299722294825,0.6363064983327049,0.13483509813345096,0.10299871234625885,10
Reweigh_25,0.8,0.0,0.0,0.7709348956362889,0.8050296602752729,10.674175521278094,0.9033432327320533,4,0.7295934830155222,0,0.9865491121748449,4,0.95186517488927,5,0.09767510345401864,0.3554437956688309,0.004899606735194406,0.052535950535112175,0.1023734459075181,0.3554437956688309,0.10543549049360322,0.06180874175696516,0.04200798839942799,0.13431042330084902,0.005438795018215203,0.019996175620751788,13
Reweigh_25,0.8,0.0,0.4,0.837152616389048,0.8050296602752729,4.0524034460021845,0.7639383180411368,1,0.5381885026962387,1,0.9026157670392592,6,0.9083688115346518,6,0.1580215447857103,0.0758265237824638,0.010936956811479992,0.00445946117596252,0.1580215447857103,0.12073054559684414,0.03619043890589557,0.008653459798827312,0.11978330491957884,0.2802216343807545,0.04996731272792937,0.04525156100011457,14
Reweigh_25,0.8,0.0,0.8,0.8347637629306152,0.8050296602752729,4.291288791845471,0.7265499752488159,3,0.23093959173022818,0,0.7451087938144398,4,0.8478477787118585,6,0.08246446110523786,0.4435594436671937,0.04650849115174405,0.020843849044212326,0.08246446110523786,0.5142262330523865,0.09266537807059366,0.031066482247790128,0.13479465189690726,0.578793717905481,0.14280413840425732,0.07459254947722943,13
Reweigh_25,0.8,0.4,0.0,0.8158799303881616,0.8050296602752729,6.179672046090823,0.8583423669385654,3,0.5339619639555785,0,0.9752253010103628,5,0.9747061033729271,6,0.13644565621780191,0.2142675597421757,0.03595776358861069,0.017413118658053617,0.14285725038802521,0.2142675597421757,0.07823841389220204,0.04656517464670326,0.05510947740765809,0.21624968953826948,0.009482977645186796,0.00959628810047608,14
Reweigh_25,0.8,0.4,0.4,0.8470052857436252,0.8050296602752729,3.067136510544466,0.8182975329009711,5,0.2516696968002706,0,0.8248327998428197,6,0.8652234817755028,6,0.07774546694072937,0.44620821955042406,0.004408041432957366,0.02295292828616846,0.0885770051229863,0.44620821955042406,0.015265020968731516,0.02295292828616846,0.07983798251705082,0.4825620531770125,0.08481228577607247,0.060240745920412675,17
Reweigh_25,0.8,0.4,0.8,0.8345529817431063,0.8050296602752729,4.312366910596355,0.6295467060762346,2,0.16259912303957802,0,0.740273519848038,4,0.782474794786226,4,0.10236626664073478,0.499674138026512,0.039955580663594725,0.052851861731280536,0.10236626664073478,0.5355877569336922,0.09647124159754486,0.06119231976912991,0.1785168694565496,0.6348384634635964,0.14128342714999947,0.105127791917765,10
Reweigh_25,0.8,0.8,0.0,0.84440024645185,0.8050296602752729,3.3276404397219905,0.7377385877799686,1,0.25762587915756385,0,0.8064361534904099,6,0.8821761129324059,6,0.16416222371455602,0.4345808943280667,0.00877771900332569,0.004565702669656835,0.16416222371455602,0.4345808943280667,0.020377528188275165,0.004565702669656835,0.10964025965277108,0.4644800649121124,0.08828232145862802,0.04872320112615658,13
Reweigh_25,0.8,0.8,0.4,0.8454973895560624,0.8050296602752729,3.217926129300752,0.6872825236148403,3,0.1898748797856557,0,0.8143296163568954,6,0.799523202887478,5,0.08782159829356939,0.4618494648065137,0.013076388036887043,0.04629329012729877,0.08782159829356939,0.4618494648065137,0.018311730947471114,0.04629329012729877,0.13995260068429338,0.526139932150104,0.09010567053754132,0.09083918347191705,14
Reweigh_25,0.8,0.8,0.8,0.8333531503680564,0.8050296602752729,4.432350048101352,0.634210542147702,2,0.1618337704804126,0,0.7485857990743786,4,0.7854171750487021,4,0.10236626664073478,0.5239078203739093,0.032346694240374396,0.0491642426782849,0.10236626664073478,0.5444436481392181,0.09280580708681048,0.061028506630657633,0.17254299722294825,0.6380517667161986,0.13549829651819445,0.10330647627631073,10
Reweigh_25,0.8,1.0,0.0,0.8496967993687373,0.8050296602752729,2.797985148033255,0.7568457028851128,2,0.1937499867996717,1,0.7944349387962163,5,0.8091439467294477,6,0.09867568992429787,0.45247589370454744,0.007875189670857097,0.03746587010244962,0.1066553628029038,0.45247589370454744,0.030590269440905385,0.03746587010244962,0.10181951537752765,0.5161391152510123,0.09425582043788955,0.08031745263087825,14
Reweigh_25,0.8,1.0,0.4,0.8444542929101856,0.8050296602752729,3.3222357938884284,0.6691273368193159,3,0.18969057103028233,0,0.820499559059884,6,0.7974567208174116,5,0.09213229498096398,0.4618494648065137,0.011764184676761658,0.04635663137828849,0.09213229498096398,0.4618494648065137,0.013789299280725559,0.04635663137828849,0.14862295560299293,0.5262596324206267,0.08694738614915759,0.09206348229369349,14
Reweigh_25,0.8,1.0,0.8,0.8333963875347249,0.8050296602752729,4.4280263314344985,0.634210542147702,2,0.16194928352144072,0,0.7488724958651607,4,0.7855340662902119,4,0.10236626664073478,0.5236678971493411,0.03226158061368278,0.04911673674004258,0.10236626664073478,0.5436153348862061,0.09246844586494947,0.06092087168942699,0.17254299722294825,0.6375087943302227,0.13529196813182987,0.10322944951429508,10
Reweigh_25,0.9,0.0,0.0,0.7806146163241923,0.8050296602752729,9.70620345248776,0.9371415674259096,3,0.8257649061970567,2,0.992748576930229,4,0.9594243541594475,5,0.12675015894697228,0.3150733457314241,0.001163667261152579,0.04874419759986337,0.12675015894697228,0.3150733457314241,0.11102669549746297,0.06137178107367228,0.026573578939327547,0.07990945257672216,0.0029214942958797896,0.016766259783228654,14
Reweigh_25,0.9,0.0,0.4,0.8365472960556894,0.8050296602752729,4.112935479338042,0.7541379409929888,1,0.4944218981019056,0,0.9009327705737441,6,0.9424086499005121,6,0.18116471471759643,0.16207456252775831,0.014362152537651496,0.016683955666769723,0.18116471471759643,0.20146514537252846,0.031463611309305556,0.023007370744263567,0.12317228830388266,0.3150362186254824,0.05058702437859658,0.02800479705065534,13
Reweigh_25,0.9,0.0,0.8,0.833650405888902,0.8050296602752729,4.402624496016783,0.7177709819162468,3,0.22071151235746397,0,0.7476303698455428,4,0.844603040365117,6,0.08798321419680644,0.4643501776764043,0.04353873357750404,0.022309782186825666,0.08798321419680644,0.5234385091554612,0.09116905366216299,0.03247853408282547,0.1397192660657275,0.5892417140505306,0.14032395629474542,0.0758224089846457,13
Reweigh_25,0.9,0.4,0.0,0.8271594262427983,0.8050296602752729,5.051722460627161,0.7298514517627717,1,0.38060881414641573,0,0.8866873872961193,6,0.9219672072906725,6,0.21840302906240538,0.2931959998197893,0.008684829970166619,0.005886276485689623,0.21840302906240538,0.2931959998197893,0.030448297951287534,0.02687025679999909,0.11906034261294429,0.3476458802448821,0.05027617818022834,0.03284007804402461,13
Reweigh_25,0.9,0.4,0.4,0.8438814004518284,0.8050296602752729,3.3795250397241516,0.8075982150707451,5,0.24739983672842142,0,0.8275657129941603,6,0.8539349098698196,6,0.08525339584484104,0.46128829757867973,0.006604422113609232,0.025099093021406893,0.08540336554456758,0.46128829757867973,0.013987305978491404,0.025099093021406893,0.08632835364568647,0.48822951768283873,0.08465551956049894,0.06654098071794756,17
Reweigh_25,0.9,0.4,0.8,0.834055754326419,0.8050296602752729,4.362089652265089,0.6365224508276377,4,0.16186786443596013,0,0.7429919018117955,4,0.782170981962098,4,0.09803726231173049,0.5069357010982398,0.038198744029073084,0.05239263766160518,0.09803726231173049,0.5439082340267543,0.09497227269528095,0.06198341617331811,0.1756418431992176,0.6391310133982373,0.13957365790955661,0.10532650424851309,12
Reweigh_25,0.9,0.8,0.0,0.8455730545977322,0.8050296602752729,3.210359625133763,0.7306918385047688,1,0.25356533475476245,0,0.8089122108376132,6,0.8786077302639089,6,0.15252533020838588,0.43846749698010135,0.006515776463406064,0.007252276855462592,0.15252533020838588,0.43846749698010135,0.02055870265615216,0.007252276855462592,0.11322400996409754,0.46907291936370205,0.08762614121391338,0.05061263979350422,13
Reweigh_25,0.9,0.8,0.4,0.8443461999935145,0.8050296602752729,3.3330450855555416,0.700024449512401,3,0.19009605029210375,0,0.8130420590101731,6,0.796600385653687,5,0.07460771732824822,0.4618494648065137,0.015776009516333067,0.04629412282199763,0.07460771732824822,0.4618494648065137,0.01876628373940116,0.04629412282199763,0.13541761938731428,0.5259962918254769,0.09142762144524835,0.09286450774088101,14
Reweigh_25,0.9,0.8,0.8,0.833272080680553,0.8050296602752729,4.440457016851685,0.6215069316978423,2,0.1616114600350821,0,0.747970208511213,4,0.7850317698263803,4,0.11535327962774777,0.5247398241381483,0.03260766406172677,0.049292933997419186,0.11535327962774777,0.5460011178575812,0.09343366835387919,0.06134220816873935,0.17876325176621488,0.6390989277462947,0.13593035310632762,0.10353202260937117,10
Reweigh_25,0.9,1.0,0.0,0.8501832174937576,0.8050296602752729,2.749343335531229,0.8132804224618455,5,0.19281432557222905,1,0.7981497709951675,5,0.8078101287355187,6,0.0922854176713035,0.4556766253003408,0.00645852795406654,0.03866121039936887,0.09493221941992434,0.4556766253003408,0.02938944457408306,0.03866121039936887,0.07862226876423362,0.5194460933811242,0.09315340620248663,0.08165551857448433,17
Reweigh_25,0.9,1.0,0.4,0.8443894371601829,0.8050296602752729,3.3287213688886985,0.666779521602406,3,0.18969057103028233,0,0.8152033351311554,6,0.7965755727218942,5,0.0936518292345615,0.4618494648065137,0.014516418442300782,0.046409222870030464,0.0936518292345615,0.4618494648065137,0.017433030826623078,0.046409222870030464,0.15020459205847114,0.5262596324206267,0.09014464814369133,0.0927880176882881,14
Reweigh_25,0.9,1.0,0.8,0.8332828899722201,0.8050296602752729,4.439376087684977,0.6217342776262182,2,0.16164435636810026,0,0.748051971760941,4,0.7850803019749893,4,0.11535327962774777,0.524659849729959,0.03257929285282957,0.04927709868467178,0.11535327962774777,0.5457752142431234,0.0933416607479171,0.061300074520808115,0.17859054765153937,0.638943792778873,0.1358714021387949,0.10350225007156005,10
Reweigh_25,1.0,0.0,0.0,0.790607806470442,0.8050296602752729,8.706884437862783,0.9968473242212281,3,0.9962697489171454,2,0.9994904955137497,4,0.9741063497210936,5,0.13361266543797712,0.25941731865081297,0.0035405704420761186,0.04020351622978424,0.13361266543797712,0.25941731865081297,0.11622721161385821,0.05929393336536251,0.001266383810012317,0.0014974888457369162,0.00020418324893695106,0.010572278175604355,14
Reweigh_25,1.0,0.0,0.4,0.8299212002637467,0.8050296602752729,4.775545058532316,0.7615740380887046,1,0.38906148490941994,0,0.9087489702560811,6,0.9459337373931264,6,0.18676311232422338,0.31701615961934093,0.019499639994610574,0.019401043173573607,0.18676311232422338,0.31701615961934093,0.03289418656800275,0.02277465277416235,0.11812609452681583,0.3819521515619016,0.045845395251060295,0.02597838203068603,13
Reweigh_25,1.0,0.0,0.8,0.8334882665138953,0.8050296602752729,4.4188384335174575,0.7219339484260863,3,0.21539277769676848,0,0.7506991592264123,4,0.8405841882282716,6,0.07793301483880577,0.47410305022479904,0.041195181121590596,0.024758102189987086,0.07793301483880577,0.5313885002919384,0.0890111617904151,0.03407704783901591,0.13794650198973574,0.596488937774897,0.13804814069217292,0.0777322946065388,13
Reweigh_25,1.0,0.4,0.0,0.8294239728470594,0.8050296602752729,4.82526780020105,0.711855490856063,1,0.2975108867257449,0,0.9100396610410054,6,0.9437236834966561,6,0.2286405555453469,0.4014849711973981,0.022078990410929533,0.015267814844453054,0.2286405555453469,0.4014849711973981,0.0376496471596091,0.026861217562540174,0.1317923321109979,0.43263221926624307,0.041146583343292076,0.024653560501051774,13
Reweigh_25,1.0,0.4,0.4,0.8411412450142142,0.8050296602752729,3.6535405834855705,0.8079809132998095,5,0.24479888888692283,0,0.8254890888272881,6,0.8466883893621125,6,0.07763780355903882,0.4618494648065137,0.010005743059612326,0.026705789204042762,0.09118497849489886,0.4618494648065137,0.015857052807598998,0.026705789204042762,0.08745096289644072,0.4904692515343658,0.08672950269798224,0.07074366813665472,17
Reweigh_25,1.0,0.4,0.8,0.833823354555576,0.8050296602752729,4.385329629349388,0.6525211160556815,3,0.16176307932757603,0,0.7445702106253727,4,0.7831855538321253,4,0.09370825798272608,0.5149291366664681,0.03653242346001084,0.05142467476685719,0.09370825798272608,0.5463037715219351,0.0944074645795315,0.06169308228060455,0.16678566352096147,0.6401211979537709,0.13843418971103044,0.1047165103413959,11
Reweigh_25,1.0,0.8,0.0,0.8470701414936279,0.8050296602752729,3.0606509355441958,0.743895921543524,1,0.24896804413431617,0,0.8135287526588226,6,0.8725970813750148,6,0.13624528144455483,0.44387132954442776,0.0031638773033002554,0.011201423202261584,0.13624528144455483,0.44387132954442776,0.01976647339880476,0.011201423202261584,0.10837676668263174,0.4751161824521596,0.08604504965517018,0.05372084332964183,13
Reweigh_25,1.0,0.8,0.4,0.8439408515559975,0.8050296602752729,3.3735799293072355,0.7152803604121046,3,0.19024349729640244,0,0.8059352979004932,6,0.7961905919579219,5,0.074906877159999,0.4618494648065137,0.01888190748578955,0.04635853199217732,0.074906877159999,0.4618494648065137,0.024482758540462557,0.04635853199217732,0.12914366607122307,0.5259005316090588,0.09579536840111536,0.09345815477742314,14
Reweigh_25,1.0,0.8,0.8,0.833272080680553,0.8050296602752729,4.440457016851685,0.620033226251044,2,0.16139795980842123,0,0.7474391827501596,4,0.7847164570596576,4,0.11535327962774777,0.5257794914446103,0.03297648977739054,0.04949879306313576,0.11535327962774777,0.5469800335202317,0.09383236797971493,0.06152478730977472,0.17988582851160584,0.6401073050345355,0.1363135343952906,0.10372554410514351,10
Reweigh_25,1.0,1.0,0.0,0.8507182774312799,0.8050296602752729,2.695837341778995,0.8148186527474177,5,0.19193410097930888,1,0.7972531403151805,5,0.8083866667589829,6,0.08403160191851988,0.4590228446959429,0.008765395851154656,0.039812591943373055,0.08403160191851988,0.4590228446959429,0.029689695857297055,0.039812591943373055,0.07852200683511834,0.5223973596509255,0.09461002193271395,0.08225059948004271,17
Reweigh_25,1.0,1.0,0.4,0.8441246095143385,0.8050296602752729,3.355204133473133,0.6700323637098194,3,0.18969057103028233,0,0.808279347553588,6,0.7963597347335327,5,0.09537274754586467,0.4618494648065137,0.01779059185054488,0.04613104638674015,0.09537274754586467,0.4618494648065137,0.022637462179187134,0.04613104638674015,0.14939956152597444,0.5262596324206267,0.0943557317700836,0.0932547883211221,14
Reweigh_25,1.0,1.0,0.8,0.8332666760347195,0.8050296602752729,4.440997481435039,0.6202029124103902,2,0.16142256565654733,0,0.7475004164689465,4,0.7847528263743572,4,0.11535327962774777,0.5256195426282315,0.03291974735959602,0.04946712243764084,0.11535327962774777,0.5469047323154125,0.09380169877772755,0.061510742760464324,0.1797563004255992,0.6399909538089692,0.13626932116964097,0.10370321470178512,10
Reweigh_50,0.0,0.0,0.0,0.7039226919459968,0.7991908160526082,17.37539589030731,0.7717330574414588,1,0.4256491489216523,0,0.9998307031082303,5,0.9026796789112284,5,0.17897954632237523,0.5332313441392985,0.013810288020396744,0.07099680141736875,0.17897954632237523,0.5332313441392985,0.09550226549026958,0.07099680141736875,0.11056079450894674,0.37675274007029774,6.713330527668981e-05,0.04152351624620776,11
Reweigh_50,0.0,0.0,0.4,0.7460681201560861,0.7991908160526082,13.160853069298373,0.7750300529291291,1,0.5207769960911084,0,0.9221487736416001,5,0.9508681359850951,6,0.14093325541093837,0.4559722225763795,0.018538809270042034,0.05797320228506475,0.14093325541093837,0.4559722225763795,0.054227571403549085,0.05797320228506475,0.11089684753284113,0.29902572262552746,0.032815393940969384,0.02041715263105076,12
Reweigh_50,0.0,0.0,0.8,0.8024493854917687,0.7991908160526082,7.522726535730118,0.7661811152785798,3,0.5793381419107727,0,0.82838911203324,6,0.9648273088662488,6,0.08943623717890503,0.32128188816733894,0.026265733583207385,0.033842006295548344,0.08943623717890503,0.32128188816733894,0.026265733583207385,0.033842006295548344,0.12177036343464315,0.24532707611470667,0.0809886645317317,0.014939073827381633,15
Reweigh_50,0.0,0.4,0.0,0.7419281614475803,0.7991908160526082,13.574848940148954,0.7911376854082328,2,0.48963482086619936,0,0.9604377601259318,5,0.9359710078355402,6,0.15175608324888834,0.4752418377984873,0.005888826364168764,0.06458203195383583,0.15175608324888834,0.4752418377984873,0.07375996358562183,0.06458203195383583,0.09546291016227482,0.305901905245418,0.015366495687457682,0.02542888793680692,13
Reweigh_50,0.0,0.4,0.4,0.7936073849080669,0.7991908160526082,8.406926594100295,0.7839642351939944,3,0.5932145700786244,0,0.8587989870123808,6,0.9856283033045323,6,0.089683271459845,0.36286525198855246,0.013518825298669102,0.043656484739340695,0.089683271459845,0.36286525198855246,0.017980802470179608,0.043656484739340695,0.10070973414837192,0.22459317275472557,0.05916862043353982,0.005505449221638925,15
Reweigh_50,0.0,0.4,0.8,0.8588792926399533,0.7991908160526082,1.8797358209116544,0.5833319792495559,4,0.2326538038659562,1,0.7157290609427776,4,0.8267212151410744,6,0.09053169236443404,0.3087485844308173,0.07525516688898681,0.029537543945815536,0.09053169236443404,0.3087485844308173,0.08145774857836657,0.03140737614937365,0.21769784202327724,0.4889983509744833,0.15547696961597252,0.08158233250157298,15
Reweigh_50,0.0,0.8,0.0,0.7867164614702798,0.7991908160526082,9.096018937879002,0.8096696164602236,3,0.5970755975021104,0,0.9012966784868945,5,0.9995180288441141,6,0.11889537238297809,0.38433090527167735,0.004547860724406605,0.049266315993995224,0.11889537238297809,0.38433090527167735,0.040595232333533085,0.049266315993995224,0.07913654822710792,0.2054011877035079,0.036728813241631186,0.00016819627265829418,14
Reweigh_50,0.0,0.8,0.4,0.850350761514598,0.7991908160526082,2.7325889334471887,0.7460568820224719,3,0.23667935886747649,1,0.8253772747594398,6,0.809852142634661,6,0.07838152189907044,0.2770858631041132,0.001782972900685853,0.031975918657489166,0.07838152189907044,0.2770858631041132,0.001782972900685853,0.031975918657489166,0.10087114914698236,0.42550254384995556,0.07362139184644312,0.07521874014079188,16
Reweigh_50,0.0,0.8,0.8,0.8505885659312745,0.7991908160526082,2.708808491779535,0.6089095969215912,4,0.20725836201008888,0,0.7831683729166374,4,0.8045788162443648,6,0.06975548723121539,0.393487453639223,0.03766627909786824,0.03897459058001185,0.06975548723121539,0.393487453639223,0.03766627909786824,0.0410284647522981,0.19214272685243355,0.5051818275491404,0.10918116178990117,0.08968876988475216,14
Reweigh_50,0.0,1.0,0.0,0.8111562699296315,0.7991908160526082,6.652038091943835,0.7919734805609399,4,0.40194454609814423,0,0.807207121317766,6,0.8954616466622991,6,0.04763038092099636,0.20326621089819907,0.006521412482887068,0.01553135095541136,0.06032956673274792,0.20326621089819907,0.006521412482887068,0.01553135095541136,0.07094691408182446,0.22715215409966688,0.06515173548971492,0.0319282689566156,16
Reweigh_50,0.0,1.0,0.4,0.854144822889756,0.7991908160526082,2.3531827959313856,0.6821858645236502,3,0.20418670131811756,1,0.7747223511631006,4,0.8147062311563333,6,0.06327945180422201,0.4043941049189811,0.02588677718888477,0.032380166059081894,0.06327945180422201,0.4043941049189811,0.03352990583571963,0.032380166059081894,0.13675297587139168,0.5024519944003512,0.1053196995918253,0.0782387326778341,14
Reweigh_50,0.0,1.0,0.8,0.8498805573270783,0.7991908160526082,2.7796093521991527,0.6047641008440942,4,0.2037646103938231,0,0.789548469935985,4,0.80006052317998,6,0.07050231322075984,0.4124353805040416,0.034007072657657345,0.04195729358227607,0.07050231322075984,0.4124353805040416,0.034007072657657345,0.04290171031607344,0.19551045708860643,0.507408252580861,0.10551266121244052,0.09191572768780304,14
Reweigh_50,0.3,0.0,0.0,0.7263141396344297,0.7991908160526082,15.136251121464017,0.8062490926774667,3,0.4918922157199071,0,0.9922524633499757,5,0.9136835582736982,5,0.15836363604662085,0.4876899998012672,0.012691381548182834,0.06666235735398796,0.15836363604662085,0.4876899998012672,0.09789697276159454,0.0688152364546091,0.09060559031174642,0.3131675583546863,0.0030817504632684734,0.0364503598788557,13
Reweigh_50,0.3,0.0,0.4,0.7725238615113552,0.7991908160526082,10.515278933771466,0.8185642557976398,3,0.6289785874035453,0,0.9107699873998956,5,0.9729369408804285,6,0.10333776045394072,0.3884443102289641,0.017260827253948507,0.04968215525851405,0.10333776045394072,0.3884443102289641,0.05387824247067716,0.04968215525851405,0.0868206188417926,0.21311031804711555,0.038307374280297735,0.011181656644166038,14
Reweigh_50,0.3,0.0,0.8,0.841033152097543,0.7991908160526082,3.6643498751526837,0.7426417068047688,3,0.43134246194581316,0,0.8088439879379484,5,0.9031766553217765,6,0.08137567442907745,0.10083389074693416,0.021406775200759065,0.01200947578340339,0.08137567442907745,0.24691920702783374,0.05012408421502679,0.01200947578340339,0.1353080497284589,0.3718857976524084,0.11128534904094384,0.05089365696957354,14
Reweigh_50,0.3,0.4,0.0,0.7665247046361052,0.7991908160526082,11.115194621296464,0.8358976555950008,3,0.5890933344665361,0,0.9572553122065469,5,0.9569724856757245,6,0.11938817288310166,0.41229097284730976,0.00048354923685278717,0.05553458293992042,0.11938817288310166,0.41229097284730976,0.07695001436542687,0.05553458293992042,0.07145512470637783,0.22239930880873737,0.01651755580363934,0.016698486338185325,14
Reweigh_50,0.3,0.4,0.4,0.8391090981807963,0.7991908160526082,3.856755266827361,0.8128986517789872,5,0.54657070329933,0,0.8433119053569608,6,0.9356114628192744,6,0.049088832772995694,0.1510271430571477,0.005762443272380069,0.021456185439698072,0.05267959431608962,0.1510271430571477,0.012495172089335052,0.021852381440654614,0.07758392765055944,0.2147109643909123,0.06862103990114737,0.025856633008622898,17
Reweigh_50,0.3,0.4,0.8,0.846432393285268,0.7991908160526082,3.124425756380189,0.6166197453080255,4,0.19102298812486934,0,0.7165444815965789,4,0.8000795382871101,6,0.08051495430136213,0.40988478121783645,0.07383071737887281,0.04124038108249373,0.08051495430136213,0.4185621036611298,0.08991363660347172,0.05055690393612508,0.19211222468611266,0.5625879149834381,0.15652235514331542,0.09582498193495426,14
Reweigh_50,0.3,0.8,0.0,0.8107941586587831,0.7991908160526082,6.688249219028675,0.9284048472772418,3,0.5207331249709055,0,0.9181776016732934,6,0.9595950635379065,6,0.12413981901309568,0.24084061672176582,0.03343834432073123,0.025344300440010903,0.12413981901309568,0.24084061672176582,0.04057098166795493,0.03213014742017536,0.023385619522438506,0.19507240176242224,0.027776179727607597,0.01315103211378238,15
Reweigh_50,0.3,0.8,0.4,0.853496265389729,0.7991908160526082,2.418038545934087,0.6889904953429774,3,0.2001960152515068,0,0.7953997239797628,5,0.8193938349425491,6,0.07033780055639383,0.42116838775373555,0.015805898999866064,0.035832283055980074,0.07033780055639383,0.42116838775373555,0.02523563208182772,0.035832283055980074,0.13377128299267127,0.5067166981872548,0.09632522979774627,0.07786315270675292,14
Reweigh_50,0.3,0.8,0.8,0.8412979797433874,0.7991908160526082,3.637867110568249,0.6269372548440598,4,0.17550168192305732,0,0.7362747161144141,4,0.7900077797599925,5,0.07155304242682892,0.4736299517524017,0.046842343464261416,0.044532314905376236,0.07155304242682892,0.4736299517524017,0.08872287821821201,0.05654939581351588,0.18386560321035605,0.5958618390880295,0.1418961971334351,0.09985852803764617,13
Reweigh_50,0.3,1.0,0.0,0.8379687179099153,0.7991908160526082,3.9707932939154533,0.7704689271653511,2,0.24564247228215477,1,0.8610920938241884,6,0.8132884267151533,6,0.1304655332559237,0.33117702741418276,0.02964629946720365,0.02954930987486526,0.1304655332559237,0.33117702741418276,0.02964629946720365,0.02954930987486526,0.08300950260355267,0.3898706332713886,0.051849152428260825,0.06698725181222592,15
Reweigh_50,0.3,1.0,0.4,0.8517073276188212,0.7991908160526082,2.5969323230248698,0.6874722871200661,3,0.19903114046210818,0,0.809700274709892,6,0.8095311343228498,6,0.07493301860040547,0.45371932279598426,0.007209596119995054,0.04142556861992386,0.07493301860040547,0.45371932279598426,0.020334344261105877,0.04142556861992386,0.1347211556233867,0.5104246993980308,0.08941027282874214,0.08303666786085834,15
Reweigh_50,0.3,1.0,0.8,0.8398549393058273,0.7991908160526082,3.782171154324254,0.626169285505726,4,0.17390578787313216,0,0.7396174596457373,4,0.7816559921529495,4,0.07155304242682892,0.4990309905402943,0.04071416234246383,0.05169859839134683,0.07155304242682892,0.4990309905402943,0.09028700751956761,0.058718175965047664,0.1844700676117204,0.6024938589453053,0.13946446972270893,0.10387559507532401,12
Reweigh_50,0.5,0.0,0.0,0.7419281614475803,0.7991908160526082,13.574848940148954,0.8336575713961762,3,0.5488616109798986,0,0.988133479217522,5,0.9252590418518004,5,0.14452155316642157,0.4526701817684784,0.010764018606183146,0.06147637240553261,0.14452155316642157,0.4526701817684784,0.0995923108711513,0.06751885146888503,0.07590661577279967,0.2639770011629986,0.004733282021101015,0.031286363899427905,13
Reweigh_50,0.5,0.0,0.4,0.7954341551998098,0.7991908160526082,8.224249564926012,0.8740460508107071,5,0.7182749351635236,0,0.900216307291679,5,0.9943011850012189,6,0.0891715292872336,0.3159026239976389,0.016857629782429995,0.04172281710496051,0.0891715292872336,0.3159026239976389,0.052366639849888943,0.045608143537502144,0.0585258149982803,0.1492708747003576,0.04414258918582337,0.002371563537401755,16
Reweigh_50,0.5,0.0,0.8,0.8443894371601829,0.7991908160526082,3.3287213688886985,0.683724214981879,3,0.3125499992597893,0,0.7746336579544549,4,0.8655910802586508,6,0.07038915776779853,0.2319823082700493,0.027367066645855975,0.010912054737680088,0.07038915776779853,0.3872026754214105,0.0814538111419473,0.026108401517965923,0.16891893530824043,0.49185842435833876,0.13067680664730996,0.06936637540271767,13
Reweigh_50,0.5,0.4,0.0,0.7861111411369213,0.7991908160526082,9.15655097121486,0.8963111578792268,3,0.7214790026120419,0,0.9629446735148967,5,0.9726661093042739,6,0.11179216776508938,0.33220966319888023,0.007387565158379572,0.049264231905003175,0.11179216776508938,0.33220966319888023,0.08253448914136112,0.050726980396148244,0.04243179679723191,0.13138055075544885,0.014166141055275083,0.01041108703315724,14
Reweigh_50,0.5,0.4,0.4,0.8510047236604585,0.7991908160526082,2.6671927188611333,0.7873895959949757,2,0.34321818702814794,0,0.8056265617327482,6,0.9024960126423013,6,0.14357242190311192,0.3162350943455402,0.023539368881652867,0.008794789683430171,0.14357242190311192,0.3162350943455402,0.023539368881652867,0.008794789683430171,0.09443091419591992,0.4036464655976362,0.09501676527031194,0.042943208437014324,14
Reweigh_50,0.5,0.4,0.8,0.8416168538475673,0.7991908160526082,3.6059797001502525,0.6162896063803657,4,0.18105321206260278,0,0.7250146280756582,4,0.7945523363905445,5,0.07304669440591771,0.45783729174002363,0.055722531849088486,0.040862558800242255,0.07304669440591771,0.46942205859581454,0.09651285552300254,0.056227737940097375,0.19325511599555434,0.5941683820177199,0.15025249678120306,0.09823570440287477,13
Reweigh_50,0.5,0.8,0.0,0.8392442143266352,0.7991908160526082,3.8432436522434665,0.8001558778157887,3,0.3230271942764646,0,0.9024519957062449,6,0.8720645123928458,6,0.16939047633343018,0.3504645528745477,0.04010311696633306,0.014710558615826153,0.16939047633343018,0.3504645528745477,0.04010311696633306,0.014710558615826153,0.07748446509145457,0.3616930934827516,0.03812326614684386,0.04861380934649606,15
Reweigh_50,0.5,0.8,0.4,0.848134856722839,0.7991908160526082,2.9541794126230925,0.6830029592116775,3,0.19903114046210818,0,0.8207602949527012,6,0.7999514420120823,5,0.0740008347016512,0.45371932279598426,0.008503360760185985,0.044188604878838245,0.0740008347016512,0.45371932279598426,0.012380886976054536,0.044188604878838245,0.13949749291222358,0.5104246993980308,0.08532859199206883,0.08931845301494007,14
Reweigh_50,0.5,0.8,0.8,0.8396819906391534,0.7991908160526082,3.7994660209916487,0.6273139841559308,4,0.17346302132043975,0,0.7385607181180115,4,0.7811279042534339,4,0.07304669440591771,0.49948933053453376,0.04099787443143599,0.05185695151882108,0.07304669440591771,0.49948933053453376,0.09157511400303689,0.05921433683371721,0.18440403011843332,0.604355478554365,0.14023083230063477,0.1042082838262221,12
Reweigh_50,0.5,1.0,0.0,0.8471566158269649,0.7991908160526082,3.0520035022104985,0.7084330522841106,1,0.20730239397515904,1,0.7815898661120925,5,0.8338795162174942,6,0.16582740898826698,0.4238735398637816,0.01790492076189265,0.01745321972931313,0.16582740898826698,0.4238735398637816,0.029904396255388918,0.01966564446789018,0.11980559545391434,0.48499840538128164,0.097808649998054,0.06715816717761403,13
Reweigh_50,0.5,1.0,0.4,0.8482807821603451,0.7991908160526082,2.939586868872479,0.6826047666753233,3,0.19903114046210818,0,0.8195312656862533,6,0.7998563438357827,5,0.07427544932579533,0.45371932279598426,0.009239513381937292,0.044267310993592934,0.07427544932579533,0.45371932279598426,0.013143428282484326,0.044267310993592934,0.1397541983055211,0.5104246993980308,0.08611581919164207,0.08949498546892876,14
Reweigh_50,0.5,1.0,0.8,0.8387956287224498,0.7991908160526082,3.8881022126620035,0.644870672625311,4,0.17346302132043975,0,0.7449468540837798,4,0.7848485798960063,4,0.07304669440591771,0.5210825078163338,0.03424552671389969,0.048218847221222605,0.07304669440591771,0.5210825078163338,0.08930559305597194,0.058175040184746674,0.17093310917374177,0.604355478554365,0.13563265683307996,0.10194038011760098,12
Reweigh_50,0.6,0.0,0.0,0.7499594651562483,0.7991908160526082,12.771718569282154,0.8497067289116745,3,0.5864365751311413,0,0.9876401887907786,4,0.9319337144105319,5,0.1329511236691494,0.4311232139799104,0.009237043088940355,0.05902412415336822,0.1329511236691494,0.4311232139799104,0.10123480705658441,0.066212087211927,0.06759660657687866,0.2335297288428192,0.00493186577586352,0.02834863948702937,12
Reweigh_50,0.6,0.0,0.4,0.8109022515754543,0.7991908160526082,6.6774399273615614,0.8842729201842436,5,0.7384464311801663,0,0.8897681051040179,5,0.9846418258213128,6,0.09885125744120216,0.2533739752055114,0.01837778545066826,0.031628336835826,0.09885125744120216,0.2533739752055114,0.04880526768110931,0.041568132480951675,0.052569604366891454,0.1297777127693387,0.050325905119710745,0.006549789403330397,16
Reweigh_50,0.6,0.0,0.8,0.8431139407434631,0.7991908160526082,3.456271010560674,0.6861191588098264,3,0.27669826133635317,0,0.747405586168674,4,0.8497429245796182,6,0.06949038016999176,0.32007712893877227,0.048153129414150175,0.01973271911514196,0.06949038016999176,0.4324914803548533,0.08999546850263898,0.030554000431306544,0.16576963211597956,0.5226713463691075,0.14426095713957443,0.07518110174008819,13
Reweigh_50,0.6,0.4,0.0,0.796336731054014,0.7991908160526082,8.133991979505584,0.947674971833988,3,0.8905012123921836,2,0.9838199908250725,5,0.991277187148305,6,0.10212812037298125,0.24694854792331977,0.02037582956256645,0.03896963204773729,0.10212812037298125,0.24694854792331977,0.09055471234761643,0.04812761624199016,0.020007359329830443,0.04244583338117036,0.006009826702366827,0.003227203207632645,16
Reweigh_50,0.6,0.4,0.4,0.8487563909936982,0.7991908160526082,2.892025985537172,0.800158722331429,3,0.2999193520404659,0,0.8180029409616209,6,0.8892992439080487,6,0.12560067934363572,0.38380092290789414,0.013419926870798071,0.000555101572287553,0.12560067934363572,0.38380092290789414,0.013419926870798071,0.0014437564443159773,0.08804461156398713,0.43257934498074735,0.08775169533402521,0.04870019194961578,15
Reweigh_50,0.6,0.4,0.8,0.8413141936808881,0.7991908160526082,3.636245716818176,0.6115089091724296,4,0.1778664511628612,0,0.7256448963875163,4,0.7916484776944638,5,0.07304669440591771,0.4635349785510118,0.05444582744871407,0.04230652197537765,0.07304669440591771,0.47729998767773685,0.09689536317417236,0.05774102591684489,0.19630029946699434,0.60030671439485,0.1497746856883796,0.09966761929152157,13
Reweigh_50,0.6,0.8,0.0,0.844167846681007,0.7991908160526082,3.35088041680629,0.7378912136155076,1,0.28081906495835113,0,0.8233553479840213,6,0.8744849875671983,6,0.1864571285015646,0.4140219374195866,0.0005942594166972182,0.00620888217087745,0.1864571285015646,0.4140219374195866,0.009459633276620333,0.00620888217087745,0.10858237557205558,0.43365101053635086,0.07799095817568402,0.05096945373577466,13
Reweigh_50,0.6,0.8,0.4,0.8481510706603397,0.7991908160526082,2.9525580188730194,0.6859911909102481,3,0.19903114046210818,0,0.8131310752287744,6,0.7986840915895007,5,0.07621605933641373,0.45371932279598426,0.012613735426109662,0.04479921472655857,0.07621605933641373,0.45371932279598426,0.01731443975276588,0.04479921472655857,0.13886635958163812,0.5104246993980308,0.08986386770349275,0.09033532936125827,14
Reweigh_50,0.6,0.8,0.8,0.8395793023683158,0.7991908160526082,3.809734848075408,0.6296400461063649,4,0.17345382099046622,0,0.7404572395247068,4,0.782182203250776,4,0.07304669440591771,0.5046608057658892,0.039380715524294896,0.051019688760362225,0.07304669440591771,0.5046608057658892,0.09045483075682584,0.058727499061105415,0.18174997780558078,0.6043942622962206,0.1388540189529368,0.10355554029385444,12
Reweigh_50,0.6,1.0,0.0,0.8483618518478484,0.7991908160526082,2.931479900122147,0.7273395666852376,1,0.2063707456213614,1,0.7890042054730868,5,0.8363282393083494,6,0.15557257087922172,0.4277185745730139,0.0139067922459577,0.01801172735223311,0.15557257087922172,0.4277185745730139,0.02765168178592227,0.018452900998844765,0.11288355532005251,0.4877604879158392,0.09512271166460251,0.06692838856614408,13
Reweigh_50,0.6,1.0,0.4,0.8482861868061786,0.7991908160526082,2.939046404289125,0.6852854386562253,3,0.19903114046210818,0,0.8115985046282534,6,0.7983259371404732,5,0.07671036565987321,0.45371932279598426,0.013433276362466495,0.04509559758546766,0.07671036565987321,0.45371932279598426,0.018451870472422083,0.04509559758546766,0.1393218046342627,0.5104246993980308,0.0908868605367984,0.0906911832781353,14
Reweigh_50,0.6,1.0,0.8,0.8388010333682834,0.7991908160526082,3.8875617480786495,0.6419527057808525,4,0.17345382099046622,0,0.7449308054204578,4,0.7848069301093423,4,0.07304669440591771,0.5210825078163338,0.03424552671389969,0.048218847221222605,0.07304669440591771,0.5210825078163338,0.08932007028329336,0.05820785073662016,0.17233760355576427,0.6043942622962206,0.1356411912224017,0.10196011410347144,12
Reweigh_50,0.7,0.0,0.0,0.7580123874482505,0.7991908160526082,11.966426340081938,0.872364495459684,3,0.6298122066150645,0,0.9873736767770345,4,0.9362116925406745,5,0.11182561107499778,0.4085211004260856,0.007403839717615379,0.05726307365960848,0.12001106219343569,0.4085211004260856,0.10278358088871088,0.06627356379580723,0.05625418722626596,0.20131927129570493,0.005040443563887609,0.0264876182176092,12
Reweigh_50,0.7,0.0,0.4,0.8291375266178808,0.7991908160526082,4.853912423118912,0.8451829175941344,5,0.6840356809651457,0,0.8547003746223766,6,0.9452913383180163,6,0.09923364904445398,0.12132737410124506,0.0338892842743832,0.013634241911453016,0.09923364904445398,0.12132737410124506,0.0338892842743832,0.0278426540599091,0.07152089990359822,0.16071986871903327,0.07199561854038994,0.02498806883496285,17
Reweigh_50,0.7,0.0,0.8,0.8411358403683806,0.7991908160526082,3.6540810480689245,0.7010428960659856,3,0.2335055752915546,0,0.7217888381647167,4,0.8411707818987825,6,0.066945998984834,0.38244262652499916,0.06881566868484112,0.02378024104864962,0.066945998984834,0.44797523787524074,0.09853298862465737,0.03255254191790155,0.15213110085774767,0.5561424797333849,0.15773075891473498,0.07755621073234692,13
Reweigh_50,0.7,0.4,0.0,0.8051354944710473,0.7991908160526082,7.254115637802261,0.947106554479301,3,0.7013249734745717,0,0.9899648910860871,5,0.9897347148285871,6,0.1276018073673485,0.15601700945934216,0.04435047964233396,0.024972880968409772,0.1276018073673485,0.15734868854345266,0.09096838471036359,0.04824603873159526,0.01953090508701888,0.12453205657734001,0.0036753919336414698,0.003756419555848378,14
Reweigh_50,0.7,0.4,0.4,0.8454109152227255,0.7991908160526082,3.2265735626344383,0.8049371358655341,3,0.2595878156533131,0,0.8177595680323051,6,0.8660637750761342,6,0.11123142511564121,0.4014358115045628,0.01733769831274612,0.01088242115627891,0.11123142511564121,0.4014358115045628,0.01733769831274612,0.010988904577483305,0.08679062572195484,0.4610487131162928,0.08856466544050728,0.05977045597784403,15
Reweigh_50,0.7,0.4,0.8,0.8406764454725282,0.7991908160526082,3.7000205376541695,0.6158865107342372,4,0.17345382099046622,0,0.7306989035766678,4,0.7894639916079706,4,0.07304669440591771,0.4735412267421186,0.04911204017603832,0.04383863788083431,0.07304669440591771,0.48002775598865627,0.09479366546436563,0.05821041560181675,0.19183285395004873,0.6043942622962206,0.14599562041372194,0.10046500263502883,12
Reweigh_50,0.7,0.8,0.0,0.8456433149935685,0.7991908160526082,3.203333585550139,0.7403894809548879,1,0.2615891559889797,0,0.8093544902899866,6,0.8892377683624373,6,0.1786305641042184,0.4217120068380511,0.006977489442678175,0.003272650119094167,0.1786305641042184,0.4217120068380511,0.01713207801549496,0.003272650119094167,0.10771726523690917,0.4506757335710485,0.08594824314369753,0.04527951983022105,13
Reweigh_50,0.7,0.8,0.4,0.8477349129311557,0.7991908160526082,2.9941737917914213,0.6931011244303339,3,0.19903114046210818,0,0.8015800328155445,6,0.7969479070132508,5,0.07063373446881915,0.45371932279598426,0.017936717821249837,0.04516378916546582,0.07063373446881915,0.45371932279598426,0.026169461640605504,0.04516378916546582,0.13681741510229745,0.5104246993980308,0.09692467263538501,0.09183077454721827,14
Reweigh_50,0.7,0.8,0.8,0.8388334612432847,0.7991908160526082,3.8843189605785144,0.6386337310320862,4,0.17345382099046622,0,0.7447702734294189,4,0.7846789936149273,4,0.07304669440591771,0.5205381420025069,0.034415753967283025,0.048313859097707135,0.07304669440591771,0.5205381420025069,0.08936521671260217,0.058254705837804066,0.17404433013846893,0.6043942622962206,0.13575288980490574,0.10203195003051141,12
Reweigh_50,0.7,1.0,0.0,0.8487888188686995,0.7991908160526082,2.888783198037037,0.7218510878416053,1,0.20531321194195587,0,0.8019300362339213,6,0.8405843297888244,6,0.14504037343562493,0.43208320856727744,0.008355008694502342,0.020266857480773948,0.14504037343562493,0.43208320856727744,0.022120254952435872,0.020266857480773948,0.11635584829129952,0.49092616241891657,0.08987337397653794,0.0661491023475857,13
Reweigh_50,0.7,1.0,0.4,0.84768086647282,0.7991908160526082,2.9995784376249834,0.6924451562497719,3,0.19903114046210818,0,0.7999468281807881,5,0.7971665566257303,5,0.07124913921030418,0.4549436722437171,0.018845049510980094,0.04479485366449176,0.07124913921030418,0.4549436722437171,0.02751738803091898,0.04479485366449176,0.13723973687836755,0.5104246993980308,0.09805857429347514,0.09193268206526717,13
Reweigh_50,0.7,1.0,0.8,0.8388064380141169,0.7991908160526082,3.8870212834952955,0.6390347389363941,4,0.17345382099046622,0,0.7449147567571357,4,0.7847652803226783,4,0.07304669440591771,0.5210825078163338,0.03424552671389969,0.048218847221222605,0.07304669440591771,0.5210825078163338,0.08933454751061479,0.058240661288493645,0.17374209793778672,0.6043942622962206,0.1356497256117235,0.1019798480893419,12
Reweigh_50,0.8,0.0,0.0,0.7673029736361376,0.7991908160526082,11.037367721293222,0.8947141548329339,3,0.6889918076583015,0,0.9864461172943413,4,0.9457431075594016,5,0.10650858813989339,0.3763612337608274,0.005547754284152995,0.053525088338557625,0.11748588833213641,0.3763612337608274,0.10433673971430563,0.06428237959231117,0.045692873815482316,0.16104127426834808,0.005427305986658637,0.022422698849331235,12
Reweigh_50,0.8,0.0,0.4,0.8350934463264622,0.7991908160526082,4.258320452260767,0.7524737922709077,1,0.5286062810560325,0,0.9128271948144775,6,0.9188117174841912,6,0.16813478697267215,0.10030488664966353,0.01853599745372958,0.002333163501250679,0.16813478697267215,0.2093720638694372,0.038772503858851975,0.012088117509659324,0.12566626866010483,0.28355680596450394,0.044636669614693425,0.0401705302506728,13
Reweigh_50,0.8,0.0,0.8,0.840935868472539,0.7991908160526082,3.674078237653089,0.6917080908167802,3,0.22727562017713435,0,0.7295292007502676,4,0.8369938375016649,6,0.049769001225311915,0.4135440513145755,0.06072379220283908,0.024143023076933834,0.049769001225311915,0.46142927249692256,0.09377448482271977,0.035109679340626865,0.15774653148526996,0.5642290528593349,0.15132939476098095,0.07911292598447689,13
Reweigh_50,0.8,0.4,0.0,0.8184255185757677,0.7991908160526082,5.925113227330215,0.8335962305758348,3,0.5242291724143673,0,0.9689283537839776,5,0.9733043049405831,6,0.18708317742413338,0.212855553714705,0.03713170132293975,0.017341615117219433,0.18708317742413338,0.212855553714705,0.07347501360302586,0.046323541857684836,0.06504657907493083,0.22146793593646621,0.01194591300071296,0.010135669025997829,14
Reweigh_50,0.8,0.4,0.4,0.8450704225352113,0.7991908160526082,3.260622831385862,0.8031931737484033,5,0.25223781347915486,0,0.8117504812780869,6,0.8470594601036902,6,0.09755422965975058,0.4407901610842179,0.013908632578849445,0.02387291479369169,0.09755422965975058,0.4407901610842179,0.022520885112050457,0.02387291479369169,0.08844499847363102,0.47032211988944794,0.09269457017402088,0.06923031941715774,17
Reweigh_50,0.8,0.4,0.8,0.8401251715975052,0.7991908160526082,3.7551479251564657,0.6153084403714446,4,0.17345382099046622,0,0.7354213659885378,4,0.7834789751247455,4,0.07304669440591771,0.4889649248005472,0.04428893466351247,0.049184693095549625,0.07304669440591771,0.4889649248005472,0.09275330615853367,0.05927015559961618,0.1914239551279781,0.6043942622962206,0.14251130997672795,0.10320493860892599,12
Reweigh_50,0.8,0.8,0.0,0.8458757147644115,0.7991908160526082,3.1800936084658393,0.7352772259658016,1,0.25580857037746174,0,0.8199739522300407,6,0.8932802804448173,6,0.17299645654561335,0.4246841147484306,0.002705181408240165,0.002337877400054311,0.17299645654561335,0.4246841147484306,0.012468525572728678,0.0058054078635272205,0.11103971808719942,0.45576187367081034,0.08169663924856069,0.04420044952548635,13
Reweigh_50,0.8,0.8,0.4,0.8461243284727552,0.7991908160526082,3.1552322376314668,0.6910964599410144,3,0.19903114046210818,0,0.7843973521035931,4,0.7950665221599558,5,0.07647692113711524,0.47013880979969913,0.024530549172977367,0.045058860224432395,0.07647692113711524,0.47013880979969913,0.041680655858482435,0.045058860224432395,0.1393661163209456,0.5104246993980308,0.10778702521542033,0.09372497280190484,12
Reweigh_50,0.8,0.8,0.8,0.8388118426599505,0.7991908160526082,3.8864808189119415,0.6361167720919357,4,0.17345382099046622,0,0.7448987080938136,4,0.7847236305360143,4,0.07304669440591771,0.5210825078163338,0.03424552671389969,0.048218847221222605,0.07304669440591771,0.5210825078163338,0.08934902473793621,0.05827347184036713,0.17514659231980917,0.6043942622962206,0.13565826000104525,0.10199958207521237,12
Reweigh_50,0.8,1.0,0.0,0.8496211343270675,0.7991908160526082,2.8055516522002333,0.7124582655275068,1,0.20360888490066895,0,0.8120609384106783,6,0.8300986007027843,6,0.12808712096543018,0.4385885916158704,0.0035900382362956673,0.026985409965708973,0.12808712096543018,0.4385885916158704,0.018291433702492546,0.026985409965708973,0.12187087383762657,0.4960971845155769,0.08596066167191724,0.07180266427516235,13
Reweigh_50,0.8,1.0,0.4,0.8455784592435658,0.7991908160526082,3.209819160550409,0.6895776500735544,3,0.1981398570708422,0,0.7807581423183889,4,0.7957255634792982,5,0.07647692113711524,0.4775764297613114,0.025448413433176498,0.04470174240189606,0.07647692113711524,0.4775764297613114,0.04586977030098839,0.04518493248549488,0.14035981461758107,0.5132912526778526,0.1102946194267283,0.09374133700463966,12
Reweigh_50,0.8,1.0,0.8,0.8388118426599505,0.7991908160526082,3.8864808189119415,0.6361167720919357,4,0.17345382099046622,0,0.7448987080938136,4,0.7847236305360143,4,0.07304669440591771,0.5210825078163338,0.03424552671389969,0.048218847221222605,0.07304669440591771,0.5210825078163338,0.08934902473793621,0.05827347184036713,0.17514659231980917,0.6043942622962206,0.13565826000104525,0.10199958207521237,12
Reweigh_50,0.9,0.0,0.0,0.7779717445115821,0.7991908160526082,9.970490633748774,0.9277002231226826,3,0.7842085845940878,0,0.9913974768646163,4,0.9557741661833905,5,0.1328592978886053,0.3281809726566719,0.0015028158393863844,0.04884903715559019,0.1328592978886053,0.3281809726566719,0.10905759633153542,0.06295917457709158,0.030564933764146818,0.10288022679328868,0.003438194698959063,0.01816284144842445,12
Reweigh_50,0.9,0.0,0.4,0.831153459513798,0.7991908160526082,4.6523191335271825,0.7373671319940983,1,0.4725672196819165,0,0.8829069768061222,6,0.9293534371623783,6,0.1919250238944724,0.19340946444225493,0.006702832145443538,0.015950445726888307,0.1919250238944724,0.3313317250042825,0.015448503374644956,0.015950445726888307,0.13456669543863636,0.33752097716600904,0.061437899750172276,0.0349962139982663,13
Reweigh_50,0.9,0.0,0.8,0.8394982326808125,0.7991908160526082,3.81784181682574,0.6854979774139806,3,0.2221047039636321,0,0.7414481080795797,4,0.8365462976308567,6,0.04643325559488043,0.45938771558261937,0.04703130318302162,0.022831985261774213,0.04643325559488043,0.47345405905957405,0.08901007753018328,0.03559562959430787,0.1604488536279265,0.5688193418969004,0.14197815119382873,0.07857826998197442,13
Reweigh_50,0.9,0.4,0.0,0.8307751343054489,0.7991908160526082,4.690151654362095,0.7069450664212815,1,0.35192637620994216,0,0.9332780613162841,5,0.9061400908368131,6,0.2387141566174622,0.32952040799309223,0.03634566506251746,0.010336507452617605,0.2387141566174622,0.32952040799309223,0.04747205028873193,0.01766635554842616,0.13355535536725244,0.37906193089607154,0.02943502148111876,0.040703925118226125,12
Reweigh_50,0.9,0.4,0.4,0.8402927156183455,0.7991908160526082,3.7383935230724363,0.7809576854070007,3,0.2331631831065207,0,0.7797544329830598,4,0.8293211557717372,6,0.07558670663302691,0.4787760458841521,0.018740085062769807,0.027505354885542177,0.07558670663302691,0.4787760458841521,0.06015334394975358,0.0339035696839009,0.10084642067175309,0.51288011585976,0.11354560859239216,0.07943212913999315,13
Reweigh_50,0.9,0.4,0.8,0.8397090138683212,0.7991908160526082,3.7967636980748676,0.6100166848787467,4,0.17345382099046622,0,0.7383638140767342,4,0.7808718348787899,4,0.0817047030639263,0.49930787526325815,0.041152940173072805,0.05195397221246045,0.0817047030639263,0.49930787526325815,0.09166369211430997,0.05935962359052155,0.19304687655391256,0.6043942622962206,0.14035572734598134,0.10433672629338553,12
Reweigh_50,0.9,0.8,0.0,0.8467242441602801,0.7991908160526082,3.0952406688789735,0.7519122375586413,1,0.24985399049508616,0,0.8252580310127122,6,0.8803879356235464,6,0.16264733551811272,0.4289240449142867,0.0005578562164580969,0.0037122799886527558,0.16264733551811272,0.4289240449142867,0.010428021521263792,0.0037122799886527558,0.10546929584863418,0.46166033548332375,0.07991677275306197,0.05029774911435719,13
Reweigh_50,0.9,0.8,0.4,0.8408115616183671,0.7991908160526082,3.6865089230702752,0.6758873508224217,3,0.1846061722243438,0,0.7533511205922149,4,0.7907580323816524,5,0.07722374712665969,0.4906922327043697,0.030445423325767496,0.04448868076225909,0.07722374712665969,0.4906922327043697,0.07844636630216809,0.0530346862913378,0.14951840058490495,0.5602195803229038,0.12854618546707597,0.09761105395141073,12
Reweigh_50,0.9,0.8,0.8,0.8388064380141169,0.7991908160526082,3.8870212834952955,0.6273628715585604,4,0.17345382099046622,0,0.7448505621038474,4,0.7846526572214987,4,0.0817047030639263,0.5212639630876095,0.03428710761994769,0.04825252666387214,0.0817047030639263,0.5212639630876095,0.08936350196525764,0.058306282392240616,0.17936007546587662,0.6043942622962206,0.1356838631690106,0.10203160691250057,12
Reweigh_50,0.9,1.0,0.0,0.8479889312853329,0.7991908160526082,2.9687719563736947,0.6919482081484504,3,0.2008718127622431,0,0.8366887914482242,6,0.8111924742243651,6,0.09820611471118745,0.4477127550610215,0.0051344243644247944,0.037047222257505896,0.09820611471118745,0.4477127550610215,0.005992871471165187,0.037047222257505896,0.13380857016398534,0.5045852281035095,0.07536773885591364,0.08238265731823319,15
Reweigh_50,0.9,1.0,0.4,0.840200836639175,0.7991908160526082,3.7475814209894875,0.6758873508224217,3,0.181360821925147,0,0.7507577989472595,4,0.7949302778272955,5,0.07722374712665969,0.4988496223396863,0.030733718551460343,0.043947330413727004,0.07722374712665969,0.4988496223396863,0.08246689825885051,0.05061907265574467,0.14951840058490495,0.57251402649107,0.13065811521150106,0.09592113664477842,12
Reweigh_50,0.9,1.0,0.8,0.8388064380141169,0.7991908160526082,3.8870212834952955,0.6273628715585604,4,0.17345382099046622,0,0.7448505621038474,4,0.7846526572214987,4,0.0817047030639263,0.5212639630876095,0.03428710761994769,0.04825252666387214,0.0817047030639263,0.5212639630876095,0.08936350196525764,0.058306282392240616,0.17936007546587662,0.6043942622962206,0.1356838631690106,0.10203160691250057,12
Reweigh_50,1.0,0.0,0.0,0.7893052868245544,0.7991908160526082,8.83713640245155,0.9912549017512334,3,0.9881348588581057,2,0.9976611205849917,4,0.9743139462128387,5,0.13131146351653245,0.26347793555523025,0.006222346001124923,0.039756363880997125,0.13131146351653245,0.26347793555523025,0.11523154192544559,0.058855077833760525,0.00346942403502859,0.004712556714860039,0.0009282021598602253,0.010378536355766799,14
Reweigh_50,1.0,0.0,0.4,0.8276836768886535,0.7991908160526082,4.999297396041635,0.7510097165830165,1,0.37077011714560915,0,0.8605138163300752,6,0.9278154453406092,6,0.18784051846878302,0.32300544609611703,0.002219568875087563,0.01982220792057321,0.18784051846878302,0.3793737533734072,0.004846198343242902,0.01982220792057321,0.12525905472681714,0.42143076508735944,0.07308053924610303,0.03517406692781899,13
Reweigh_50,1.0,0.0,0.8,0.839784678909991,0.7991908160526082,3.7891971939078894,0.6876333623202842,3,0.21693186445504517,0,0.7431272593961005,4,0.8319571085595329,6,0.048566320410980635,0.46337973155068324,0.045247367646669256,0.024565472149655543,0.048566320410980635,0.4760777857804301,0.08762785619297946,0.037884003612974365,0.15822656160176268,0.572601870445415,0.1404541516092918,0.08064813026370937,13
Reweigh_50,1.0,0.4,0.0,0.8323478862430145,0.7991908160526082,4.532876460605539,0.7161153339901667,1,0.2990771001605858,0,0.9144592603285541,6,0.9547392862996747,6,0.23033452702743695,0.3992513787738154,0.02531186250216111,0.02270577791326711,0.23033452702743695,0.3992513787738154,0.040077487860721,0.030681334974972413,0.12910580284413053,0.42532922358961933,0.039007878309196053,0.019766526559832243,13
Reweigh_50,1.0,0.4,0.4,0.8398549393058273,0.7991908160526082,3.782171154324254,0.7794016297772071,3,0.22440455318417826,0,0.7710080314276521,4,0.828539319615381,6,0.0712937981875551,0.4872533331522264,0.021603625346792388,0.027686872920909544,0.0712937981875551,0.4872533331522264,0.06863555791984867,0.034955712777706274,0.1017655915961409,0.5293866067527011,0.11920892673693201,0.08007547629162887,13
Reweigh_50,1.0,0.4,0.8,0.8395793023683158,0.7991908160526082,3.809734848075408,0.6118220950740736,4,0.17345382099046622,0,0.7401168658187006,4,0.7818937581955011,4,0.0860337073929307,0.5043886228589758,0.03961331413675018,0.05113254476674911,0.0860337073929307,0.5043886228589758,0.0906822776507143,0.058910198012588344,0.19069505644174217,0.6043942622962206,0.13908207819146573,0.10370890758186413,12
Reweigh_50,1.0,0.8,0.0,0.8447515484310313,0.7991908160526082,3.2925102418038588,0.8004781813678522,3,0.24290282560655602,0,0.8427711111830942,6,0.859104058397014,6,0.15376179655297806,0.4340161179075942,0.003932934723245518,0.012211119626237665,0.15376179655297806,0.4340161179075942,0.003932934723245518,0.012526731577128566,0.0871686358113421,0.46897475813691364,0.07258161738481628,0.06091626890476248,15
Reweigh_50,1.0,0.8,0.4,0.8401846227016744,0.7991908160526082,3.7492028147395495,0.6758873508224217,3,0.18143125331230237,0,0.7503074725499765,4,0.7950188339407464,5,0.0787173991057486,0.4984497502987395,0.030935994140422585,0.04386815384998988,0.0787173991057486,0.4984497502987395,0.08281187771865488,0.05059098355712385,0.14951840058490495,0.5722425402980822,0.1309273051175981,0.09586903470360891,12
Reweigh_50,1.0,0.8,0.8,0.8388010333682834,0.7991908160526082,3.8875617480786495,0.6244449047141021,4,0.17345382099046622,0,0.7448345134405253,4,0.7846649838675944,4,0.0860337073929307,0.5213546907232472,0.03430789807297163,0.04823669135112474,0.0860337073929307,0.5213546907232472,0.08936350196525764,0.058306282392240616,0.18076456984789907,0.6043942622962206,0.13569239755833234,0.1020241637780478,12
Reweigh_50,1.0,1.0,0.0,0.8471998529936333,0.7991908160526082,3.0476797855436555,0.6880979602697307,3,0.1999889914314197,0,0.8329144256277107,6,0.8047115203925795,6,0.08956852466220389,0.45070564694280224,0.00044457841831957445,0.04068462088163072,0.08956852466220389,0.45070564694280224,0.006404385081558869,0.04068462088163072,0.13687571811682264,0.5073725351360996,0.07814383471814407,0.0862846808233304,15
Reweigh_50,1.0,1.0,0.4,0.8399306043474971,0.7991908160526082,3.774604650157276,0.6758873508224217,3,0.17978550527510997,0,0.7522820332035098,4,0.7929913452376254,5,0.0787173991057486,0.5031682403819129,0.03015181236929887,0.04473708723394343,0.0787173991057486,0.5031682403819129,0.08172875591567187,0.0520797057840276,0.14951840058490495,0.5786418577042254,0.12996130137239997,0.0970699747679945,12
Reweigh_50,1.0,1.0,0.8,0.8388010333682834,0.7991908160526082,3.8875617480786495,0.6244449047141021,4,0.17345382099046622,0,0.7448345134405253,4,0.7846649838675944,4,0.0860337073929307,0.5213546907232472,0.03430789807297163,0.04823669135112474,0.0860337073929307,0.5213546907232472,0.08936350196525764,0.058306282392240616,0.18076456984789907,0.6043942622962206,0.13569239755833234,0.1020241637780478,12
